2025-06-29T13:50:55.608+03:00 DEBUG 13828 --- [marketplace] [main] org.hibernate.SQL                        : select s1_0.name,s1_0.balance,s1_0.description,s1_0.email,s1_0.in_store_product_id,s1_0.is_active,m1_0.store_name,m1_0.manager_email,m1_0.appointed_by,p1_0.manager_email,p1_0.permission,oa1_0.store_name,oa1_0.email,oa1_0.appointed_by,s1_0.discount_percentage,s1_0.duration_in_days,r1_0.store_name,r1_0.user_id,r1_0.review,r1_0.score from stores s1_0 left join store_managers m1_0 on s1_0.name=m1_0.store_name left join manager_permissions p1_0 on m1_0.manager_email=p1_0.manager_email left join store_owners oa1_0 on s1_0.name=oa1_0.store_name left join store_ratings r1_0 on s1_0.name=r1_0.store_name where s1_0.name=?
2025-06-29T13:50:55.615+03:00 DEBUG 13828 --- [marketplace] [main] org.hibernate.SQL                        : insert into stores (balance,description,email,in_store_product_id,is_active,discount_percentage,duration_in_days,name) values (?,?,?,?,?,?,?,?)
2025-06-29T13:50:55.617+03:00  INFO 13828 --- [marketplace] [main] com.SEGroup.UI.InitFileRunner            : [InitRunner] ✓ Successfully created store: Bamba-Shop
2025-06-29T13:50:55.617+03:00  INFO 13828 --- [marketplace] [main] com.SEGroup.UI.InitFileRunner            : [InitRunner] open-shop patch present – skipped
2025-06-29T13:50:55.617+03:00  INFO 13828 --- [marketplace] [main] com.SEGroup.UI.InitFileRunner            : [InitRunner] Step 9/15: Executing useCase: add-product-to-catalog
2025-06-29T13:50:55.617+03:00  INFO 13828 --- [marketplace] [main] com.SEGroup.UI.InitFileRunner            : [InitRunner] Adding product to catalog: Bamba 80 g Classic (ID: SNACK-001)
2025-06-29T13:50:55.617+03:00  INFO 13828 --- [marketplace] [main] com.SEGroup.Service.LoggerWrapper        : Adding product to catalog: SNACK-001
2025-06-29T13:50:55.618+03:00  INFO 13828 --- [marketplace] [main] com.SEGroup.UI.InitFileRunner            : [InitRunner] ✓ Successfully added to catalog: SNACK-001 -> SNACK-001
2025-06-29T13:50:55.618+03:00  INFO 13828 --- [marketplace] [main] com.SEGroup.UI.InitFileRunner            : [InitRunner] Step 10/15: Executing useCase: add-product-to-store
2025-06-29T13:50:55.618+03:00  INFO 13828 --- [marketplace] [main] com.SEGroup.UI.InitFileRunner            : [InitRunner] Adding product 'Bamba 80 g Classic' (catalog: SNACK-001) to store 'Bamba-Shop' by owner 'u2@example.com'
2025-06-29T13:50:55.622+03:00 DEBUG 13828 --- [marketplace] [main] org.hibernate.SQL                        : select u1_0.email,u1_0.street_address,u1_0.city,u1_0.country,u1_0.zip_code,u1_0.cart_id,u1_0.billing_address,u1_0.card_holder,u1_0.billing_city,u1_0.billing_country,u1_0.encrypted_card_number,u1_0.encrypted_cvv,u1_0.expiry_date,u1_0.id,u1_0.billing_zip_code,u1_0.is_admin,u1_0.password_hash,u1_0.end_time,u1_0.reason,u1_0.start_time,u1_0.user_email,u1_0.username from users u1_0 where u1_0.email=?
2025-06-29T13:50:55.623+03:00 DEBUG 13828 --- [marketplace] [main] org.hibernate.SQL                        : select sr1_0.user_email,sr1_0.store_name,sr1_0.role from user_store_roles sr1_0 where sr1_0.user_email=?
2025-06-29T13:50:55.623+03:00 DEBUG 13828 --- [marketplace] [main] org.hibernate.SQL                        : select ph1_0.user_email,ph1_0.transaction_id from purchase_history ph1_0 where ph1_0.user_email=?
2025-06-29T13:50:55.623+03:00 DEBUG 13828 --- [marketplace] [main] org.hibernate.SQL                        : select ab1_0.user_email,ab1_0.bid_id,ab1_0.product_id,ab1_0.store_name from user_active_bids ab1_0 where ab1_0.user_email=?
2025-06-29T13:50:55.624+03:00 DEBUG 13828 --- [marketplace] [main] org.hibernate.SQL                        : select u1_0.email,ab1_0.user_email,ab1_0.bid_id,ab1_0.product_id,ab1_0.store_name,u1_0.street_address,u1_0.city,u1_0.country,u1_0.zip_code,c1_0.user_id,u1_0.billing_address,u1_0.card_holder,u1_0.billing_city,u1_0.billing_country,u1_0.encrypted_card_number,u1_0.encrypted_cvv,u1_0.expiry_date,u1_0.id,u1_0.billing_zip_code,u1_0.is_admin,u1_0.password_hash,sr1_0.user_email,sr1_0.store_name,sr1_0.role,u1_0.end_time,u1_0.reason,u1_0.start_time,u1_0.user_email,u1_0.username from users u1_0 left join user_active_bids ab1_0 on u1_0.email=ab1_0.user_email left join shopping_cart c1_0 on c1_0.user_id=u1_0.cart_id left join user_store_roles sr1_0 on u1_0.email=sr1_0.user_email where u1_0.email=?
2025-06-29T13:50:55.624+03:00 DEBUG 13828 --- [marketplace] [main] org.hibernate.SQL                        : select ph1_0.user_email,ph1_0.transaction_id from purchase_history ph1_0 where ph1_0.user_email=?
2025-06-29T13:50:55.629+03:00 DEBUG 13828 --- [marketplace] [main] org.hibernate.SQL                        : select u1_0.email,u1_0.street_address,u1_0.city,u1_0.country,u1_0.zip_code,u1_0.cart_id,u1_0.billing_address,u1_0.card_holder,u1_0.billing_city,u1_0.billing_country,u1_0.encrypted_card_number,u1_0.encrypted_cvv,u1_0.expiry_date,u1_0.id,u1_0.billing_zip_code,u1_0.is_admin,u1_0.password_hash,u1_0.end_time,u1_0.reason,u1_0.start_time,u1_0.user_email,u1_0.username from users u1_0 where u1_0.email=?
2025-06-29T13:50:55.629+03:00 DEBUG 13828 --- [marketplace] [main] org.hibernate.SQL                        : select sr1_0.user_email,sr1_0.store_name,sr1_0.role from user_store_roles sr1_0 where sr1_0.user_email=?
2025-06-29T13:50:55.629+03:00 DEBUG 13828 --- [marketplace] [main] org.hibernate.SQL                        : select ph1_0.user_email,ph1_0.transaction_id from purchase_history ph1_0 where ph1_0.user_email=?
2025-06-29T13:50:55.630+03:00 DEBUG 13828 --- [marketplace] [main] org.hibernate.SQL                        : select ab1_0.user_email,ab1_0.bid_id,ab1_0.product_id,ab1_0.store_name from user_active_bids ab1_0 where ab1_0.user_email=?
2025-06-29T13:50:55.631+03:00 DEBUG 13828 --- [marketplace] [main] org.hibernate.SQL                        : select s1_0.name,s1_0.balance,s1_0.description,s1_0.email,s1_0.in_store_product_id,s1_0.is_active,s1_0.discount_percentage,s1_0.duration_in_days from stores s1_0 where s1_0.name=?
2025-06-29T13:50:55.632+03:00 DEBUG 13828 --- [marketplace] [main] org.hibernate.SQL                        : select ritr1_0.store_name,ritr1_0.review_id,ritr1_0.id,ritr1_0.rating,ritr1_0.review_text,ritr1_0.reviewer_id,ritr1_0.reviewer_name,ritr1_0.store_comment from review ritr1_0 where ritr1_0.store_name=?
2025-06-29T13:50:55.632+03:00 DEBUG 13828 --- [marketplace] [main] org.hibernate.SQL                        : select r1_0.store_name,r1_0.user_id,r1_0.review,r1_0.score from store_ratings r1_0 where r1_0.store_name=?
2025-06-29T13:50:55.632+03:00 DEBUG 13828 --- [marketplace] [main] org.hibernate.SQL                        : select p1_0.store_name,p1_0.product_key,p1_0.product_id,a1_0.id,a1_0.end_time,a1_0.ended,hb1_0.id,hb1_0.amount,hb1_0.bidder_email,hb1_0.state,a1_0.starting_price,p1_0.minimum_quantity,p1_0.catalog_id,p1_0.description,p1_0.image_url,p1_0.name,p1_0.price,p1_0.quantity,r1_0.product_id,r1_0.user_id,r1_0.review,r1_0.score from shopping_product p1_0 left join auctions a1_0 on a1_0.id=p1_0.auction_id left join bids hb1_0 on hb1_0.id=a1_0.highest_bid_id left join product_ratings r1_0 on p1_0.product_id=r1_0.product_id where p1_0.store_name=?
2025-06-29T13:50:55.632+03:00 DEBUG 13828 --- [marketplace] [main] org.hibernate.SQL                        : select oa1_0.store_name,oa1_0.email,oa1_0.appointed_by from store_owners oa1_0 where oa1_0.store_name=?
2025-06-29T13:50:55.632+03:00 DEBUG 13828 --- [marketplace] [main] org.hibernate.SQL                        : select m1_0.store_name,m1_0.manager_email,m1_0.appointed_by,p1_0.manager_email,p1_0.permission from store_managers m1_0 left join manager_permissions p1_0 on m1_0.manager_email=p1_0.manager_email where m1_0.store_name=?
2025-06-29T13:50:55.635+03:00 DEBUG 13828 --- [marketplace] [main] org.hibernate.SQL                        : select s1_0.name,s1_0.balance,s1_0.description,s1_0.email,s1_0.in_store_product_id,s1_0.is_active,m1_0.store_name,m1_0.manager_email,m1_0.appointed_by,p1_0.manager_email,p1_0.permission,oa1_0.store_name,oa1_0.email,oa1_0.appointed_by,s1_0.discount_percentage,s1_0.duration_in_days,r1_0.store_name,r1_0.user_id,r1_0.review,r1_0.score from stores s1_0 left join store_managers m1_0 on s1_0.name=m1_0.store_name left join manager_permissions p1_0 on m1_0.manager_email=p1_0.manager_email left join store_owners oa1_0 on s1_0.name=oa1_0.store_name left join store_ratings r1_0 on s1_0.name=r1_0.store_name where s1_0.name=?
2025-06-29T13:50:55.637+03:00 DEBUG 13828 --- [marketplace] [main] org.hibernate.SQL                        : select ritr1_0.store_name,ritr1_0.review_id,ritr1_0.id,ritr1_0.rating,ritr1_0.review_text,ritr1_0.reviewer_id,ritr1_0.reviewer_name,ritr1_0.store_comment from review ritr1_0 where ritr1_0.store_name=?
2025-06-29T13:50:55.637+03:00 DEBUG 13828 --- [marketplace] [main] org.hibernate.SQL                        : select p1_0.store_name,p1_0.product_key,p1_0.product_id,a1_0.id,a1_0.end_time,a1_0.ended,hb1_0.id,hb1_0.amount,hb1_0.bidder_email,hb1_0.state,a1_0.starting_price,p1_0.minimum_quantity,p1_0.catalog_id,p1_0.description,p1_0.image_url,p1_0.name,p1_0.price,p1_0.quantity,r1_0.product_id,r1_0.user_id,r1_0.review,r1_0.score from shopping_product p1_0 left join auctions a1_0 on a1_0.id=p1_0.auction_id left join bids hb1_0 on hb1_0.id=a1_0.highest_bid_id left join product_ratings r1_0 on p1_0.product_id=r1_0.product_id where p1_0.store_name=?
2025-06-29T13:50:55.638+03:00 DEBUG 13828 --- [marketplace] [main] org.hibernate.SQL                        : select sp1_0.product_id,a1_0.id,a1_0.end_time,a1_0.ended,hb1_0.id,hb1_0.amount,hb1_0.bidder_email,hb1_0.state,a1_0.starting_price,sp1_0.minimum_quantity,sp1_0.catalog_id,sp1_0.description,sp1_0.image_url,sp1_0.name,sp1_0.price,sp1_0.quantity,r1_0.product_id,r1_0.user_id,r1_0.review,r1_0.score,sp1_0.store_name from shopping_product sp1_0 left join auctions a1_0 on a1_0.id=sp1_0.auction_id left join bids hb1_0 on hb1_0.id=a1_0.highest_bid_id left join product_ratings r1_0 on sp1_0.product_id=r1_0.product_id where sp1_0.product_id=?
2025-06-29T13:50:55.640+03:00 DEBUG 13828 --- [marketplace] [main] org.hibernate.SQL                        : insert into shopping_product (auction_id,minimum_quantity,catalog_id,description,image_url,name,price,quantity,store_name,product_id) values (?,?,?,?,?,?,?,?,?,?)
2025-06-29T13:50:55.642+03:00 DEBUG 13828 --- [marketplace] [main] org.hibernate.SQL                        : update stores set balance=?,description=?,email=?,in_store_product_id=?,is_active=?,discount_percentage=?,duration_in_days=? where name=?
2025-06-29T13:50:55.643+03:00 DEBUG 13828 --- [marketplace] [main] org.hibernate.SQL                        : update shopping_product set store_name=?,product_key=? where product_id=?
2025-06-29T13:50:55.643+03:00 DEBUG 13828 --- [marketplace] [main] org.hibernate.SQL                        : insert into product_categories (product_id,category) values (?,?)
2025-06-29T13:50:55.644+03:00 DEBUG 13828 --- [marketplace] [main] org.hibernate.SQL                        : insert into product_categories (product_id,category) values (?,?)
2025-06-29T13:50:55.645+03:00  INFO 13828 --- [marketplace] [main] com.SEGroup.Service.LoggerWrapper        : Added product to store: Bamba-Shop, Product ID: 0_Bamba-Shop
2025-06-29T13:50:55.645+03:00  INFO 13828 --- [marketplace] [main] com.SEGroup.UI.InitFileRunner            : [InitRunner] ✓ Successfully added product to store: Bamba 80 g Classic (product ID: 0_Bamba-Shop)
2025-06-29T13:50:55.645+03:00  INFO 13828 --- [marketplace] [main] com.SEGroup.UI.InitFileRunner            : [InitRunner] Step 11/15: Executing useCase: appoint-owner
2025-06-29T13:50:55.645+03:00  INFO 13828 --- [marketplace] [main] com.SEGroup.UI.InitFileRunner            : [InitRunner] Appointing 'u3@example.com' as owner of store 'Bamba-Shop' by current owner 'u2@example.com'
2025-06-29T13:50:55.650+03:00 DEBUG 13828 --- [marketplace] [main] org.hibernate.SQL                        : select u1_0.email,u1_0.street_address,u1_0.city,u1_0.country,u1_0.zip_code,u1_0.cart_id,u1_0.billing_address,u1_0.card_holder,u1_0.billing_city,u1_0.billing_country,u1_0.encrypted_card_number,u1_0.encrypted_cvv,u1_0.expiry_date,u1_0.id,u1_0.billing_zip_code,u1_0.is_admin,u1_0.password_hash,u1_0.end_time,u1_0.reason,u1_0.start_time,u1_0.user_email,u1_0.username from users u1_0 where u1_0.email=?
2025-06-29T13:50:55.651+03:00 DEBUG 13828 --- [marketplace] [main] org.hibernate.SQL                        : select sr1_0.user_email,sr1_0.store_name,sr1_0.role from user_store_roles sr1_0 where sr1_0.user_email=?
2025-06-29T13:50:55.652+03:00 DEBUG 13828 --- [marketplace] [main] org.hibernate.SQL                        : select ph1_0.user_email,ph1_0.transaction_id from purchase_history ph1_0 where ph1_0.user_email=?
2025-06-29T13:50:55.652+03:00 DEBUG 13828 --- [marketplace] [main] org.hibernate.SQL                        : select ab1_0.user_email,ab1_0.bid_id,ab1_0.product_id,ab1_0.store_name from user_active_bids ab1_0 where ab1_0.user_email=?
2025-06-29T13:50:55.653+03:00 DEBUG 13828 --- [marketplace] [main] org.hibernate.SQL                        : select u1_0.email,ab1_0.user_email,ab1_0.bid_id,ab1_0.product_id,ab1_0.store_name,u1_0.street_address,u1_0.city,u1_0.country,u1_0.zip_code,c1_0.user_id,u1_0.billing_address,u1_0.card_holder,u1_0.billing_city,u1_0.billing_country,u1_0.encrypted_card_number,u1_0.encrypted_cvv,u1_0.expiry_date,u1_0.id,u1_0.billing_zip_code,u1_0.is_admin,u1_0.password_hash,sr1_0.user_email,sr1_0.store_name,sr1_0.role,u1_0.end_time,u1_0.reason,u1_0.start_time,u1_0.user_email,u1_0.username from users u1_0 left join user_active_bids ab1_0 on u1_0.email=ab1_0.user_email left join shopping_cart c1_0 on c1_0.user_id=u1_0.cart_id left join user_store_roles sr1_0 on u1_0.email=sr1_0.user_email where u1_0.email=?
2025-06-29T13:50:55.653+03:00 DEBUG 13828 --- [marketplace] [main] org.hibernate.SQL                        : select ph1_0.user_email,ph1_0.transaction_id from purchase_history ph1_0 where ph1_0.user_email=?
2025-06-29T13:50:55.659+03:00 DEBUG 13828 --- [marketplace] [main] org.hibernate.SQL                        : select u1_0.email,u1_0.street_address,u1_0.city,u1_0.country,u1_0.zip_code,u1_0.cart_id,u1_0.billing_address,u1_0.card_holder,u1_0.billing_city,u1_0.billing_country,u1_0.encrypted_card_number,u1_0.encrypted_cvv,u1_0.expiry_date,u1_0.id,u1_0.billing_zip_code,u1_0.is_admin,u1_0.password_hash,u1_0.end_time,u1_0.reason,u1_0.start_time,u1_0.user_email,u1_0.username from users u1_0 where u1_0.email=?
2025-06-29T13:50:55.660+03:00 DEBUG 13828 --- [marketplace] [main] org.hibernate.SQL                        : select sr1_0.user_email,sr1_0.store_name,sr1_0.role from user_store_roles sr1_0 where sr1_0.user_email=?
2025-06-29T13:50:55.660+03:00 DEBUG 13828 --- [marketplace] [main] org.hibernate.SQL                        : select ph1_0.user_email,ph1_0.transaction_id from purchase_history ph1_0 where ph1_0.user_email=?
2025-06-29T13:50:55.660+03:00 DEBUG 13828 --- [marketplace] [main] org.hibernate.SQL                        : select ab1_0.user_email,ab1_0.bid_id,ab1_0.product_id,ab1_0.store_name from user_active_bids ab1_0 where ab1_0.user_email=?
2025-06-29T13:50:55.662+03:00 DEBUG 13828 --- [marketplace] [main] org.hibernate.SQL                        : select s1_0.name,s1_0.balance,s1_0.description,s1_0.email,s1_0.in_store_product_id,s1_0.is_active,s1_0.discount_percentage,s1_0.duration_in_days from stores s1_0 where s1_0.name=?
2025-06-29T13:50:55.663+03:00 DEBUG 13828 --- [marketplace] [main] org.hibernate.SQL                        : select ritr1_0.store_name,ritr1_0.review_id,ritr1_0.id,ritr1_0.rating,ritr1_0.review_text,ritr1_0.reviewer_id,ritr1_0.reviewer_name,ritr1_0.store_comment from review ritr1_0 where ritr1_0.store_name=?
2025-06-29T13:50:55.663+03:00 DEBUG 13828 --- [marketplace] [main] org.hibernate.SQL                        : select r1_0.store_name,r1_0.user_id,r1_0.review,r1_0.score from store_ratings r1_0 where r1_0.store_name=?
2025-06-29T13:50:55.664+03:00 DEBUG 13828 --- [marketplace] [main] org.hibernate.SQL                        : select p1_0.store_name,p1_0.product_key,p1_0.product_id,a1_0.id,a1_0.end_time,a1_0.ended,hb1_0.id,hb1_0.amount,hb1_0.bidder_email,hb1_0.state,a1_0.starting_price,p1_0.minimum_quantity,p1_0.catalog_id,p1_0.description,p1_0.image_url,p1_0.name,p1_0.price,p1_0.quantity,r1_0.product_id,r1_0.user_id,r1_0.review,r1_0.score from shopping_product p1_0 left join auctions a1_0 on a1_0.id=p1_0.auction_id left join bids hb1_0 on hb1_0.id=a1_0.highest_bid_id left join product_ratings r1_0 on p1_0.product_id=r1_0.product_id where p1_0.store_name=?
2025-06-29T13:50:55.664+03:00 DEBUG 13828 --- [marketplace] [main] org.hibernate.SQL                        : select c1_0.product_id,c1_0.category from product_categories c1_0 where c1_0.product_id=?
2025-06-29T13:50:55.664+03:00 DEBUG 13828 --- [marketplace] [main] org.hibernate.SQL                        : select b1_0.product_id,b1_0.id,b1_0.amount,b1_0.bidder_email,b1_0.state from bids b1_0 where b1_0.product_id=?
2025-06-29T13:50:55.665+03:00 DEBUG 13828 --- [marketplace] [main] org.hibernate.SQL                        : select oa1_0.store_name,oa1_0.email,oa1_0.appointed_by from store_owners oa1_0 where oa1_0.store_name=?
2025-06-29T13:50:55.665+03:00 DEBUG 13828 --- [marketplace] [main] org.hibernate.SQL                        : select m1_0.store_name,m1_0.manager_email,m1_0.appointed_by,p1_0.manager_email,p1_0.permission from store_managers m1_0 left join manager_permissions p1_0 on m1_0.manager_email=p1_0.manager_email where m1_0.store_name=?
2025-06-29T13:50:55.667+03:00 DEBUG 13828 --- [marketplace] [main] org.hibernate.SQL                        : select s1_0.name,s1_0.balance,s1_0.description,s1_0.email,s1_0.in_store_product_id,s1_0.is_active,m1_0.store_name,m1_0.manager_email,m1_0.appointed_by,p1_0.manager_email,p1_0.permission,oa1_0.store_name,oa1_0.email,oa1_0.appointed_by,s1_0.discount_percentage,s1_0.duration_in_days,r1_0.store_name,r1_0.user_id,r1_0.review,r1_0.score from stores s1_0 left join store_managers m1_0 on s1_0.name=m1_0.store_name left join manager_permissions p1_0 on m1_0.manager_email=p1_0.manager_email left join store_owners oa1_0 on s1_0.name=oa1_0.store_name left join store_ratings r1_0 on s1_0.name=r1_0.store_name where s1_0.name=?
2025-06-29T13:50:55.668+03:00 DEBUG 13828 --- [marketplace] [main] org.hibernate.SQL                        : select ritr1_0.store_name,ritr1_0.review_id,ritr1_0.id,ritr1_0.rating,ritr1_0.review_text,ritr1_0.reviewer_id,ritr1_0.reviewer_name,ritr1_0.store_comment from review ritr1_0 where ritr1_0.store_name=?
2025-06-29T13:50:55.668+03:00 DEBUG 13828 --- [marketplace] [main] org.hibernate.SQL                        : select p1_0.store_name,p1_0.product_key,p1_0.product_id,a1_0.id,a1_0.end_time,a1_0.ended,hb1_0.id,hb1_0.amount,hb1_0.bidder_email,hb1_0.state,a1_0.starting_price,p1_0.minimum_quantity,p1_0.catalog_id,p1_0.description,p1_0.image_url,p1_0.name,p1_0.price,p1_0.quantity,r1_0.product_id,r1_0.user_id,r1_0.review,r1_0.score from shopping_product p1_0 left join auctions a1_0 on a1_0.id=p1_0.auction_id left join bids hb1_0 on hb1_0.id=a1_0.highest_bid_id left join product_ratings r1_0 on p1_0.product_id=r1_0.product_id where p1_0.store_name=?
2025-06-29T13:50:55.669+03:00 DEBUG 13828 --- [marketplace] [main] org.hibernate.SQL                        : select c1_0.product_id,c1_0.category from product_categories c1_0 where c1_0.product_id=?
2025-06-29T13:50:55.669+03:00 DEBUG 13828 --- [marketplace] [main] org.hibernate.SQL                        : select b1_0.product_id,b1_0.id,b1_0.amount,b1_0.bidder_email,b1_0.state from bids b1_0 where b1_0.product_id=?
2025-06-29T13:50:55.670+03:00 DEBUG 13828 --- [marketplace] [main] org.hibernate.SQL                        : insert into store_owners (store_name,email,appointed_by) values (?,?,?)
2025-06-29T13:50:55.672+03:00 DEBUG 13828 --- [marketplace] [main] org.hibernate.SQL                        : select u1_0.email,u1_0.street_address,u1_0.city,u1_0.country,u1_0.zip_code,u1_0.cart_id,u1_0.billing_address,u1_0.card_holder,u1_0.billing_city,u1_0.billing_country,u1_0.encrypted_card_number,u1_0.encrypted_cvv,u1_0.expiry_date,u1_0.id,u1_0.billing_zip_code,u1_0.is_admin,u1_0.password_hash,u1_0.end_time,u1_0.reason,u1_0.start_time,u1_0.user_email,u1_0.username from users u1_0 where u1_0.email=?
2025-06-29T13:50:55.673+03:00 DEBUG 13828 --- [marketplace] [main] org.hibernate.SQL                        : select sr1_0.user_email,sr1_0.store_name,sr1_0.role from user_store_roles sr1_0 where sr1_0.user_email=?
2025-06-29T13:50:55.673+03:00 DEBUG 13828 --- [marketplace] [main] org.hibernate.SQL                        : select ph1_0.user_email,ph1_0.transaction_id from purchase_history ph1_0 where ph1_0.user_email=?
2025-06-29T13:50:55.674+03:00 DEBUG 13828 --- [marketplace] [main] org.hibernate.SQL                        : select ab1_0.user_email,ab1_0.bid_id,ab1_0.product_id,ab1_0.store_name from user_active_bids ab1_0 where ab1_0.user_email=?
2025-06-29T13:50:55.675+03:00 DEBUG 13828 --- [marketplace] [main] org.hibernate.SQL                        : select u1_0.email,ab1_0.user_email,ab1_0.bid_id,ab1_0.product_id,ab1_0.store_name,u1_0.street_address,u1_0.city,u1_0.country,u1_0.zip_code,c1_0.user_id,u1_0.billing_address,u1_0.card_holder,u1_0.billing_city,u1_0.billing_country,u1_0.encrypted_card_number,u1_0.encrypted_cvv,u1_0.expiry_date,u1_0.id,u1_0.billing_zip_code,u1_0.is_admin,u1_0.password_hash,sr1_0.user_email,sr1_0.store_name,sr1_0.role,u1_0.end_time,u1_0.reason,u1_0.start_time,u1_0.user_email,u1_0.username from users u1_0 left join user_active_bids ab1_0 on u1_0.email=ab1_0.user_email left join shopping_cart c1_0 on c1_0.user_id=u1_0.cart_id left join user_store_roles sr1_0 on u1_0.email=sr1_0.user_email where u1_0.email=?
2025-06-29T13:50:55.676+03:00 DEBUG 13828 --- [marketplace] [main] org.hibernate.SQL                        : select ph1_0.user_email,ph1_0.transaction_id from purchase_history ph1_0 where ph1_0.user_email=?
2025-06-29T13:50:55.679+03:00 DEBUG 13828 --- [marketplace] [main] org.hibernate.SQL                        : insert into user_store_roles (user_email,store_name,role) values (?,?,?)
2025-06-29T13:50:55.680+03:00  INFO 13828 --- [marketplace] [main] com.SEGroup.Service.LoggerWrapper        : Appointed new owner for store: Bamba-Shop, New Owner: u3@example.com
2025-06-29T13:50:55.681+03:00  INFO 13828 --- [marketplace] [main] com.SEGroup.UI.InitFileRunner            : [InitRunner] ✓ Successfully appointed 'u3@example.com' as owner of 'Bamba-Shop'
2025-06-29T13:50:55.681+03:00  INFO 13828 --- [marketplace] [main] com.SEGroup.UI.InitFileRunner            : [InitRunner] Step 12/15: Executing useCase: appoint-manager
2025-06-29T13:50:55.681+03:00  INFO 13828 --- [marketplace] [main] com.SEGroup.UI.InitFileRunner            : [InitRunner] Appointing 'u4@example.com' as manager of store 'Bamba-Shop' with permissions: [VIEW_ONLY, MANAGE_PRODUCTS] by owner 'u2@example.com'
2025-06-29T13:50:55.688+03:00 DEBUG 13828 --- [marketplace] [main] org.hibernate.SQL                        : select u1_0.email,u1_0.street_address,u1_0.city,u1_0.country,u1_0.zip_code,u1_0.cart_id,u1_0.billing_address,u1_0.card_holder,u1_0.billing_city,u1_0.billing_country,u1_0.encrypted_card_number,u1_0.encrypted_cvv,u1_0.expiry_date,u1_0.id,u1_0.billing_zip_code,u1_0.is_admin,u1_0.password_hash,u1_0.end_time,u1_0.reason,u1_0.start_time,u1_0.user_email,u1_0.username from users u1_0 where u1_0.email=?
2025-06-29T13:50:55.689+03:00 DEBUG 13828 --- [marketplace] [main] org.hibernate.SQL                        : select sr1_0.user_email,sr1_0.store_name,sr1_0.role from user_store_roles sr1_0 where sr1_0.user_email=?
2025-06-29T13:50:55.689+03:00 DEBUG 13828 --- [marketplace] [main] org.hibernate.SQL                        : select ph1_0.user_email,ph1_0.transaction_id from purchase_history ph1_0 where ph1_0.user_email=?
2025-06-29T13:50:55.689+03:00 DEBUG 13828 --- [marketplace] [main] org.hibernate.SQL                        : select ab1_0.user_email,ab1_0.bid_id,ab1_0.product_id,ab1_0.store_name from user_active_bids ab1_0 where ab1_0.user_email=?
2025-06-29T13:50:55.690+03:00 DEBUG 13828 --- [marketplace] [main] org.hibernate.SQL                        : select u1_0.email,ab1_0.user_email,ab1_0.bid_id,ab1_0.product_id,ab1_0.store_name,u1_0.street_address,u1_0.city,u1_0.country,u1_0.zip_code,c1_0.user_id,u1_0.billing_address,u1_0.card_holder,u1_0.billing_city,u1_0.billing_country,u1_0.encrypted_card_number,u1_0.encrypted_cvv,u1_0.expiry_date,u1_0.id,u1_0.billing_zip_code,u1_0.is_admin,u1_0.password_hash,sr1_0.user_email,sr1_0.store_name,sr1_0.role,u1_0.end_time,u1_0.reason,u1_0.start_time,u1_0.user_email,u1_0.username from users u1_0 left join user_active_bids ab1_0 on u1_0.email=ab1_0.user_email left join shopping_cart c1_0 on c1_0.user_id=u1_0.cart_id left join user_store_roles sr1_0 on u1_0.email=sr1_0.user_email where u1_0.email=?
2025-06-29T13:50:55.691+03:00 DEBUG 13828 --- [marketplace] [main] org.hibernate.SQL                        : select ph1_0.user_email,ph1_0.transaction_id from purchase_history ph1_0 where ph1_0.user_email=?
2025-06-29T13:50:55.698+03:00 DEBUG 13828 --- [marketplace] [main] org.hibernate.SQL                        : select u1_0.email,u1_0.street_address,u1_0.city,u1_0.country,u1_0.zip_code,u1_0.cart_id,u1_0.billing_address,u1_0.card_holder,u1_0.billing_city,u1_0.billing_country,u1_0.encrypted_card_number,u1_0.encrypted_cvv,u1_0.expiry_date,u1_0.id,u1_0.billing_zip_code,u1_0.is_admin,u1_0.password_hash,u1_0.end_time,u1_0.reason,u1_0.start_time,u1_0.user_email,u1_0.username from users u1_0 where u1_0.email=?
2025-06-29T13:50:55.699+03:00 DEBUG 13828 --- [marketplace] [main] org.hibernate.SQL                        : select sr1_0.user_email,sr1_0.store_name,sr1_0.role from user_store_roles sr1_0 where sr1_0.user_email=?
2025-06-29T13:50:55.700+03:00 DEBUG 13828 --- [marketplace] [main] org.hibernate.SQL                        : select ph1_0.user_email,ph1_0.transaction_id from purchase_history ph1_0 where ph1_0.user_email=?
2025-06-29T13:50:55.700+03:00 DEBUG 13828 --- [marketplace] [main] org.hibernate.SQL                        : select ab1_0.user_email,ab1_0.bid_id,ab1_0.product_id,ab1_0.store_name from user_active_bids ab1_0 where ab1_0.user_email=?
2025-06-29T13:50:55.701+03:00 DEBUG 13828 --- [marketplace] [main] org.hibernate.SQL                        : select s1_0.name,s1_0.balance,s1_0.description,s1_0.email,s1_0.in_store_product_id,s1_0.is_active,s1_0.discount_percentage,s1_0.duration_in_days from stores s1_0 where s1_0.name=?
2025-06-29T13:50:55.703+03:00 DEBUG 13828 --- [marketplace] [main] org.hibernate.SQL                        : select ritr1_0.store_name,ritr1_0.review_id,ritr1_0.id,ritr1_0.rating,ritr1_0.review_text,ritr1_0.reviewer_id,ritr1_0.reviewer_name,ritr1_0.store_comment from review ritr1_0 where ritr1_0.store_name=?
2025-06-29T13:50:55.703+03:00 DEBUG 13828 --- [marketplace] [main] org.hibernate.SQL                        : select r1_0.store_name,r1_0.user_id,r1_0.review,r1_0.score from store_ratings r1_0 where r1_0.store_name=?
2025-06-29T13:50:55.703+03:00 DEBUG 13828 --- [marketplace] [main] org.hibernate.SQL                        : select p1_0.store_name,p1_0.product_key,p1_0.product_id,a1_0.id,a1_0.end_time,a1_0.ended,hb1_0.id,hb1_0.amount,hb1_0.bidder_email,hb1_0.state,a1_0.starting_price,p1_0.minimum_quantity,p1_0.catalog_id,p1_0.description,p1_0.image_url,p1_0.name,p1_0.price,p1_0.quantity,r1_0.product_id,r1_0.user_id,r1_0.review,r1_0.score from shopping_product p1_0 left join auctions a1_0 on a1_0.id=p1_0.auction_id left join bids hb1_0 on hb1_0.id=a1_0.highest_bid_id left join product_ratings r1_0 on p1_0.product_id=r1_0.product_id where p1_0.store_name=?
2025-06-29T13:50:55.704+03:00 DEBUG 13828 --- [marketplace] [main] org.hibernate.SQL                        : select c1_0.product_id,c1_0.category from product_categories c1_0 where c1_0.product_id=?
2025-06-29T13:50:55.705+03:00 DEBUG 13828 --- [marketplace] [main] org.hibernate.SQL                        : select b1_0.product_id,b1_0.id,b1_0.amount,b1_0.bidder_email,b1_0.state from bids b1_0 where b1_0.product_id=?
2025-06-29T13:50:55.705+03:00 DEBUG 13828 --- [marketplace] [main] org.hibernate.SQL                        : select oa1_0.store_name,oa1_0.email,oa1_0.appointed_by from store_owners oa1_0 where oa1_0.store_name=?
2025-06-29T13:50:55.706+03:00 DEBUG 13828 --- [marketplace] [main] org.hibernate.SQL                        : select m1_0.store_name,m1_0.manager_email,m1_0.appointed_by,p1_0.manager_email,p1_0.permission from store_managers m1_0 left join manager_permissions p1_0 on m1_0.manager_email=p1_0.manager_email where m1_0.store_name=?
2025-06-29T13:50:55.707+03:00 DEBUG 13828 --- [marketplace] [main] org.hibernate.SQL                        : select s1_0.name,s1_0.balance,s1_0.description,s1_0.email,s1_0.in_store_product_id,s1_0.is_active,m1_0.store_name,m1_0.manager_email,m1_0.appointed_by,p1_0.manager_email,p1_0.permission,oa1_0.store_name,oa1_0.email,oa1_0.appointed_by,s1_0.discount_percentage,s1_0.duration_in_days,r1_0.store_name,r1_0.user_id,r1_0.review,r1_0.score from stores s1_0 left join store_managers m1_0 on s1_0.name=m1_0.store_name left join manager_permissions p1_0 on m1_0.manager_email=p1_0.manager_email left join store_owners oa1_0 on s1_0.name=oa1_0.store_name left join store_ratings r1_0 on s1_0.name=r1_0.store_name where s1_0.name=?
2025-06-29T13:50:55.707+03:00 DEBUG 13828 --- [marketplace] [main] org.hibernate.SQL                        : select ritr1_0.store_name,ritr1_0.review_id,ritr1_0.id,ritr1_0.rating,ritr1_0.review_text,ritr1_0.reviewer_id,ritr1_0.reviewer_name,ritr1_0.store_comment from review ritr1_0 where ritr1_0.store_name=?
2025-06-29T13:50:55.707+03:00 DEBUG 13828 --- [marketplace] [main] org.hibernate.SQL                        : select p1_0.store_name,p1_0.product_key,p1_0.product_id,a1_0.id,a1_0.end_time,a1_0.ended,hb1_0.id,hb1_0.amount,hb1_0.bidder_email,hb1_0.state,a1_0.starting_price,p1_0.minimum_quantity,p1_0.catalog_id,p1_0.description,p1_0.image_url,p1_0.name,p1_0.price,p1_0.quantity,r1_0.product_id,r1_0.user_id,r1_0.review,r1_0.score from shopping_product p1_0 left join auctions a1_0 on a1_0.id=p1_0.auction_id left join bids hb1_0 on hb1_0.id=a1_0.highest_bid_id left join product_ratings r1_0 on p1_0.product_id=r1_0.product_id where p1_0.store_name=?
2025-06-29T13:50:55.708+03:00 DEBUG 13828 --- [marketplace] [main] org.hibernate.SQL                        : select c1_0.product_id,c1_0.category from product_categories c1_0 where c1_0.product_id=?
2025-06-29T13:50:55.708+03:00 DEBUG 13828 --- [marketplace] [main] org.hibernate.SQL                        : select b1_0.product_id,b1_0.id,b1_0.amount,b1_0.bidder_email,b1_0.state from bids b1_0 where b1_0.product_id=?
2025-06-29T13:50:55.708+03:00 DEBUG 13828 --- [marketplace] [main] org.hibernate.SQL                        : select md1_0.manager_email,md1_0.appointed_by,p1_0.manager_email,p1_0.permission from store_managers md1_0 left join manager_permissions p1_0 on md1_0.manager_email=p1_0.manager_email where md1_0.manager_email=?
2025-06-29T13:50:55.709+03:00 DEBUG 13828 --- [marketplace] [main] org.hibernate.SQL                        : insert into store_managers (appointed_by,manager_email) values (?,?)
2025-06-29T13:50:55.710+03:00 DEBUG 13828 --- [marketplace] [main] org.hibernate.SQL                        : update store_managers set store_name=? where manager_email=?
2025-06-29T13:50:55.711+03:00 DEBUG 13828 --- [marketplace] [main] org.hibernate.SQL                        : insert into manager_permissions (manager_email,permission) values (?,?)
2025-06-29T13:50:55.712+03:00 DEBUG 13828 --- [marketplace] [main] org.hibernate.SQL                        : insert into manager_permissions (manager_email,permission) values (?,?)
2025-06-29T13:50:55.714+03:00 DEBUG 13828 --- [marketplace] [main] org.hibernate.SQL                        : select u1_0.email,u1_0.street_address,u1_0.city,u1_0.country,u1_0.zip_code,u1_0.cart_id,u1_0.billing_address,u1_0.card_holder,u1_0.billing_city,u1_0.billing_country,u1_0.encrypted_card_number,u1_0.encrypted_cvv,u1_0.expiry_date,u1_0.id,u1_0.billing_zip_code,u1_0.is_admin,u1_0.password_hash,u1_0.end_time,u1_0.reason,u1_0.start_time,u1_0.user_email,u1_0.username from users u1_0 where u1_0.email=?
2025-06-29T13:50:55.715+03:00 DEBUG 13828 --- [marketplace] [main] org.hibernate.SQL                        : select sr1_0.user_email,sr1_0.store_name,sr1_0.role from user_store_roles sr1_0 where sr1_0.user_email=?
2025-06-29T13:50:55.715+03:00 DEBUG 13828 --- [marketplace] [main] org.hibernate.SQL                        : select ph1_0.user_email,ph1_0.transaction_id from purchase_history ph1_0 where ph1_0.user_email=?
2025-06-29T13:50:55.715+03:00 DEBUG 13828 --- [marketplace] [main] org.hibernate.SQL                        : select ab1_0.user_email,ab1_0.bid_id,ab1_0.product_id,ab1_0.store_name from user_active_bids ab1_0 where ab1_0.user_email=?
2025-06-29T13:50:55.716+03:00 DEBUG 13828 --- [marketplace] [main] org.hibernate.SQL                        : select u1_0.email,ab1_0.user_email,ab1_0.bid_id,ab1_0.product_id,ab1_0.store_name,u1_0.street_address,u1_0.city,u1_0.country,u1_0.zip_code,c1_0.user_id,u1_0.billing_address,u1_0.card_holder,u1_0.billing_city,u1_0.billing_country,u1_0.encrypted_card_number,u1_0.encrypted_cvv,u1_0.expiry_date,u1_0.id,u1_0.billing_zip_code,u1_0.is_admin,u1_0.password_hash,sr1_0.user_email,sr1_0.store_name,sr1_0.role,u1_0.end_time,u1_0.reason,u1_0.start_time,u1_0.user_email,u1_0.username from users u1_0 left join user_active_bids ab1_0 on u1_0.email=ab1_0.user_email left join shopping_cart c1_0 on c1_0.user_id=u1_0.cart_id left join user_store_roles sr1_0 on u1_0.email=sr1_0.user_email where u1_0.email=?
2025-06-29T13:50:55.717+03:00 DEBUG 13828 --- [marketplace] [main] org.hibernate.SQL                        : select ph1_0.user_email,ph1_0.transaction_id from purchase_history ph1_0 where ph1_0.user_email=?
2025-06-29T13:50:55.717+03:00 DEBUG 13828 --- [marketplace] [main] org.hibernate.SQL                        : insert into user_store_roles (user_email,store_name,role) values (?,?,?)
2025-06-29T13:50:55.725+03:00  WARN 13828 --- [marketplace] [main] o.h.engine.jdbc.spi.SqlExceptionHelper   : SQL Error: 22001, SQLState: 22001
2025-06-29T13:50:55.725+03:00 ERROR 13828 --- [marketplace] [main] o.h.engine.jdbc.spi.SqlExceptionHelper   : Value too long for column "ROLE BINARY VARYING(255)": "X'aced0005737200246a6176612e7574696c2e456e756d5365742453657269616c697a6174696f6e... (256)"; SQL statement:
insert into user_store_roles (user_email,store_name,role) values (?,?,?) [22001-232]
2025-06-29T13:50:55.737+03:00 ERROR 13828 --- [marketplace] [main] com.SEGroup.Service.LoggerWrapper        : updateUser

org.springframework.dao.DataIntegrityViolationException: could not execute statement [Value too long for column "ROLE BINARY VARYING(255)": "X'aced0005737200246a6176612e7574696c2e456e756d5365742453657269616c697a6174696f6e... (256)"; SQL statement:
insert into user_store_roles (user_email,store_name,role) values (?,?,?) [22001-232]] [insert into user_store_roles (user_email,store_name,role) values (?,?,?)]; SQL [insert into user_store_roles (user_email,store_name,role) values (?,?,?)]
	at org.springframework.orm.jpa.vendor.HibernateJpaDialect.convertHibernateAccessException(HibernateJpaDialect.java:293) ~[spring-orm-6.2.5.jar:6.2.5]
	at org.springframework.orm.jpa.vendor.HibernateJpaDialect.translateExceptionIfPossible(HibernateJpaDialect.java:241) ~[spring-orm-6.2.5.jar:6.2.5]
	at org.springframework.orm.jpa.JpaTransactionManager.doCommit(JpaTransactionManager.java:566) ~[spring-orm-6.2.5.jar:6.2.5]
	at org.springframework.transaction.support.AbstractPlatformTransactionManager.processCommit(AbstractPlatformTransactionManager.java:795) ~[spring-tx-6.2.5.jar:6.2.5]
	at org.springframework.transaction.support.AbstractPlatformTransactionManager.commit(AbstractPlatformTransactionManager.java:758) ~[spring-tx-6.2.5.jar:6.2.5]
	at org.springframework.transaction.interceptor.TransactionAspectSupport.commitTransactionAfterReturning(TransactionAspectSupport.java:698) ~[spring-tx-6.2.5.jar:6.2.5]
	at org.springframework.transaction.interceptor.TransactionAspectSupport.invokeWithinTransaction(TransactionAspectSupport.java:416) ~[spring-tx-6.2.5.jar:6.2.5]
	at org.springframework.transaction.interceptor.TransactionInterceptor.invoke(TransactionInterceptor.java:119) ~[spring-tx-6.2.5.jar:6.2.5]
	at org.springframework.aop.framework.ReflectiveMethodInvocation.proceed(ReflectiveMethodInvocation.java:184) ~[spring-aop-6.2.5.jar:6.2.5]
	at org.springframework.dao.support.PersistenceExceptionTranslationInterceptor.invoke(PersistenceExceptionTranslationInterceptor.java:138) ~[spring-tx-6.2.5.jar:6.2.5]
	at org.springframework.aop.framework.ReflectiveMethodInvocation.proceed(ReflectiveMethodInvocation.java:184) ~[spring-aop-6.2.5.jar:6.2.5]
	at org.springframework.data.jpa.repository.support.CrudMethodMetadataPostProcessor$CrudMethodMetadataPopulatingMethodInterceptor.invoke(CrudMethodMetadataPostProcessor.java:165) ~[spring-data-jpa-3.4.4.jar:3.4.4]
	at org.springframework.aop.framework.ReflectiveMethodInvocation.proceed(ReflectiveMethodInvocation.java:184) ~[spring-aop-6.2.5.jar:6.2.5]
	at org.springframework.aop.framework.JdkDynamicAopProxy.invoke(JdkDynamicAopProxy.java:223) ~[spring-aop-6.2.5.jar:6.2.5]
	at jdk.proxy2/jdk.proxy2.$Proxy175.save(Unknown Source) ~[na:na]
	at com.SEGroup.Infrastructure.Repositories.RepositoryData.DbUserData.lambda$updateUser$3(DbUserData.java:39) ~[classes/:na]
	at com.SEGroup.Infrastructure.Repositories.RepositoryData.DbSafeExecutor.safeExecute(DbSafeExecutor.java:10) ~[classes/:na]
	at com.SEGroup.Infrastructure.Repositories.RepositoryData.DbUserData.updateUser(DbUserData.java:38) ~[classes/:na]
	at com.SEGroup.Infrastructure.Repositories.UserRepository.appointManager(UserRepository.java:221) ~[classes/:na]
	at com.SEGroup.Service.StoreService.appointManager(StoreService.java:484) ~[classes/:na]
	at com.SEGroup.UI.InitFileRunner.replay(InitFileRunner.java:288) ~[classes/:na]
	at com.SEGroup.UI.InitFileRunner.replayFile(InitFileRunner.java:324) ~[classes/:na]
	at com.SEGroup.UI.ServiceLocator.applyBootstrapJson(ServiceLocator.java:94) ~[classes/:na]
	at com.SEGroup.UI.ServiceLocator.initialize(ServiceLocator.java:83) ~[classes/:na]
	at com.SEGroup.UI.UnifiedDataSeeder.onApplicationEvent(UnifiedDataSeeder.java:622) ~[classes/:na]
	at com.SEGroup.UI.UnifiedDataSeeder.onApplicationEvent(UnifiedDataSeeder.java:37) ~[classes/:na]
	at org.springframework.context.event.SimpleApplicationEventMulticaster.doInvokeListener(SimpleApplicationEventMulticaster.java:185) ~[spring-context-6.2.5.jar:6.2.5]
	at org.springframework.context.event.SimpleApplicationEventMulticaster.invokeListener(SimpleApplicationEventMulticaster.java:178) ~[spring-context-6.2.5.jar:6.2.5]
	at org.springframework.context.event.SimpleApplicationEventMulticaster.multicastEvent(SimpleApplicationEventMulticaster.java:156) ~[spring-context-6.2.5.jar:6.2.5]
	at org.springframework.context.support.AbstractApplicationContext.publishEvent(AbstractApplicationContext.java:454) ~[spring-context-6.2.5.jar:6.2.5]
	at org.springframework.context.support.AbstractApplicationContext.publishEvent(AbstractApplicationContext.java:387) ~[spring-context-6.2.5.jar:6.2.5]
	at org.springframework.boot.context.event.EventPublishingRunListener.ready(EventPublishingRunListener.java:109) ~[spring-boot-3.4.4.jar:3.4.4]
	at org.springframework.boot.SpringApplicationRunListeners.lambda$ready$6(SpringApplicationRunListeners.java:80) ~[spring-boot-3.4.4.jar:3.4.4]
	at java.base/java.lang.Iterable.forEach(Iterable.java:75) ~[na:na]
	at org.springframework.boot.SpringApplicationRunListeners.doWithListeners(SpringApplicationRunListeners.java:118) ~[spring-boot-3.4.4.jar:3.4.4]
	at org.springframework.boot.SpringApplicationRunListeners.doWithListeners(SpringApplicationRunListeners.java:112) ~[spring-boot-3.4.4.jar:3.4.4]
	at org.springframework.boot.SpringApplicationRunListeners.ready(SpringApplicationRunListeners.java:80) ~[spring-boot-3.4.4.jar:3.4.4]
	at org.springframework.boot.SpringApplication.run(SpringApplication.java:332) ~[spring-boot-3.4.4.jar:3.4.4]
	at org.springframework.boot.test.context.SpringBootContextLoader.lambda$loadContext$3(SpringBootContextLoader.java:144) ~[spring-boot-test-3.4.4.jar:3.4.4]
	at org.springframework.util.function.ThrowingSupplier.get(ThrowingSupplier.java:58) ~[spring-core-6.2.5.jar:6.2.5]
	at org.springframework.util.function.ThrowingSupplier.get(ThrowingSupplier.java:46) ~[spring-core-6.2.5.jar:6.2.5]
	at org.springframework.boot.SpringApplication.withHook(SpringApplication.java:1461) ~[spring-boot-3.4.4.jar:3.4.4]
	at org.springframework.boot.test.context.SpringBootContextLoader$ContextLoaderHook.run(SpringBootContextLoader.java:563) ~[spring-boot-test-3.4.4.jar:3.4.4]
	at org.springframework.boot.test.context.SpringBootContextLoader.loadContext(SpringBootContextLoader.java:144) ~[spring-boot-test-3.4.4.jar:3.4.4]
	at org.springframework.boot.test.context.SpringBootContextLoader.loadContext(SpringBootContextLoader.java:110) ~[spring-boot-test-3.4.4.jar:3.4.4]
	at org.springframework.test.context.cache.DefaultCacheAwareContextLoaderDelegate.loadContextInternal(DefaultCacheAwareContextLoaderDelegate.java:225) ~[spring-test-6.2.5.jar:6.2.5]
	at org.springframework.test.context.cache.DefaultCacheAwareContextLoaderDelegate.loadContext(DefaultCacheAwareContextLoaderDelegate.java:152) ~[spring-test-6.2.5.jar:6.2.5]
	at org.springframework.test.context.support.DefaultTestContext.getApplicationContext(DefaultTestContext.java:130) ~[spring-test-6.2.5.jar:6.2.5]
	at org.springframework.test.context.web.ServletTestExecutionListener.setUpRequestContextIfNecessary(ServletTestExecutionListener.java:200) ~[spring-test-6.2.5.jar:6.2.5]
	at org.springframework.test.context.web.ServletTestExecutionListener.prepareTestInstance(ServletTestExecutionListener.java:139) ~[spring-test-6.2.5.jar:6.2.5]
	at org.springframework.test.context.TestContextManager.prepareTestInstance(TestContextManager.java:260) ~[spring-test-6.2.5.jar:6.2.5]
	at org.springframework.test.context.junit.jupiter.SpringExtension.postProcessTestInstance(SpringExtension.java:160) ~[spring-test-6.2.5.jar:6.2.5]
	at org.junit.jupiter.engine.descriptor.ClassBasedTestDescriptor.lambda$invokeTestInstancePostProcessors$11(ClassBasedTestDescriptor.java:378) ~[junit-jupiter-engine-5.11.4.jar:5.11.4]
	at org.junit.jupiter.engine.descriptor.ClassBasedTestDescriptor.executeAndMaskThrowable(ClassBasedTestDescriptor.java:383) ~[junit-jupiter-engine-5.11.4.jar:5.11.4]
	at org.junit.jupiter.engine.descriptor.ClassBasedTestDescriptor.lambda$invokeTestInstancePostProcessors$12(ClassBasedTestDescriptor.java:378) ~[junit-jupiter-engine-5.11.4.jar:5.11.4]
	at java.base/java.util.stream.ForEachOps$ForEachOp$OfRef.accept(ForEachOps.java:184) ~[na:na]
	at java.base/java.util.stream.ReferencePipeline$3$1.accept(ReferencePipeline.java:215) ~[na:na]
	at java.base/java.util.stream.ReferencePipeline$2$1.accept(ReferencePipeline.java:197) ~[na:na]
	at java.base/java.util.stream.ReferencePipeline$3$1.accept(ReferencePipeline.java:215) ~[na:na]
	at java.base/java.util.ArrayList$ArrayListSpliterator.forEachRemaining(ArrayList.java:1709) ~[na:na]
	at java.base/java.util.stream.AbstractPipeline.copyInto(AbstractPipeline.java:570) ~[na:na]
	at java.base/java.util.stream.AbstractPipeline.wrapAndCopyInto(AbstractPipeline.java:560) ~[na:na]
	at java.base/java.util.stream.ForEachOps$ForEachOp.evaluateSequential(ForEachOps.java:151) ~[na:na]
	at java.base/java.util.stream.ForEachOps$ForEachOp$OfRef.evaluateSequential(ForEachOps.java:174) ~[na:na]
	at java.base/java.util.stream.AbstractPipeline.evaluate(AbstractPipeline.java:265) ~[na:na]
	at java.base/java.util.stream.ReferencePipeline.forEach(ReferencePipeline.java:636) ~[na:na]
	at org.junit.jupiter.engine.descriptor.ClassBasedTestDescriptor.invokeTestInstancePostProcessors(ClassBasedTestDescriptor.java:377) ~[junit-jupiter-engine-5.11.4.jar:5.11.4]
	at org.junit.jupiter.engine.descriptor.ClassBasedTestDescriptor.lambda$instantiateAndPostProcessTestInstance$7(ClassBasedTestDescriptor.java:290) ~[junit-jupiter-engine-5.11.4.jar:5.11.4]
	at org.junit.platform.engine.support.hierarchical.ThrowableCollector.execute(ThrowableCollector.java:73) ~[junit-platform-engine-1.11.4.jar:1.11.4]
	at org.junit.jupiter.engine.descriptor.ClassBasedTestDescriptor.instantiateAndPostProcessTestInstance(ClassBasedTestDescriptor.java:289) ~[junit-jupiter-engine-5.11.4.jar:5.11.4]
	at org.junit.jupiter.engine.descriptor.ClassBasedTestDescriptor.lambda$testInstancesProvider$5(ClassBasedTestDescriptor.java:279) ~[junit-jupiter-engine-5.11.4.jar:5.11.4]
	at java.base/java.util.Optional.orElseGet(Optional.java:364) ~[na:na]
	at org.junit.jupiter.engine.descriptor.ClassBasedTestDescriptor.lambda$testInstancesProvider$6(ClassBasedTestDescriptor.java:278) ~[junit-jupiter-engine-5.11.4.jar:5.11.4]
	at org.junit.jupiter.engine.execution.TestInstancesProvider.getTestInstances(TestInstancesProvider.java:31) ~[junit-jupiter-engine-5.11.4.jar:5.11.4]
	at org.junit.jupiter.engine.descriptor.ClassBasedTestDescriptor.lambda$before$3(ClassBasedTestDescriptor.java:204) ~[junit-jupiter-engine-5.11.4.jar:5.11.4]
	at org.junit.platform.engine.support.hierarchical.ThrowableCollector.execute(ThrowableCollector.java:73) ~[junit-platform-engine-1.11.4.jar:1.11.4]
	at org.junit.jupiter.engine.descriptor.ClassBasedTestDescriptor.before(ClassBasedTestDescriptor.java:203) ~[junit-jupiter-engine-5.11.4.jar:5.11.4]
	at org.junit.jupiter.engine.descriptor.ClassBasedTestDescriptor.before(ClassBasedTestDescriptor.java:85) ~[junit-jupiter-engine-5.11.4.jar:5.11.4]
	at org.junit.platform.engine.support.hierarchical.NodeTestTask.lambda$executeRecursively$6(NodeTestTask.java:153) ~[junit-platform-engine-1.11.4.jar:1.11.4]
	at org.junit.platform.engine.support.hierarchical.ThrowableCollector.execute(ThrowableCollector.java:73) ~[junit-platform-engine-1.11.4.jar:1.11.4]
	at org.junit.platform.engine.support.hierarchical.NodeTestTask.lambda$executeRecursively$8(NodeTestTask.java:146) ~[junit-platform-engine-1.11.4.jar:1.11.4]
	at org.junit.platform.engine.support.hierarchical.Node.around(Node.java:137) ~[junit-platform-engine-1.11.4.jar:1.11.4]
	at org.junit.platform.engine.support.hierarchical.NodeTestTask.lambda$executeRecursively$9(NodeTestTask.java:144) ~[junit-platform-engine-1.11.4.jar:1.11.4]
	at org.junit.platform.engine.support.hierarchical.ThrowableCollector.execute(ThrowableCollector.java:73) ~[junit-platform-engine-1.11.4.jar:1.11.4]
	at org.junit.platform.engine.support.hierarchical.NodeTestTask.executeRecursively(NodeTestTask.java:143) ~[junit-platform-engine-1.11.4.jar:1.11.4]
	at org.junit.platform.engine.support.hierarchical.NodeTestTask.execute(NodeTestTask.java:100) ~[junit-platform-engine-1.11.4.jar:1.11.4]
	at java.base/java.util.ArrayList.forEach(ArrayList.java:1597) ~[na:na]
	at org.junit.platform.engine.support.hierarchical.SameThreadHierarchicalTestExecutorService.invokeAll(SameThreadHierarchicalTestExecutorService.java:41) ~[junit-platform-engine-1.11.4.jar:1.11.4]
	at org.junit.platform.engine.support.hierarchical.NodeTestTask.lambda$executeRecursively$6(NodeTestTask.java:160) ~[junit-platform-engine-1.11.4.jar:1.11.4]
	at org.junit.platform.engine.support.hierarchical.ThrowableCollector.execute(ThrowableCollector.java:73) ~[junit-platform-engine-1.11.4.jar:1.11.4]
	at org.junit.platform.engine.support.hierarchical.NodeTestTask.lambda$executeRecursively$8(NodeTestTask.java:146) ~[junit-platform-engine-1.11.4.jar:1.11.4]
	at org.junit.platform.engine.support.hierarchical.Node.around(Node.java:137) ~[junit-platform-engine-1.11.4.jar:1.11.4]
	at org.junit.platform.engine.support.hierarchical.NodeTestTask.lambda$executeRecursively$9(NodeTestTask.java:144) ~[junit-platform-engine-1.11.4.jar:1.11.4]
	at org.junit.platform.engine.support.hierarchical.ThrowableCollector.execute(ThrowableCollector.java:73) ~[junit-platform-engine-1.11.4.jar:1.11.4]
	at org.junit.platform.engine.support.hierarchical.NodeTestTask.executeRecursively(NodeTestTask.java:143) ~[junit-platform-engine-1.11.4.jar:1.11.4]
	at org.junit.platform.engine.support.hierarchical.NodeTestTask.execute(NodeTestTask.java:100) ~[junit-platform-engine-1.11.4.jar:1.11.4]
	at org.junit.platform.engine.support.hierarchical.SameThreadHierarchicalTestExecutorService.submit(SameThreadHierarchicalTestExecutorService.java:35) ~[junit-platform-engine-1.11.4.jar:1.11.4]
	at org.junit.platform.engine.support.hierarchical.HierarchicalTestExecutor.execute(HierarchicalTestExecutor.java:57) ~[junit-platform-engine-1.11.4.jar:1.11.4]
	at org.junit.platform.engine.support.hierarchical.HierarchicalTestEngine.execute(HierarchicalTestEngine.java:54) ~[junit-platform-engine-1.11.4.jar:1.11.4]
	at org.junit.platform.launcher.core.EngineExecutionOrchestrator.execute(EngineExecutionOrchestrator.java:198) ~[junit-platform-launcher-1.11.4.jar:1.11.4]
	at org.junit.platform.launcher.core.EngineExecutionOrchestrator.execute(EngineExecutionOrchestrator.java:169) ~[junit-platform-launcher-1.11.4.jar:1.11.4]
	at org.junit.platform.launcher.core.EngineExecutionOrchestrator.execute(EngineExecutionOrchestrator.java:93) ~[junit-platform-launcher-1.11.4.jar:1.11.4]
	at org.junit.platform.launcher.core.EngineExecutionOrchestrator.lambda$execute$0(EngineExecutionOrchestrator.java:58) ~[junit-platform-launcher-1.11.4.jar:1.11.4]
	at org.junit.platform.launcher.core.EngineExecutionOrchestrator.withInterceptedStreams(EngineExecutionOrchestrator.java:141) ~[junit-platform-launcher-1.11.4.jar:1.11.4]
	at org.junit.platform.launcher.core.EngineExecutionOrchestrator.execute(EngineExecutionOrchestrator.java:57) ~[junit-platform-launcher-1.11.4.jar:1.11.4]
	at org.junit.platform.launcher.core.DefaultLauncher.execute(DefaultLauncher.java:103) ~[junit-platform-launcher-1.11.4.jar:1.11.4]
	at org.junit.platform.launcher.core.DefaultLauncher.execute(DefaultLauncher.java:85) ~[junit-platform-launcher-1.11.4.jar:1.11.4]
	at org.junit.platform.launcher.core.DelegatingLauncher.execute(DelegatingLauncher.java:47) ~[junit-platform-launcher-1.11.4.jar:1.11.4]
	at org.junit.platform.launcher.core.SessionPerRequestLauncher.execute(SessionPerRequestLauncher.java:63) ~[junit-platform-launcher-1.11.4.jar:1.11.4]
	at com.intellij.junit5.JUnit5IdeaTestRunner.startRunnerWithArgs(JUnit5IdeaTestRunner.java:57) ~[junit5-rt.jar:na]
	at com.intellij.rt.junit.IdeaTestRunner$Repeater$1.execute(IdeaTestRunner.java:38) ~[junit-rt.jar:na]
	at com.intellij.rt.execution.junit.TestsRepeater.repeat(TestsRepeater.java:11) ~[idea_rt.jar:na]
	at com.intellij.rt.junit.IdeaTestRunner$Repeater.startRunnerWithArgs(IdeaTestRunner.java:35) ~[junit-rt.jar:na]
	at com.intellij.rt.junit.JUnitStarter.prepareStreamsAndStart(JUnitStarter.java:232) ~[junit-rt.jar:na]
	at com.intellij.rt.junit.JUnitStarter.main(JUnitStarter.java:55) ~[junit-rt.jar:na]
Caused by: org.hibernate.exception.DataException: could not execute statement [Value too long for column "ROLE BINARY VARYING(255)": "X'aced0005737200246a6176612e7574696c2e456e756d5365742453657269616c697a6174696f6e... (256)"; SQL statement:
insert into user_store_roles (user_email,store_name,role) values (?,?,?) [22001-232]] [insert into user_store_roles (user_email,store_name,role) values (?,?,?)]
	at org.hibernate.exception.internal.SQLExceptionTypeDelegate.convert(SQLExceptionTypeDelegate.java:55) ~[hibernate-core-6.6.11.Final.jar:6.6.11.Final]
	at org.hibernate.exception.internal.StandardSQLExceptionConverter.convert(StandardSQLExceptionConverter.java:58) ~[hibernate-core-6.6.11.Final.jar:6.6.11.Final]
	at org.hibernate.engine.jdbc.spi.SqlExceptionHelper.convert(SqlExceptionHelper.java:108) ~[hibernate-core-6.6.11.Final.jar:6.6.11.Final]
	at org.hibernate.engine.jdbc.internal.ResultSetReturnImpl.executeUpdate(ResultSetReturnImpl.java:197) ~[hibernate-core-6.6.11.Final.jar:6.6.11.Final]
	at org.hibernate.engine.jdbc.mutation.internal.AbstractMutationExecutor.performNonBatchedMutation(AbstractMutationExecutor.java:134) ~[hibernate-core-6.6.11.Final.jar:6.6.11.Final]
	at org.hibernate.engine.jdbc.mutation.internal.MutationExecutorSingleNonBatched.performNonBatchedOperations(MutationExecutorSingleNonBatched.java:55) ~[hibernate-core-6.6.11.Final.jar:6.6.11.Final]
	at org.hibernate.engine.jdbc.mutation.internal.AbstractMutationExecutor.execute(AbstractMutationExecutor.java:55) ~[hibernate-core-6.6.11.Final.jar:6.6.11.Final]
	at org.hibernate.persister.collection.mutation.InsertRowsCoordinatorStandard.insertRows(InsertRowsCoordinatorStandard.java:117) ~[hibernate-core-6.6.11.Final.jar:6.6.11.Final]
	at org.hibernate.persister.collection.BasicCollectionPersister.insertRows(BasicCollectionPersister.java:122) ~[hibernate-core-6.6.11.Final.jar:6.6.11.Final]
	at org.hibernate.action.internal.CollectionUpdateAction.execute(CollectionUpdateAction.java:86) ~[hibernate-core-6.6.11.Final.jar:6.6.11.Final]
	at org.hibernate.engine.spi.ActionQueue.executeActions(ActionQueue.java:644) ~[hibernate-core-6.6.11.Final.jar:6.6.11.Final]
	at org.hibernate.engine.spi.ActionQueue.executeActions(ActionQueue.java:511) ~[hibernate-core-6.6.11.Final.jar:6.6.11.Final]
	at org.hibernate.event.internal.AbstractFlushingEventListener.performExecutions(AbstractFlushingEventListener.java:414) ~[hibernate-core-6.6.11.Final.jar:6.6.11.Final]
	at org.hibernate.event.internal.DefaultFlushEventListener.onFlush(DefaultFlushEventListener.java:41) ~[hibernate-core-6.6.11.Final.jar:6.6.11.Final]
	at org.hibernate.event.service.internal.EventListenerGroupImpl.fireEventOnEachListener(EventListenerGroupImpl.java:127) ~[hibernate-core-6.6.11.Final.jar:6.6.11.Final]
	at org.hibernate.internal.SessionImpl.doFlush(SessionImpl.java:1429) ~[hibernate-core-6.6.11.Final.jar:6.6.11.Final]
	at org.hibernate.internal.SessionImpl.managedFlush(SessionImpl.java:491) ~[hibernate-core-6.6.11.Final.jar:6.6.11.Final]
	at org.hibernate.internal.SessionImpl.flushBeforeTransactionCompletion(SessionImpl.java:2354) ~[hibernate-core-6.6.11.Final.jar:6.6.11.Final]
	at org.hibernate.internal.SessionImpl.beforeTransactionCompletion(SessionImpl.java:1978) ~[hibernate-core-6.6.11.Final.jar:6.6.11.Final]
	at org.hibernate.engine.jdbc.internal.JdbcCoordinatorImpl.beforeTransactionCompletion(JdbcCoordinatorImpl.java:439) ~[hibernate-core-6.6.11.Final.jar:6.6.11.Final]
	at org.hibernate.resource.transaction.backend.jdbc.internal.JdbcResourceLocalTransactionCoordinatorImpl.beforeCompletionCallback(JdbcResourceLocalTransactionCoordinatorImpl.java:169) ~[hibernate-core-6.6.11.Final.jar:6.6.11.Final]
	at org.hibernate.resource.transaction.backend.jdbc.internal.JdbcResourceLocalTransactionCoordinatorImpl$TransactionDriverControlImpl.commit(JdbcResourceLocalTransactionCoordinatorImpl.java:267) ~[hibernate-core-6.6.11.Final.jar:6.6.11.Final]
	at org.hibernate.engine.transaction.internal.TransactionImpl.commit(TransactionImpl.java:101) ~[hibernate-core-6.6.11.Final.jar:6.6.11.Final]
	at org.springframework.orm.jpa.JpaTransactionManager.doCommit(JpaTransactionManager.java:562) ~[spring-orm-6.2.5.jar:6.2.5]
	... 112 common frames omitted
Caused by: org.h2.jdbc.JdbcSQLDataException: Value too long for column "ROLE BINARY VARYING(255)": "X'aced0005737200246a6176612e7574696c2e456e756d5365742453657269616c697a6174696f6e... (256)"; SQL statement:
insert into user_store_roles (user_email,store_name,role) values (?,?,?) [22001-232]
	at org.h2.message.DbException.getJdbcSQLException(DbException.java:518) ~[h2-2.3.232.jar:2.3.232]
	at org.h2.message.DbException.getJdbcSQLException(DbException.java:489) ~[h2-2.3.232.jar:2.3.232]
	at org.h2.message.DbException.get(DbException.java:223) ~[h2-2.3.232.jar:2.3.232]
	at org.h2.message.DbException.getValueTooLongException(DbException.java:334) ~[h2-2.3.232.jar:2.3.232]
	at org.h2.value.Value.getValueTooLongException(Value.java:2612) ~[h2-2.3.232.jar:2.3.232]
	at org.h2.value.Value.convertToVarbinary(Value.java:1397) ~[h2-2.3.232.jar:2.3.232]
	at org.h2.value.Value.convertTo(Value.java:1151) ~[h2-2.3.232.jar:2.3.232]
	at org.h2.value.Value.convertForAssignTo(Value.java:1118) ~[h2-2.3.232.jar:2.3.232]
	at org.h2.table.Column.validateConvertUpdateSequence(Column.java:406) ~[h2-2.3.232.jar:2.3.232]
	at org.h2.table.Table.convertInsertRow(Table.java:963) ~[h2-2.3.232.jar:2.3.232]
	at org.h2.command.dml.Insert.insertRows(Insert.java:167) ~[h2-2.3.232.jar:2.3.232]
	at org.h2.command.dml.Insert.update(Insert.java:135) ~[h2-2.3.232.jar:2.3.232]
	at org.h2.command.dml.DataChangeStatement.update(DataChangeStatement.java:74) ~[h2-2.3.232.jar:2.3.232]
	at org.h2.command.CommandContainer.update(CommandContainer.java:139) ~[h2-2.3.232.jar:2.3.232]
	at org.h2.command.Command.executeUpdate(Command.java:304) ~[h2-2.3.232.jar:2.3.232]
	at org.h2.command.Command.executeUpdate(Command.java:248) ~[h2-2.3.232.jar:2.3.232]
	at org.h2.jdbc.JdbcPreparedStatement.executeUpdateInternal(JdbcPreparedStatement.java:213) ~[h2-2.3.232.jar:2.3.232]
	at org.h2.jdbc.JdbcPreparedStatement.executeUpdate(JdbcPreparedStatement.java:172) ~[h2-2.3.232.jar:2.3.232]
	at com.zaxxer.hikari.pool.ProxyPreparedStatement.executeUpdate(ProxyPreparedStatement.java:61) ~[HikariCP-5.1.0.jar:na]
	at com.zaxxer.hikari.pool.HikariProxyPreparedStatement.executeUpdate(HikariProxyPreparedStatement.java) ~[HikariCP-5.1.0.jar:na]
	at org.hibernate.engine.jdbc.internal.ResultSetReturnImpl.executeUpdate(ResultSetReturnImpl.java:194) ~[hibernate-core-6.6.11.Final.jar:6.6.11.Final]
	... 132 common frames omitted

2025-06-29T13:50:55.747+03:00 ERROR 13828 --- [marketplace] [main] com.SEGroup.Service.LoggerWrapper        : Error appointing manager: Database is currently unavailable. Unable to perform operation: updateUser. Please try again later.

java.lang.RuntimeException: Database is currently unavailable. Unable to perform operation: updateUser. Please try again later.
	at com.SEGroup.Infrastructure.Repositories.RepositoryData.DbSafeExecutor.safeExecute(DbSafeExecutor.java:14) ~[classes/:na]
	at com.SEGroup.Infrastructure.Repositories.RepositoryData.DbUserData.updateUser(DbUserData.java:38) ~[classes/:na]
	at com.SEGroup.Infrastructure.Repositories.UserRepository.appointManager(UserRepository.java:221) ~[classes/:na]
	at com.SEGroup.Service.StoreService.appointManager(StoreService.java:484) ~[classes/:na]
	at com.SEGroup.UI.InitFileRunner.replay(InitFileRunner.java:288) ~[classes/:na]
	at com.SEGroup.UI.InitFileRunner.replayFile(InitFileRunner.java:324) ~[classes/:na]
	at com.SEGroup.UI.ServiceLocator.applyBootstrapJson(ServiceLocator.java:94) ~[classes/:na]
	at com.SEGroup.UI.ServiceLocator.initialize(ServiceLocator.java:83) ~[classes/:na]
	at com.SEGroup.UI.UnifiedDataSeeder.onApplicationEvent(UnifiedDataSeeder.java:622) ~[classes/:na]
	at com.SEGroup.UI.UnifiedDataSeeder.onApplicationEvent(UnifiedDataSeeder.java:37) ~[classes/:na]
	at org.springframework.context.event.SimpleApplicationEventMulticaster.doInvokeListener(SimpleApplicationEventMulticaster.java:185) ~[spring-context-6.2.5.jar:6.2.5]
	at org.springframework.context.event.SimpleApplicationEventMulticaster.invokeListener(SimpleApplicationEventMulticaster.java:178) ~[spring-context-6.2.5.jar:6.2.5]
	at org.springframework.context.event.SimpleApplicationEventMulticaster.multicastEvent(SimpleApplicationEventMulticaster.java:156) ~[spring-context-6.2.5.jar:6.2.5]
	at org.springframework.context.support.AbstractApplicationContext.publishEvent(AbstractApplicationContext.java:454) ~[spring-context-6.2.5.jar:6.2.5]
	at org.springframework.context.support.AbstractApplicationContext.publishEvent(AbstractApplicationContext.java:387) ~[spring-context-6.2.5.jar:6.2.5]
	at org.springframework.boot.context.event.EventPublishingRunListener.ready(EventPublishingRunListener.java:109) ~[spring-boot-3.4.4.jar:3.4.4]
	at org.springframework.boot.SpringApplicationRunListeners.lambda$ready$6(SpringApplicationRunListeners.java:80) ~[spring-boot-3.4.4.jar:3.4.4]
	at java.base/java.lang.Iterable.forEach(Iterable.java:75) ~[na:na]
	at org.springframework.boot.SpringApplicationRunListeners.doWithListeners(SpringApplicationRunListeners.java:118) ~[spring-boot-3.4.4.jar:3.4.4]
	at org.springframework.boot.SpringApplicationRunListeners.doWithListeners(SpringApplicationRunListeners.java:112) ~[spring-boot-3.4.4.jar:3.4.4]
	at org.springframework.boot.SpringApplicationRunListeners.ready(SpringApplicationRunListeners.java:80) ~[spring-boot-3.4.4.jar:3.4.4]
	at org.springframework.boot.SpringApplication.run(SpringApplication.java:332) ~[spring-boot-3.4.4.jar:3.4.4]
	at org.springframework.boot.test.context.SpringBootContextLoader.lambda$loadContext$3(SpringBootContextLoader.java:144) ~[spring-boot-test-3.4.4.jar:3.4.4]
	at org.springframework.util.function.ThrowingSupplier.get(ThrowingSupplier.java:58) ~[spring-core-6.2.5.jar:6.2.5]
	at org.springframework.util.function.ThrowingSupplier.get(ThrowingSupplier.java:46) ~[spring-core-6.2.5.jar:6.2.5]
	at org.springframework.boot.SpringApplication.withHook(SpringApplication.java:1461) ~[spring-boot-3.4.4.jar:3.4.4]
	at org.springframework.boot.test.context.SpringBootContextLoader$ContextLoaderHook.run(SpringBootContextLoader.java:563) ~[spring-boot-test-3.4.4.jar:3.4.4]
	at org.springframework.boot.test.context.SpringBootContextLoader.loadContext(SpringBootContextLoader.java:144) ~[spring-boot-test-3.4.4.jar:3.4.4]
	at org.springframework.boot.test.context.SpringBootContextLoader.loadContext(SpringBootContextLoader.java:110) ~[spring-boot-test-3.4.4.jar:3.4.4]
	at org.springframework.test.context.cache.DefaultCacheAwareContextLoaderDelegate.loadContextInternal(DefaultCacheAwareContextLoaderDelegate.java:225) ~[spring-test-6.2.5.jar:6.2.5]
	at org.springframework.test.context.cache.DefaultCacheAwareContextLoaderDelegate.loadContext(DefaultCacheAwareContextLoaderDelegate.java:152) ~[spring-test-6.2.5.jar:6.2.5]
	at org.springframework.test.context.support.DefaultTestContext.getApplicationContext(DefaultTestContext.java:130) ~[spring-test-6.2.5.jar:6.2.5]
	at org.springframework.test.context.web.ServletTestExecutionListener.setUpRequestContextIfNecessary(ServletTestExecutionListener.java:200) ~[spring-test-6.2.5.jar:6.2.5]
	at org.springframework.test.context.web.ServletTestExecutionListener.prepareTestInstance(ServletTestExecutionListener.java:139) ~[spring-test-6.2.5.jar:6.2.5]
	at org.springframework.test.context.TestContextManager.prepareTestInstance(TestContextManager.java:260) ~[spring-test-6.2.5.jar:6.2.5]
	at org.springframework.test.context.junit.jupiter.SpringExtension.postProcessTestInstance(SpringExtension.java:160) ~[spring-test-6.2.5.jar:6.2.5]
	at org.junit.jupiter.engine.descriptor.ClassBasedTestDescriptor.lambda$invokeTestInstancePostProcessors$11(ClassBasedTestDescriptor.java:378) ~[junit-jupiter-engine-5.11.4.jar:5.11.4]
	at org.junit.jupiter.engine.descriptor.ClassBasedTestDescriptor.executeAndMaskThrowable(ClassBasedTestDescriptor.java:383) ~[junit-jupiter-engine-5.11.4.jar:5.11.4]
	at org.junit.jupiter.engine.descriptor.ClassBasedTestDescriptor.lambda$invokeTestInstancePostProcessors$12(ClassBasedTestDescriptor.java:378) ~[junit-jupiter-engine-5.11.4.jar:5.11.4]
	at java.base/java.util.stream.ForEachOps$ForEachOp$OfRef.accept(ForEachOps.java:184) ~[na:na]
	at java.base/java.util.stream.ReferencePipeline$3$1.accept(ReferencePipeline.java:215) ~[na:na]
	at java.base/java.util.stream.ReferencePipeline$2$1.accept(ReferencePipeline.java:197) ~[na:na]
	at java.base/java.util.stream.ReferencePipeline$3$1.accept(ReferencePipeline.java:215) ~[na:na]
	at java.base/java.util.ArrayList$ArrayListSpliterator.forEachRemaining(ArrayList.java:1709) ~[na:na]
	at java.base/java.util.stream.AbstractPipeline.copyInto(AbstractPipeline.java:570) ~[na:na]
	at java.base/java.util.stream.AbstractPipeline.wrapAndCopyInto(AbstractPipeline.java:560) ~[na:na]
	at java.base/java.util.stream.ForEachOps$ForEachOp.evaluateSequential(ForEachOps.java:151) ~[na:na]
	at java.base/java.util.stream.ForEachOps$ForEachOp$OfRef.evaluateSequential(ForEachOps.java:174) ~[na:na]
	at java.base/java.util.stream.AbstractPipeline.evaluate(AbstractPipeline.java:265) ~[na:na]
	at java.base/java.util.stream.ReferencePipeline.forEach(ReferencePipeline.java:636) ~[na:na]
	at org.junit.jupiter.engine.descriptor.ClassBasedTestDescriptor.invokeTestInstancePostProcessors(ClassBasedTestDescriptor.java:377) ~[junit-jupiter-engine-5.11.4.jar:5.11.4]
	at org.junit.jupiter.engine.descriptor.ClassBasedTestDescriptor.lambda$instantiateAndPostProcessTestInstance$7(ClassBasedTestDescriptor.java:290) ~[junit-jupiter-engine-5.11.4.jar:5.11.4]
	at org.junit.platform.engine.support.hierarchical.ThrowableCollector.execute(ThrowableCollector.java:73) ~[junit-platform-engine-1.11.4.jar:1.11.4]
	at org.junit.jupiter.engine.descriptor.ClassBasedTestDescriptor.instantiateAndPostProcessTestInstance(ClassBasedTestDescriptor.java:289) ~[junit-jupiter-engine-5.11.4.jar:5.11.4]
	at org.junit.jupiter.engine.descriptor.ClassBasedTestDescriptor.lambda$testInstancesProvider$5(ClassBasedTestDescriptor.java:279) ~[junit-jupiter-engine-5.11.4.jar:5.11.4]
	at java.base/java.util.Optional.orElseGet(Optional.java:364) ~[na:na]
	at org.junit.jupiter.engine.descriptor.ClassBasedTestDescriptor.lambda$testInstancesProvider$6(ClassBasedTestDescriptor.java:278) ~[junit-jupiter-engine-5.11.4.jar:5.11.4]
	at org.junit.jupiter.engine.execution.TestInstancesProvider.getTestInstances(TestInstancesProvider.java:31) ~[junit-jupiter-engine-5.11.4.jar:5.11.4]
	at org.junit.jupiter.engine.descriptor.ClassBasedTestDescriptor.lambda$before$3(ClassBasedTestDescriptor.java:204) ~[junit-jupiter-engine-5.11.4.jar:5.11.4]
	at org.junit.platform.engine.support.hierarchical.ThrowableCollector.execute(ThrowableCollector.java:73) ~[junit-platform-engine-1.11.4.jar:1.11.4]
	at org.junit.jupiter.engine.descriptor.ClassBasedTestDescriptor.before(ClassBasedTestDescriptor.java:203) ~[junit-jupiter-engine-5.11.4.jar:5.11.4]
	at org.junit.jupiter.engine.descriptor.ClassBasedTestDescriptor.before(ClassBasedTestDescriptor.java:85) ~[junit-jupiter-engine-5.11.4.jar:5.11.4]
	at org.junit.platform.engine.support.hierarchical.NodeTestTask.lambda$executeRecursively$6(NodeTestTask.java:153) ~[junit-platform-engine-1.11.4.jar:1.11.4]
	at org.junit.platform.engine.support.hierarchical.ThrowableCollector.execute(ThrowableCollector.java:73) ~[junit-platform-engine-1.11.4.jar:1.11.4]
	at org.junit.platform.engine.support.hierarchical.NodeTestTask.lambda$executeRecursively$8(NodeTestTask.java:146) ~[junit-platform-engine-1.11.4.jar:1.11.4]
	at org.junit.platform.engine.support.hierarchical.Node.around(Node.java:137) ~[junit-platform-engine-1.11.4.jar:1.11.4]
	at org.junit.platform.engine.support.hierarchical.NodeTestTask.lambda$executeRecursively$9(NodeTestTask.java:144) ~[junit-platform-engine-1.11.4.jar:1.11.4]
	at org.junit.platform.engine.support.hierarchical.ThrowableCollector.execute(ThrowableCollector.java:73) ~[junit-platform-engine-1.11.4.jar:1.11.4]
	at org.junit.platform.engine.support.hierarchical.NodeTestTask.executeRecursively(NodeTestTask.java:143) ~[junit-platform-engine-1.11.4.jar:1.11.4]
	at org.junit.platform.engine.support.hierarchical.NodeTestTask.execute(NodeTestTask.java:100) ~[junit-platform-engine-1.11.4.jar:1.11.4]
	at java.base/java.util.ArrayList.forEach(ArrayList.java:1597) ~[na:na]
	at org.junit.platform.engine.support.hierarchical.SameThreadHierarchicalTestExecutorService.invokeAll(SameThreadHierarchicalTestExecutorService.java:41) ~[junit-platform-engine-1.11.4.jar:1.11.4]
	at org.junit.platform.engine.support.hierarchical.NodeTestTask.lambda$executeRecursively$6(NodeTestTask.java:160) ~[junit-platform-engine-1.11.4.jar:1.11.4]
	at org.junit.platform.engine.support.hierarchical.ThrowableCollector.execute(ThrowableCollector.java:73) ~[junit-platform-engine-1.11.4.jar:1.11.4]
	at org.junit.platform.engine.support.hierarchical.NodeTestTask.lambda$executeRecursively$8(NodeTestTask.java:146) ~[junit-platform-engine-1.11.4.jar:1.11.4]
	at org.junit.platform.engine.support.hierarchical.Node.around(Node.java:137) ~[junit-platform-engine-1.11.4.jar:1.11.4]
	at org.junit.platform.engine.support.hierarchical.NodeTestTask.lambda$executeRecursively$9(NodeTestTask.java:144) ~[junit-platform-engine-1.11.4.jar:1.11.4]
	at org.junit.platform.engine.support.hierarchical.ThrowableCollector.execute(ThrowableCollector.java:73) ~[junit-platform-engine-1.11.4.jar:1.11.4]
	at org.junit.platform.engine.support.hierarchical.NodeTestTask.executeRecursively(NodeTestTask.java:143) ~[junit-platform-engine-1.11.4.jar:1.11.4]
	at org.junit.platform.engine.support.hierarchical.NodeTestTask.execute(NodeTestTask.java:100) ~[junit-platform-engine-1.11.4.jar:1.11.4]
	at org.junit.platform.engine.support.hierarchical.SameThreadHierarchicalTestExecutorService.submit(SameThreadHierarchicalTestExecutorService.java:35) ~[junit-platform-engine-1.11.4.jar:1.11.4]
	at org.junit.platform.engine.support.hierarchical.HierarchicalTestExecutor.execute(HierarchicalTestExecutor.java:57) ~[junit-platform-engine-1.11.4.jar:1.11.4]
	at org.junit.platform.engine.support.hierarchical.HierarchicalTestEngine.execute(HierarchicalTestEngine.java:54) ~[junit-platform-engine-1.11.4.jar:1.11.4]
	at org.junit.platform.launcher.core.EngineExecutionOrchestrator.execute(EngineExecutionOrchestrator.java:198) ~[junit-platform-launcher-1.11.4.jar:1.11.4]
	at org.junit.platform.launcher.core.EngineExecutionOrchestrator.execute(EngineExecutionOrchestrator.java:169) ~[junit-platform-launcher-1.11.4.jar:1.11.4]
	at org.junit.platform.launcher.core.EngineExecutionOrchestrator.execute(EngineExecutionOrchestrator.java:93) ~[junit-platform-launcher-1.11.4.jar:1.11.4]
	at org.junit.platform.launcher.core.EngineExecutionOrchestrator.lambda$execute$0(EngineExecutionOrchestrator.java:58) ~[junit-platform-launcher-1.11.4.jar:1.11.4]
	at org.junit.platform.launcher.core.EngineExecutionOrchestrator.withInterceptedStreams(EngineExecutionOrchestrator.java:141) ~[junit-platform-launcher-1.11.4.jar:1.11.4]
	at org.junit.platform.launcher.core.EngineExecutionOrchestrator.execute(EngineExecutionOrchestrator.java:57) ~[junit-platform-launcher-1.11.4.jar:1.11.4]
	at org.junit.platform.launcher.core.DefaultLauncher.execute(DefaultLauncher.java:103) ~[junit-platform-launcher-1.11.4.jar:1.11.4]
	at org.junit.platform.launcher.core.DefaultLauncher.execute(DefaultLauncher.java:85) ~[junit-platform-launcher-1.11.4.jar:1.11.4]
	at org.junit.platform.launcher.core.DelegatingLauncher.execute(DelegatingLauncher.java:47) ~[junit-platform-launcher-1.11.4.jar:1.11.4]
	at org.junit.platform.launcher.core.SessionPerRequestLauncher.execute(SessionPerRequestLauncher.java:63) ~[junit-platform-launcher-1.11.4.jar:1.11.4]
	at com.intellij.junit5.JUnit5IdeaTestRunner.startRunnerWithArgs(JUnit5IdeaTestRunner.java:57) ~[junit5-rt.jar:na]
	at com.intellij.rt.junit.IdeaTestRunner$Repeater$1.execute(IdeaTestRunner.java:38) ~[junit-rt.jar:na]
	at com.intellij.rt.execution.junit.TestsRepeater.repeat(TestsRepeater.java:11) ~[idea_rt.jar:na]
	at com.intellij.rt.junit.IdeaTestRunner$Repeater.startRunnerWithArgs(IdeaTestRunner.java:35) ~[junit-rt.jar:na]
	at com.intellij.rt.junit.JUnitStarter.prepareStreamsAndStart(JUnitStarter.java:232) ~[junit-rt.jar:na]
	at com.intellij.rt.junit.JUnitStarter.main(JUnitStarter.java:55) ~[junit-rt.jar:na]

2025-06-29T13:50:55.749+03:00 ERROR 13828 --- [marketplace] [main] com.SEGroup.UI.InitFileRunner            : [InitRunner] ❌ Failed to appoint 'u4@example.com' as manager: Database is currently unavailable. Unable to perform operation: updateUser. Please try again later.
2025-06-29T13:50:55.749+03:00 ERROR 13828 --- [marketplace] [main] com.SEGroup.UI.InitFileRunner            : [InitRunner] ❌ Step 12/15 failed (useCase: appoint-manager): Bootstrap step 'appoint-manager' failed: Database is currently unavailable. Unable to perform operation: updateUser. Please try again later.
2025-06-29T13:50:55.749+03:00 ERROR 13828 --- [marketplace] [main] com.SEGroup.UI.InitFileRunner            : [InitRunner] Current tokens available: [u2@example.com]
2025-06-29T13:50:55.749+03:00 ERROR 13828 --- [marketplace] [main] com.SEGroup.UI.InitFileRunner            : [InitRunner] ❌ bootstrap replay failed: Bootstrap step 'appoint-manager' failed: Database is currently unavailable. Unable to perform operation: updateUser. Please try again later.

java.lang.IllegalStateException: Bootstrap step 'appoint-manager' failed: Database is currently unavailable. Unable to perform operation: updateUser. Please try again later.
	at com.SEGroup.UI.InitFileRunner.failIfNeeded(InitFileRunner.java:362) ~[classes/:na]
	at com.SEGroup.UI.InitFileRunner.replay(InitFileRunner.java:294) ~[classes/:na]
	at com.SEGroup.UI.InitFileRunner.replayFile(InitFileRunner.java:324) ~[classes/:na]
	at com.SEGroup.UI.ServiceLocator.applyBootstrapJson(ServiceLocator.java:94) ~[classes/:na]
	at com.SEGroup.UI.ServiceLocator.initialize(ServiceLocator.java:83) ~[classes/:na]
	at com.SEGroup.UI.UnifiedDataSeeder.onApplicationEvent(UnifiedDataSeeder.java:622) ~[classes/:na]
	at com.SEGroup.UI.UnifiedDataSeeder.onApplicationEvent(UnifiedDataSeeder.java:37) ~[classes/:na]
	at org.springframework.context.event.SimpleApplicationEventMulticaster.doInvokeListener(SimpleApplicationEventMulticaster.java:185) ~[spring-context-6.2.5.jar:6.2.5]
	at org.springframework.context.event.SimpleApplicationEventMulticaster.invokeListener(SimpleApplicationEventMulticaster.java:178) ~[spring-context-6.2.5.jar:6.2.5]
	at org.springframework.context.event.SimpleApplicationEventMulticaster.multicastEvent(SimpleApplicationEventMulticaster.java:156) ~[spring-context-6.2.5.jar:6.2.5]
	at org.springframework.context.support.AbstractApplicationContext.publishEvent(AbstractApplicationContext.java:454) ~[spring-context-6.2.5.jar:6.2.5]
	at org.springframework.context.support.AbstractApplicationContext.publishEvent(AbstractApplicationContext.java:387) ~[spring-context-6.2.5.jar:6.2.5]
	at org.springframework.boot.context.event.EventPublishingRunListener.ready(EventPublishingRunListener.java:109) ~[spring-boot-3.4.4.jar:3.4.4]
	at org.springframework.boot.SpringApplicationRunListeners.lambda$ready$6(SpringApplicationRunListeners.java:80) ~[spring-boot-3.4.4.jar:3.4.4]
	at java.base/java.lang.Iterable.forEach(Iterable.java:75) ~[na:na]
	at org.springframework.boot.SpringApplicationRunListeners.doWithListeners(SpringApplicationRunListeners.java:118) ~[spring-boot-3.4.4.jar:3.4.4]
	at org.springframework.boot.SpringApplicationRunListeners.doWithListeners(SpringApplicationRunListeners.java:112) ~[spring-boot-3.4.4.jar:3.4.4]
	at org.springframework.boot.SpringApplicationRunListeners.ready(SpringApplicationRunListeners.java:80) ~[spring-boot-3.4.4.jar:3.4.4]
	at org.springframework.boot.SpringApplication.run(SpringApplication.java:332) ~[spring-boot-3.4.4.jar:3.4.4]
	at org.springframework.boot.test.context.SpringBootContextLoader.lambda$loadContext$3(SpringBootContextLoader.java:144) ~[spring-boot-test-3.4.4.jar:3.4.4]
	at org.springframework.util.function.ThrowingSupplier.get(ThrowingSupplier.java:58) ~[spring-core-6.2.5.jar:6.2.5]
	at org.springframework.util.function.ThrowingSupplier.get(ThrowingSupplier.java:46) ~[spring-core-6.2.5.jar:6.2.5]
	at org.springframework.boot.SpringApplication.withHook(SpringApplication.java:1461) ~[spring-boot-3.4.4.jar:3.4.4]
	at org.springframework.boot.test.context.SpringBootContextLoader$ContextLoaderHook.run(SpringBootContextLoader.java:563) ~[spring-boot-test-3.4.4.jar:3.4.4]
	at org.springframework.boot.test.context.SpringBootContextLoader.loadContext(SpringBootContextLoader.java:144) ~[spring-boot-test-3.4.4.jar:3.4.4]
	at org.springframework.boot.test.context.SpringBootContextLoader.loadContext(SpringBootContextLoader.java:110) ~[spring-boot-test-3.4.4.jar:3.4.4]
	at org.springframework.test.context.cache.DefaultCacheAwareContextLoaderDelegate.loadContextInternal(DefaultCacheAwareContextLoaderDelegate.java:225) ~[spring-test-6.2.5.jar:6.2.5]
	at org.springframework.test.context.cache.DefaultCacheAwareContextLoaderDelegate.loadContext(DefaultCacheAwareContextLoaderDelegate.java:152) ~[spring-test-6.2.5.jar:6.2.5]
	at org.springframework.test.context.support.DefaultTestContext.getApplicationContext(DefaultTestContext.java:130) ~[spring-test-6.2.5.jar:6.2.5]
	at org.springframework.test.context.web.ServletTestExecutionListener.setUpRequestContextIfNecessary(ServletTestExecutionListener.java:200) ~[spring-test-6.2.5.jar:6.2.5]
	at org.springframework.test.context.web.ServletTestExecutionListener.prepareTestInstance(ServletTestExecutionListener.java:139) ~[spring-test-6.2.5.jar:6.2.5]
	at org.springframework.test.context.TestContextManager.prepareTestInstance(TestContextManager.java:260) ~[spring-test-6.2.5.jar:6.2.5]
	at org.springframework.test.context.junit.jupiter.SpringExtension.postProcessTestInstance(SpringExtension.java:160) ~[spring-test-6.2.5.jar:6.2.5]
	at org.junit.jupiter.engine.descriptor.ClassBasedTestDescriptor.lambda$invokeTestInstancePostProcessors$11(ClassBasedTestDescriptor.java:378) ~[junit-jupiter-engine-5.11.4.jar:5.11.4]
	at org.junit.jupiter.engine.descriptor.ClassBasedTestDescriptor.executeAndMaskThrowable(ClassBasedTestDescriptor.java:383) ~[junit-jupiter-engine-5.11.4.jar:5.11.4]
	at org.junit.jupiter.engine.descriptor.ClassBasedTestDescriptor.lambda$invokeTestInstancePostProcessors$12(ClassBasedTestDescriptor.java:378) ~[junit-jupiter-engine-5.11.4.jar:5.11.4]
	at java.base/java.util.stream.ForEachOps$ForEachOp$OfRef.accept(ForEachOps.java:184) ~[na:na]
	at java.base/java.util.stream.ReferencePipeline$3$1.accept(ReferencePipeline.java:215) ~[na:na]
	at java.base/java.util.stream.ReferencePipeline$2$1.accept(ReferencePipeline.java:197) ~[na:na]
	at java.base/java.util.stream.ReferencePipeline$3$1.accept(ReferencePipeline.java:215) ~[na:na]
	at java.base/java.util.ArrayList$ArrayListSpliterator.forEachRemaining(ArrayList.java:1709) ~[na:na]
	at java.base/java.util.stream.AbstractPipeline.copyInto(AbstractPipeline.java:570) ~[na:na]
	at java.base/java.util.stream.AbstractPipeline.wrapAndCopyInto(AbstractPipeline.java:560) ~[na:na]
	at java.base/java.util.stream.ForEachOps$ForEachOp.evaluateSequential(ForEachOps.java:151) ~[na:na]
	at java.base/java.util.stream.ForEachOps$ForEachOp$OfRef.evaluateSequential(ForEachOps.java:174) ~[na:na]
	at java.base/java.util.stream.AbstractPipeline.evaluate(AbstractPipeline.java:265) ~[na:na]
	at java.base/java.util.stream.ReferencePipeline.forEach(ReferencePipeline.java:636) ~[na:na]
	at org.junit.jupiter.engine.descriptor.ClassBasedTestDescriptor.invokeTestInstancePostProcessors(ClassBasedTestDescriptor.java:377) ~[junit-jupiter-engine-5.11.4.jar:5.11.4]
	at org.junit.jupiter.engine.descriptor.ClassBasedTestDescriptor.lambda$instantiateAndPostProcessTestInstance$7(ClassBasedTestDescriptor.java:290) ~[junit-jupiter-engine-5.11.4.jar:5.11.4]
	at org.junit.platform.engine.support.hierarchical.ThrowableCollector.execute(ThrowableCollector.java:73) ~[junit-platform-engine-1.11.4.jar:1.11.4]
	at org.junit.jupiter.engine.descriptor.ClassBasedTestDescriptor.instantiateAndPostProcessTestInstance(ClassBasedTestDescriptor.java:289) ~[junit-jupiter-engine-5.11.4.jar:5.11.4]
	at org.junit.jupiter.engine.descriptor.ClassBasedTestDescriptor.lambda$testInstancesProvider$5(ClassBasedTestDescriptor.java:279) ~[junit-jupiter-engine-5.11.4.jar:5.11.4]
	at java.base/java.util.Optional.orElseGet(Optional.java:364) ~[na:na]
	at org.junit.jupiter.engine.descriptor.ClassBasedTestDescriptor.lambda$testInstancesProvider$6(ClassBasedTestDescriptor.java:278) ~[junit-jupiter-engine-5.11.4.jar:5.11.4]
	at org.junit.jupiter.engine.execution.TestInstancesProvider.getTestInstances(TestInstancesProvider.java:31) ~[junit-jupiter-engine-5.11.4.jar:5.11.4]
	at org.junit.jupiter.engine.descriptor.ClassBasedTestDescriptor.lambda$before$3(ClassBasedTestDescriptor.java:204) ~[junit-jupiter-engine-5.11.4.jar:5.11.4]
	at org.junit.platform.engine.support.hierarchical.ThrowableCollector.execute(ThrowableCollector.java:73) ~[junit-platform-engine-1.11.4.jar:1.11.4]
	at org.junit.jupiter.engine.descriptor.ClassBasedTestDescriptor.before(ClassBasedTestDescriptor.java:203) ~[junit-jupiter-engine-5.11.4.jar:5.11.4]
	at org.junit.jupiter.engine.descriptor.ClassBasedTestDescriptor.before(ClassBasedTestDescriptor.java:85) ~[junit-jupiter-engine-5.11.4.jar:5.11.4]
	at org.junit.platform.engine.support.hierarchical.NodeTestTask.lambda$executeRecursively$6(NodeTestTask.java:153) ~[junit-platform-engine-1.11.4.jar:1.11.4]
	at org.junit.platform.engine.support.hierarchical.ThrowableCollector.execute(ThrowableCollector.java:73) ~[junit-platform-engine-1.11.4.jar:1.11.4]
	at org.junit.platform.engine.support.hierarchical.NodeTestTask.lambda$executeRecursively$8(NodeTestTask.java:146) ~[junit-platform-engine-1.11.4.jar:1.11.4]
	at org.junit.platform.engine.support.hierarchical.Node.around(Node.java:137) ~[junit-platform-engine-1.11.4.jar:1.11.4]
	at org.junit.platform.engine.support.hierarchical.NodeTestTask.lambda$executeRecursively$9(NodeTestTask.java:144) ~[junit-platform-engine-1.11.4.jar:1.11.4]
	at org.junit.platform.engine.support.hierarchical.ThrowableCollector.execute(ThrowableCollector.java:73) ~[junit-platform-engine-1.11.4.jar:1.11.4]
	at org.junit.platform.engine.support.hierarchical.NodeTestTask.executeRecursively(NodeTestTask.java:143) ~[junit-platform-engine-1.11.4.jar:1.11.4]
	at org.junit.platform.engine.support.hierarchical.NodeTestTask.execute(NodeTestTask.java:100) ~[junit-platform-engine-1.11.4.jar:1.11.4]
	at java.base/java.util.ArrayList.forEach(ArrayList.java:1597) ~[na:na]
	at org.junit.platform.engine.support.hierarchical.SameThreadHierarchicalTestExecutorService.invokeAll(SameThreadHierarchicalTestExecutorService.java:41) ~[junit-platform-engine-1.11.4.jar:1.11.4]
	at org.junit.platform.engine.support.hierarchical.NodeTestTask.lambda$executeRecursively$6(NodeTestTask.java:160) ~[junit-platform-engine-1.11.4.jar:1.11.4]
	at org.junit.platform.engine.support.hierarchical.ThrowableCollector.execute(ThrowableCollector.java:73) ~[junit-platform-engine-1.11.4.jar:1.11.4]
	at org.junit.platform.engine.support.hierarchical.NodeTestTask.lambda$executeRecursively$8(NodeTestTask.java:146) ~[junit-platform-engine-1.11.4.jar:1.11.4]
	at org.junit.platform.engine.support.hierarchical.Node.around(Node.java:137) ~[junit-platform-engine-1.11.4.jar:1.11.4]
	at org.junit.platform.engine.support.hierarchical.NodeTestTask.lambda$executeRecursively$9(NodeTestTask.java:144) ~[junit-platform-engine-1.11.4.jar:1.11.4]
	at org.junit.platform.engine.support.hierarchical.ThrowableCollector.execute(ThrowableCollector.java:73) ~[junit-platform-engine-1.11.4.jar:1.11.4]
	at org.junit.platform.engine.support.hierarchical.NodeTestTask.executeRecursively(NodeTestTask.java:143) ~[junit-platform-engine-1.11.4.jar:1.11.4]
	at org.junit.platform.engine.support.hierarchical.NodeTestTask.execute(NodeTestTask.java:100) ~[junit-platform-engine-1.11.4.jar:1.11.4]
	at org.junit.platform.engine.support.hierarchical.SameThreadHierarchicalTestExecutorService.submit(SameThreadHierarchicalTestExecutorService.java:35) ~[junit-platform-engine-1.11.4.jar:1.11.4]
	at org.junit.platform.engine.support.hierarchical.HierarchicalTestExecutor.execute(HierarchicalTestExecutor.java:57) ~[junit-platform-engine-1.11.4.jar:1.11.4]
	at org.junit.platform.engine.support.hierarchical.HierarchicalTestEngine.execute(HierarchicalTestEngine.java:54) ~[junit-platform-engine-1.11.4.jar:1.11.4]
	at org.junit.platform.launcher.core.EngineExecutionOrchestrator.execute(EngineExecutionOrchestrator.java:198) ~[junit-platform-launcher-1.11.4.jar:1.11.4]
	at org.junit.platform.launcher.core.EngineExecutionOrchestrator.execute(EngineExecutionOrchestrator.java:169) ~[junit-platform-launcher-1.11.4.jar:1.11.4]
	at org.junit.platform.launcher.core.EngineExecutionOrchestrator.execute(EngineExecutionOrchestrator.java:93) ~[junit-platform-launcher-1.11.4.jar:1.11.4]
	at org.junit.platform.launcher.core.EngineExecutionOrchestrator.lambda$execute$0(EngineExecutionOrchestrator.java:58) ~[junit-platform-launcher-1.11.4.jar:1.11.4]
	at org.junit.platform.launcher.core.EngineExecutionOrchestrator.withInterceptedStreams(EngineExecutionOrchestrator.java:141) ~[junit-platform-launcher-1.11.4.jar:1.11.4]
	at org.junit.platform.launcher.core.EngineExecutionOrchestrator.execute(EngineExecutionOrchestrator.java:57) ~[junit-platform-launcher-1.11.4.jar:1.11.4]
	at org.junit.platform.launcher.core.DefaultLauncher.execute(DefaultLauncher.java:103) ~[junit-platform-launcher-1.11.4.jar:1.11.4]
	at org.junit.platform.launcher.core.DefaultLauncher.execute(DefaultLauncher.java:85) ~[junit-platform-launcher-1.11.4.jar:1.11.4]
	at org.junit.platform.launcher.core.DelegatingLauncher.execute(DelegatingLauncher.java:47) ~[junit-platform-launcher-1.11.4.jar:1.11.4]
	at org.junit.platform.launcher.core.SessionPerRequestLauncher.execute(SessionPerRequestLauncher.java:63) ~[junit-platform-launcher-1.11.4.jar:1.11.4]
	at com.intellij.junit5.JUnit5IdeaTestRunner.startRunnerWithArgs(JUnit5IdeaTestRunner.java:57) ~[junit5-rt.jar:na]
	at com.intellij.rt.junit.IdeaTestRunner$Repeater$1.execute(IdeaTestRunner.java:38) ~[junit-rt.jar:na]
	at com.intellij.rt.execution.junit.TestsRepeater.repeat(TestsRepeater.java:11) ~[idea_rt.jar:na]
	at com.intellij.rt.junit.IdeaTestRunner$Repeater.startRunnerWithArgs(IdeaTestRunner.java:35) ~[junit-rt.jar:na]
	at com.intellij.rt.junit.JUnitStarter.prepareStreamsAndStart(JUnitStarter.java:232) ~[junit-rt.jar:na]
	at com.intellij.rt.junit.JUnitStarter.main(JUnitStarter.java:55) ~[junit-rt.jar:na]

2025-06-29T13:50:55.752+03:00 ERROR 13828 --- [marketplace] [main] com.SEGroup.Service.LoggerWrapper        : Bootstrap replay failed

java.lang.RuntimeException: Bootstrap replay failed
	at com.SEGroup.UI.InitFileRunner.replayFile(InitFileRunner.java:328) ~[classes/:na]
	at com.SEGroup.UI.ServiceLocator.applyBootstrapJson(ServiceLocator.java:94) ~[classes/:na]
	at com.SEGroup.UI.ServiceLocator.initialize(ServiceLocator.java:83) ~[classes/:na]
	at com.SEGroup.UI.UnifiedDataSeeder.onApplicationEvent(UnifiedDataSeeder.java:622) ~[classes/:na]
	at com.SEGroup.UI.UnifiedDataSeeder.onApplicationEvent(UnifiedDataSeeder.java:37) ~[classes/:na]
	at org.springframework.context.event.SimpleApplicationEventMulticaster.doInvokeListener(SimpleApplicationEventMulticaster.java:185) ~[spring-context-6.2.5.jar:6.2.5]
	at org.springframework.context.event.SimpleApplicationEventMulticaster.invokeListener(SimpleApplicationEventMulticaster.java:178) ~[spring-context-6.2.5.jar:6.2.5]
	at org.springframework.context.event.SimpleApplicationEventMulticaster.multicastEvent(SimpleApplicationEventMulticaster.java:156) ~[spring-context-6.2.5.jar:6.2.5]
	at org.springframework.context.support.AbstractApplicationContext.publishEvent(AbstractApplicationContext.java:454) ~[spring-context-6.2.5.jar:6.2.5]
	at org.springframework.context.support.AbstractApplicationContext.publishEvent(AbstractApplicationContext.java:387) ~[spring-context-6.2.5.jar:6.2.5]
	at org.springframework.boot.context.event.EventPublishingRunListener.ready(EventPublishingRunListener.java:109) ~[spring-boot-3.4.4.jar:3.4.4]
	at org.springframework.boot.SpringApplicationRunListeners.lambda$ready$6(SpringApplicationRunListeners.java:80) ~[spring-boot-3.4.4.jar:3.4.4]
	at java.base/java.lang.Iterable.forEach(Iterable.java:75) ~[na:na]
	at org.springframework.boot.SpringApplicationRunListeners.doWithListeners(SpringApplicationRunListeners.java:118) ~[spring-boot-3.4.4.jar:3.4.4]
	at org.springframework.boot.SpringApplicationRunListeners.doWithListeners(SpringApplicationRunListeners.java:112) ~[spring-boot-3.4.4.jar:3.4.4]
	at org.springframework.boot.SpringApplicationRunListeners.ready(SpringApplicationRunListeners.java:80) ~[spring-boot-3.4.4.jar:3.4.4]
	at org.springframework.boot.SpringApplication.run(SpringApplication.java:332) ~[spring-boot-3.4.4.jar:3.4.4]
	at org.springframework.boot.test.context.SpringBootContextLoader.lambda$loadContext$3(SpringBootContextLoader.java:144) ~[spring-boot-test-3.4.4.jar:3.4.4]
	at org.springframework.util.function.ThrowingSupplier.get(ThrowingSupplier.java:58) ~[spring-core-6.2.5.jar:6.2.5]
	at org.springframework.util.function.ThrowingSupplier.get(ThrowingSupplier.java:46) ~[spring-core-6.2.5.jar:6.2.5]
	at org.springframework.boot.SpringApplication.withHook(SpringApplication.java:1461) ~[spring-boot-3.4.4.jar:3.4.4]
	at org.springframework.boot.test.context.SpringBootContextLoader$ContextLoaderHook.run(SpringBootContextLoader.java:563) ~[spring-boot-test-3.4.4.jar:3.4.4]
	at org.springframework.boot.test.context.SpringBootContextLoader.loadContext(SpringBootContextLoader.java:144) ~[spring-boot-test-3.4.4.jar:3.4.4]
	at org.springframework.boot.test.context.SpringBootContextLoader.loadContext(SpringBootContextLoader.java:110) ~[spring-boot-test-3.4.4.jar:3.4.4]
	at org.springframework.test.context.cache.DefaultCacheAwareContextLoaderDelegate.loadContextInternal(DefaultCacheAwareContextLoaderDelegate.java:225) ~[spring-test-6.2.5.jar:6.2.5]
	at org.springframework.test.context.cache.DefaultCacheAwareContextLoaderDelegate.loadContext(DefaultCacheAwareContextLoaderDelegate.java:152) ~[spring-test-6.2.5.jar:6.2.5]
	at org.springframework.test.context.support.DefaultTestContext.getApplicationContext(DefaultTestContext.java:130) ~[spring-test-6.2.5.jar:6.2.5]
	at org.springframework.test.context.web.ServletTestExecutionListener.setUpRequestContextIfNecessary(ServletTestExecutionListener.java:200) ~[spring-test-6.2.5.jar:6.2.5]
	at org.springframework.test.context.web.ServletTestExecutionListener.prepareTestInstance(ServletTestExecutionListener.java:139) ~[spring-test-6.2.5.jar:6.2.5]
	at org.springframework.test.context.TestContextManager.prepareTestInstance(TestContextManager.java:260) ~[spring-test-6.2.5.jar:6.2.5]
	at org.springframework.test.context.junit.jupiter.SpringExtension.postProcessTestInstance(SpringExtension.java:160) ~[spring-test-6.2.5.jar:6.2.5]
	at org.junit.jupiter.engine.descriptor.ClassBasedTestDescriptor.lambda$invokeTestInstancePostProcessors$11(ClassBasedTestDescriptor.java:378) ~[junit-jupiter-engine-5.11.4.jar:5.11.4]
	at org.junit.jupiter.engine.descriptor.ClassBasedTestDescriptor.executeAndMaskThrowable(ClassBasedTestDescriptor.java:383) ~[junit-jupiter-engine-5.11.4.jar:5.11.4]
	at org.junit.jupiter.engine.descriptor.ClassBasedTestDescriptor.lambda$invokeTestInstancePostProcessors$12(ClassBasedTestDescriptor.java:378) ~[junit-jupiter-engine-5.11.4.jar:5.11.4]
	at java.base/java.util.stream.ForEachOps$ForEachOp$OfRef.accept(ForEachOps.java:184) ~[na:na]
	at java.base/java.util.stream.ReferencePipeline$3$1.accept(ReferencePipeline.java:215) ~[na:na]
	at java.base/java.util.stream.ReferencePipeline$2$1.accept(ReferencePipeline.java:197) ~[na:na]
	at java.base/java.util.stream.ReferencePipeline$3$1.accept(ReferencePipeline.java:215) ~[na:na]
	at java.base/java.util.ArrayList$ArrayListSpliterator.forEachRemaining(ArrayList.java:1709) ~[na:na]
	at java.base/java.util.stream.AbstractPipeline.copyInto(AbstractPipeline.java:570) ~[na:na]
	at java.base/java.util.stream.AbstractPipeline.wrapAndCopyInto(AbstractPipeline.java:560) ~[na:na]
	at java.base/java.util.stream.ForEachOps$ForEachOp.evaluateSequential(ForEachOps.java:151) ~[na:na]
	at java.base/java.util.stream.ForEachOps$ForEachOp$OfRef.evaluateSequential(ForEachOps.java:174) ~[na:na]
	at java.base/java.util.stream.AbstractPipeline.evaluate(AbstractPipeline.java:265) ~[na:na]
	at java.base/java.util.stream.ReferencePipeline.forEach(ReferencePipeline.java:636) ~[na:na]
	at org.junit.jupiter.engine.descriptor.ClassBasedTestDescriptor.invokeTestInstancePostProcessors(ClassBasedTestDescriptor.java:377) ~[junit-jupiter-engine-5.11.4.jar:5.11.4]
	at org.junit.jupiter.engine.descriptor.ClassBasedTestDescriptor.lambda$instantiateAndPostProcessTestInstance$7(ClassBasedTestDescriptor.java:290) ~[junit-jupiter-engine-5.11.4.jar:5.11.4]
	at org.junit.platform.engine.support.hierarchical.ThrowableCollector.execute(ThrowableCollector.java:73) ~[junit-platform-engine-1.11.4.jar:1.11.4]
	at org.junit.jupiter.engine.descriptor.ClassBasedTestDescriptor.instantiateAndPostProcessTestInstance(ClassBasedTestDescriptor.java:289) ~[junit-jupiter-engine-5.11.4.jar:5.11.4]
	at org.junit.jupiter.engine.descriptor.ClassBasedTestDescriptor.lambda$testInstancesProvider$5(ClassBasedTestDescriptor.java:279) ~[junit-jupiter-engine-5.11.4.jar:5.11.4]
	at java.base/java.util.Optional.orElseGet(Optional.java:364) ~[na:na]
	at org.junit.jupiter.engine.descriptor.ClassBasedTestDescriptor.lambda$testInstancesProvider$6(ClassBasedTestDescriptor.java:278) ~[junit-jupiter-engine-5.11.4.jar:5.11.4]
	at org.junit.jupiter.engine.execution.TestInstancesProvider.getTestInstances(TestInstancesProvider.java:31) ~[junit-jupiter-engine-5.11.4.jar:5.11.4]
	at org.junit.jupiter.engine.descriptor.ClassBasedTestDescriptor.lambda$before$3(ClassBasedTestDescriptor.java:204) ~[junit-jupiter-engine-5.11.4.jar:5.11.4]
	at org.junit.platform.engine.support.hierarchical.ThrowableCollector.execute(ThrowableCollector.java:73) ~[junit-platform-engine-1.11.4.jar:1.11.4]
	at org.junit.jupiter.engine.descriptor.ClassBasedTestDescriptor.before(ClassBasedTestDescriptor.java:203) ~[junit-jupiter-engine-5.11.4.jar:5.11.4]
	at org.junit.jupiter.engine.descriptor.ClassBasedTestDescriptor.before(ClassBasedTestDescriptor.java:85) ~[junit-jupiter-engine-5.11.4.jar:5.11.4]
	at org.junit.platform.engine.support.hierarchical.NodeTestTask.lambda$executeRecursively$6(NodeTestTask.java:153) ~[junit-platform-engine-1.11.4.jar:1.11.4]
	at org.junit.platform.engine.support.hierarchical.ThrowableCollector.execute(ThrowableCollector.java:73) ~[junit-platform-engine-1.11.4.jar:1.11.4]
	at org.junit.platform.engine.support.hierarchical.NodeTestTask.lambda$executeRecursively$8(NodeTestTask.java:146) ~[junit-platform-engine-1.11.4.jar:1.11.4]
	at org.junit.platform.engine.support.hierarchical.Node.around(Node.java:137) ~[junit-platform-engine-1.11.4.jar:1.11.4]
	at org.junit.platform.engine.support.hierarchical.NodeTestTask.lambda$executeRecursively$9(NodeTestTask.java:144) ~[junit-platform-engine-1.11.4.jar:1.11.4]
	at org.junit.platform.engine.support.hierarchical.ThrowableCollector.execute(ThrowableCollector.java:73) ~[junit-platform-engine-1.11.4.jar:1.11.4]
	at org.junit.platform.engine.support.hierarchical.NodeTestTask.executeRecursively(NodeTestTask.java:143) ~[junit-platform-engine-1.11.4.jar:1.11.4]
	at org.junit.platform.engine.support.hierarchical.NodeTestTask.execute(NodeTestTask.java:100) ~[junit-platform-engine-1.11.4.jar:1.11.4]
	at java.base/java.util.ArrayList.forEach(ArrayList.java:1597) ~[na:na]
	at org.junit.platform.engine.support.hierarchical.SameThreadHierarchicalTestExecutorService.invokeAll(SameThreadHierarchicalTestExecutorService.java:41) ~[junit-platform-engine-1.11.4.jar:1.11.4]
	at org.junit.platform.engine.support.hierarchical.NodeTestTask.lambda$executeRecursively$6(NodeTestTask.java:160) ~[junit-platform-engine-1.11.4.jar:1.11.4]
	at org.junit.platform.engine.support.hierarchical.ThrowableCollector.execute(ThrowableCollector.java:73) ~[junit-platform-engine-1.11.4.jar:1.11.4]
	at org.junit.platform.engine.support.hierarchical.NodeTestTask.lambda$executeRecursively$8(NodeTestTask.java:146) ~[junit-platform-engine-1.11.4.jar:1.11.4]
	at org.junit.platform.engine.support.hierarchical.Node.around(Node.java:137) ~[junit-platform-engine-1.11.4.jar:1.11.4]
	at org.junit.platform.engine.support.hierarchical.NodeTestTask.lambda$executeRecursively$9(NodeTestTask.java:144) ~[junit-platform-engine-1.11.4.jar:1.11.4]
	at org.junit.platform.engine.support.hierarchical.ThrowableCollector.execute(ThrowableCollector.java:73) ~[junit-platform-engine-1.11.4.jar:1.11.4]
	at org.junit.platform.engine.support.hierarchical.NodeTestTask.executeRecursively(NodeTestTask.java:143) ~[junit-platform-engine-1.11.4.jar:1.11.4]
	at org.junit.platform.engine.support.hierarchical.NodeTestTask.execute(NodeTestTask.java:100) ~[junit-platform-engine-1.11.4.jar:1.11.4]
	at org.junit.platform.engine.support.hierarchical.SameThreadHierarchicalTestExecutorService.submit(SameThreadHierarchicalTestExecutorService.java:35) ~[junit-platform-engine-1.11.4.jar:1.11.4]
	at org.junit.platform.engine.support.hierarchical.HierarchicalTestExecutor.execute(HierarchicalTestExecutor.java:57) ~[junit-platform-engine-1.11.4.jar:1.11.4]
	at org.junit.platform.engine.support.hierarchical.HierarchicalTestEngine.execute(HierarchicalTestEngine.java:54) ~[junit-platform-engine-1.11.4.jar:1.11.4]
	at org.junit.platform.launcher.core.EngineExecutionOrchestrator.execute(EngineExecutionOrchestrator.java:198) ~[junit-platform-launcher-1.11.4.jar:1.11.4]
	at org.junit.platform.launcher.core.EngineExecutionOrchestrator.execute(EngineExecutionOrchestrator.java:169) ~[junit-platform-launcher-1.11.4.jar:1.11.4]
	at org.junit.platform.launcher.core.EngineExecutionOrchestrator.execute(EngineExecutionOrchestrator.java:93) ~[junit-platform-launcher-1.11.4.jar:1.11.4]
	at org.junit.platform.launcher.core.EngineExecutionOrchestrator.lambda$execute$0(EngineExecutionOrchestrator.java:58) ~[junit-platform-launcher-1.11.4.jar:1.11.4]
	at org.junit.platform.launcher.core.EngineExecutionOrchestrator.withInterceptedStreams(EngineExecutionOrchestrator.java:141) ~[junit-platform-launcher-1.11.4.jar:1.11.4]
	at org.junit.platform.launcher.core.EngineExecutionOrchestrator.execute(EngineExecutionOrchestrator.java:57) ~[junit-platform-launcher-1.11.4.jar:1.11.4]
	at org.junit.platform.launcher.core.DefaultLauncher.execute(DefaultLauncher.java:103) ~[junit-platform-launcher-1.11.4.jar:1.11.4]
	at org.junit.platform.launcher.core.DefaultLauncher.execute(DefaultLauncher.java:85) ~[junit-platform-launcher-1.11.4.jar:1.11.4]
	at org.junit.platform.launcher.core.DelegatingLauncher.execute(DelegatingLauncher.java:47) ~[junit-platform-launcher-1.11.4.jar:1.11.4]
	at org.junit.platform.launcher.core.SessionPerRequestLauncher.execute(SessionPerRequestLauncher.java:63) ~[junit-platform-launcher-1.11.4.jar:1.11.4]
	at com.intellij.junit5.JUnit5IdeaTestRunner.startRunnerWithArgs(JUnit5IdeaTestRunner.java:57) ~[junit5-rt.jar:na]
	at com.intellij.rt.junit.IdeaTestRunner$Repeater$1.execute(IdeaTestRunner.java:38) ~[junit-rt.jar:na]
	at com.intellij.rt.execution.junit.TestsRepeater.repeat(TestsRepeater.java:11) ~[idea_rt.jar:na]
	at com.intellij.rt.junit.IdeaTestRunner$Repeater.startRunnerWithArgs(IdeaTestRunner.java:35) ~[junit-rt.jar:na]
	at com.intellij.rt.junit.JUnitStarter.prepareStreamsAndStart(JUnitStarter.java:232) ~[junit-rt.jar:na]
	at com.intellij.rt.junit.JUnitStarter.main(JUnitStarter.java:55) ~[junit-rt.jar:na]
Caused by: java.lang.IllegalStateException: Bootstrap step 'appoint-manager' failed: Database is currently unavailable. Unable to perform operation: updateUser. Please try again later.
	at com.SEGroup.UI.InitFileRunner.failIfNeeded(InitFileRunner.java:362) ~[classes/:na]
	at com.SEGroup.UI.InitFileRunner.replay(InitFileRunner.java:294) ~[classes/:na]
	at com.SEGroup.UI.InitFileRunner.replayFile(InitFileRunner.java:324) ~[classes/:na]
	... 93 common frames omitted

2025-06-29T13:50:55.985+03:00  INFO 13828 --- [marketplace] [SpringApplicationShutdownHook] j.LocalContainerEntityManagerFactoryBean : Closing JPA EntityManagerFactory for persistence unit 'default'
2025-06-29T13:50:55.989+03:00  INFO 13828 --- [marketplace] [SpringApplicationShutdownHook] com.zaxxer.hikari.HikariDataSource       : HikariPool-1 - Shutdown initiated...
2025-06-29T13:50:55.995+03:00  INFO 13828 --- [marketplace] [SpringApplicationShutdownHook] com.zaxxer.hikari.HikariDataSource       : HikariPool-1 - Shutdown completed.
2025-06-29T13:51:37.028+03:00  INFO 15320 --- [marketplace] [main] c.S.System.InitFileIntegrationTest       : Starting InitFileIntegrationTest using Java 23.0.1 with PID 15320 (started by gilpl in C:\Users\gilpl\Desktop\Workshop-on-SE-Project)
2025-06-29T13:51:37.030+03:00  INFO 15320 --- [marketplace] [main] c.S.System.InitFileIntegrationTest       : The following 1 profile is active: "db"
2025-06-29T13:51:38.768+03:00  INFO 15320 --- [marketplace] [main] .s.d.r.c.RepositoryConfigurationDelegate : Bootstrapping Spring Data JPA repositories in DEFAULT mode.
2025-06-29T13:51:39.109+03:00  INFO 15320 --- [marketplace] [main] .s.d.r.c.RepositoryConfigurationDelegate : Finished Spring Data repository scanning in 319 ms. Found 6 JPA repository interfaces.
2025-06-29T13:51:40.248+03:00  INFO 15320 --- [marketplace] [main] o.hibernate.jpa.internal.util.LogHelper  : HHH000204: Processing PersistenceUnitInfo [name: default]
2025-06-29T13:51:40.356+03:00  INFO 15320 --- [marketplace] [main] org.hibernate.Version                    : HHH000412: Hibernate ORM core version 6.6.11.Final
2025-06-29T13:51:40.427+03:00  INFO 15320 --- [marketplace] [main] o.h.c.internal.RegionFactoryInitiator    : HHH000026: Second-level cache disabled
2025-06-29T13:51:40.930+03:00  INFO 15320 --- [marketplace] [main] o.s.o.j.p.SpringPersistenceUnitInfo      : No LoadTimeWeaver setup: ignoring JPA class transformer
2025-06-29T13:51:40.982+03:00  INFO 15320 --- [marketplace] [main] com.zaxxer.hikari.HikariDataSource       : HikariPool-1 - Starting...
2025-06-29T13:51:41.609+03:00  INFO 15320 --- [marketplace] [main] com.zaxxer.hikari.pool.HikariPool        : HikariPool-1 - Added connection conn0: url=jdbc:h2:file:./data/test_db/test-db user=SA
2025-06-29T13:51:41.614+03:00  INFO 15320 --- [marketplace] [main] com.zaxxer.hikari.HikariDataSource       : HikariPool-1 - Start completed.
2025-06-29T13:51:41.733+03:00  WARN 15320 --- [marketplace] [main] org.hibernate.orm.deprecation            : HHH90000025: H2Dialect does not need to be specified explicitly using 'hibernate.dialect' (remove the property setting and it will be selected by default)
2025-06-29T13:51:41.781+03:00  INFO 15320 --- [marketplace] [main] org.hibernate.orm.connections.pooling    : HHH10001005: Database info:
	Database JDBC URL [Connecting through datasource 'HikariDataSource (HikariPool-1)']
	Database driver: undefined/unknown
	Database version: 2.3.232
	Autocommit mode: undefined/unknown
	Isolation level: undefined/unknown
	Minimum pool size: undefined/unknown
	Maximum pool size: undefined/unknown
2025-06-29T13:51:43.980+03:00  INFO 15320 --- [marketplace] [main] o.h.m.internal.PojoInstantiatorImpl      : HHH000182: No default (no-argument) constructor for class: com.SEGroup.DTO.BidDTOforUser (class must be instantiated by Interceptor)
2025-06-29T13:51:44.296+03:00  INFO 15320 --- [marketplace] [main] o.h.e.t.j.p.i.JtaPlatformInitiator       : HHH000489: No JTA platform available (set 'hibernate.transaction.jta.platform' to enable JTA platform integration)
2025-06-29T13:51:44.320+03:00 DEBUG 15320 --- [marketplace] [main] org.hibernate.SQL                        : drop table if exists auctions cascade 
2025-06-29T13:51:44.328+03:00 DEBUG 15320 --- [marketplace] [main] org.hibernate.SQL                        : drop table if exists basket cascade 
2025-06-29T13:51:44.330+03:00 DEBUG 15320 --- [marketplace] [main] org.hibernate.SQL                        : drop table if exists bids cascade 
2025-06-29T13:51:44.331+03:00 DEBUG 15320 --- [marketplace] [main] org.hibernate.SQL                        : drop table if exists catalog_product_categories cascade 
2025-06-29T13:51:44.332+03:00 DEBUG 15320 --- [marketplace] [main] org.hibernate.SQL                        : drop table if exists catalog_products cascade 
2025-06-29T13:51:44.333+03:00 DEBUG 15320 --- [marketplace] [main] org.hibernate.SQL                        : drop table if exists guests cascade 
2025-06-29T13:51:44.335+03:00 DEBUG 15320 --- [marketplace] [main] org.hibernate.SQL                        : drop table if exists manager_permissions cascade 
2025-06-29T13:51:44.337+03:00 DEBUG 15320 --- [marketplace] [main] org.hibernate.SQL                        : drop table if exists product_categories cascade 
2025-06-29T13:51:44.339+03:00 DEBUG 15320 --- [marketplace] [main] org.hibernate.SQL                        : drop table if exists product_ratings cascade 
2025-06-29T13:51:44.345+03:00 DEBUG 15320 --- [marketplace] [main] org.hibernate.SQL                        : drop table if exists purchase_history cascade 
2025-06-29T13:51:44.346+03:00 DEBUG 15320 --- [marketplace] [main] org.hibernate.SQL                        : drop table if exists review cascade 
2025-06-29T13:51:44.347+03:00 DEBUG 15320 --- [marketplace] [main] org.hibernate.SQL                        : drop table if exists shopping_cart cascade 
2025-06-29T13:51:44.348+03:00 DEBUG 15320 --- [marketplace] [main] org.hibernate.SQL                        : drop table if exists shopping_product cascade 
2025-06-29T13:51:44.349+03:00 DEBUG 15320 --- [marketplace] [main] org.hibernate.SQL                        : drop table if exists store_managers cascade 
2025-06-29T13:51:44.351+03:00 DEBUG 15320 --- [marketplace] [main] org.hibernate.SQL                        : drop table if exists store_owners cascade 
2025-06-29T13:51:44.353+03:00 DEBUG 15320 --- [marketplace] [main] org.hibernate.SQL                        : drop table if exists store_products cascade 
2025-06-29T13:51:44.354+03:00 DEBUG 15320 --- [marketplace] [main] org.hibernate.SQL                        : drop table if exists store_ratings cascade 
2025-06-29T13:51:44.355+03:00 DEBUG 15320 --- [marketplace] [main] org.hibernate.SQL                        : drop table if exists stores cascade 
2025-06-29T13:51:44.356+03:00 DEBUG 15320 --- [marketplace] [main] org.hibernate.SQL                        : drop table if exists transaction_items cascade 
2025-06-29T13:51:44.357+03:00 DEBUG 15320 --- [marketplace] [main] org.hibernate.SQL                        : drop table if exists transactions cascade 
2025-06-29T13:51:44.358+03:00 DEBUG 15320 --- [marketplace] [main] org.hibernate.SQL                        : drop table if exists user_active_bids cascade 
2025-06-29T13:51:44.359+03:00 DEBUG 15320 --- [marketplace] [main] org.hibernate.SQL                        : drop table if exists user_store_roles cascade 
2025-06-29T13:51:44.360+03:00 DEBUG 15320 --- [marketplace] [main] org.hibernate.SQL                        : drop table if exists users cascade 
2025-06-29T13:51:44.369+03:00 DEBUG 15320 --- [marketplace] [main] org.hibernate.SQL                        : create table auctions (ended boolean not null, highest_bid_id integer unique, starting_price float(53) not null, end_time timestamp(6) not null, id bigint generated by default as identity, primary key (id))
2025-06-29T13:51:44.374+03:00 DEBUG 15320 --- [marketplace] [main] org.hibernate.SQL                        : create table basket (store_id varchar(255) not null, user_id varchar(255) not null, product2qty JSON, primary key (store_id))
2025-06-29T13:51:44.376+03:00 DEBUG 15320 --- [marketplace] [main] org.hibernate.SQL                        : create table bids (amount float(53) not null, id integer generated by default as identity, bidder_email varchar(255) not null, product_id varchar(255), state enum ('ACCEPTED','PENDINGFORCOSTUMER','PENDINGFORSELLER','REJECTED') not null, primary key (id))
2025-06-29T13:51:44.378+03:00 DEBUG 15320 --- [marketplace] [main] org.hibernate.SQL                        : create table catalog_product_categories (catalog_id varchar(255) not null, category varchar(255))
2025-06-29T13:51:44.379+03:00 DEBUG 15320 --- [marketplace] [main] org.hibernate.SQL                        : create table catalog_products (brand varchar(255), catalog_id varchar(255) not null, description varchar(255), name varchar(255), primary key (catalog_id))
2025-06-29T13:51:44.380+03:00 DEBUG 15320 --- [marketplace] [main] org.hibernate.SQL                        : create table guests (issued_at timestamp(6) with time zone not null, cart_id varchar(255) unique, id varchar(255) not null, primary key (id))
2025-06-29T13:51:44.382+03:00 DEBUG 15320 --- [marketplace] [main] org.hibernate.SQL                        : create table manager_permissions (manager_email varchar(255) not null, permission enum ('MANAGE_BIDS','MANAGE_POLICIES','MANAGE_PRODUCTS','MANAGE_ROLES','VIEW_ONLY'))
2025-06-29T13:51:44.385+03:00 DEBUG 15320 --- [marketplace] [main] org.hibernate.SQL                        : create table product_categories (category varchar(255), product_id varchar(255) not null)
2025-06-29T13:51:44.387+03:00 DEBUG 15320 --- [marketplace] [main] org.hibernate.SQL                        : create table product_ratings (score integer, product_id varchar(255) not null, review varchar(255), user_id varchar(255) not null, primary key (product_id, user_id))
2025-06-29T13:51:44.389+03:00 DEBUG 15320 --- [marketplace] [main] org.hibernate.SQL                        : create table purchase_history (transaction_id varchar(255), user_email varchar(255) not null)
2025-06-29T13:51:44.390+03:00 DEBUG 15320 --- [marketplace] [main] org.hibernate.SQL                        : create table review (rating integer, id bigint generated by default as identity, review_id varchar(255), review_text varchar(255), reviewer_id varchar(255) not null, reviewer_name varchar(255) not null, store_comment varchar(255), store_name varchar(255), primary key (id))
2025-06-29T13:51:44.392+03:00 DEBUG 15320 --- [marketplace] [main] org.hibernate.SQL                        : create table shopping_cart (user_id varchar(255) not null, primary key (user_id))
2025-06-29T13:51:44.394+03:00 DEBUG 15320 --- [marketplace] [main] org.hibernate.SQL                        : create table shopping_product (minimum_quantity integer, price float(53), quantity integer, auction_id bigint unique, catalog_id varchar(255), description varchar(255), image_url varchar(255), name varchar(255), product_id varchar(255) not null, product_key varchar(255), store_name varchar(255), primary key (product_id))
2025-06-29T13:51:44.396+03:00 DEBUG 15320 --- [marketplace] [main] org.hibernate.SQL                        : create table store_managers (appointed_by varchar(255), manager_email varchar(255) not null, store_name varchar(255), primary key (manager_email))
2025-06-29T13:51:44.397+03:00 DEBUG 15320 --- [marketplace] [main] org.hibernate.SQL                        : create table store_owners (appointed_by varchar(255), email varchar(255) not null, store_name varchar(255) not null, primary key (email, store_name))
2025-06-29T13:51:44.399+03:00 DEBUG 15320 --- [marketplace] [main] org.hibernate.SQL                        : create table store_products (price float(53) not null, quantity integer not null, rating float(53) not null, id bigint generated by default as identity, catalog_id varchar(255), image_url varchar(255), name varchar(255), product_id varchar(255), store_name varchar(255), primary key (id))
2025-06-29T13:51:44.400+03:00 DEBUG 15320 --- [marketplace] [main] org.hibernate.SQL                        : create table store_ratings (score integer, review varchar(255), store_name varchar(255) not null, user_id varchar(255) not null, primary key (store_name, user_id))
2025-06-29T13:51:44.402+03:00 DEBUG 15320 --- [marketplace] [main] org.hibernate.SQL                        : create table stores (balance float(53), discount_percentage float(53), duration_in_days integer, is_active boolean, description varchar(255), email varchar(255), in_store_product_id varbinary(255), name varchar(255) not null, primary key (name))
2025-06-29T13:51:44.404+03:00 DEBUG 15320 --- [marketplace] [main] org.hibernate.SQL                        : create table transaction_items (transaction_id integer not null, product_id varchar(255))
2025-06-29T13:51:44.405+03:00 DEBUG 15320 --- [marketplace] [main] org.hibernate.SQL                        : create table transactions (cost float(53) not null, id integer generated by default as identity, buyers_email varchar(255) not null, store_name varchar(255) not null, primary key (id))
2025-06-29T13:51:44.408+03:00 DEBUG 15320 --- [marketplace] [main] org.hibernate.SQL                        : create table user_active_bids (bid_id integer, product_id varchar(255), store_name varchar(255), user_email varchar(255) not null)
2025-06-29T13:51:44.409+03:00 DEBUG 15320 --- [marketplace] [main] org.hibernate.SQL                        : create table user_store_roles (role varbinary(255), store_name varchar(255) not null, user_email varchar(255) not null, primary key (store_name, user_email))
2025-06-29T13:51:44.411+03:00 DEBUG 15320 --- [marketplace] [main] org.hibernate.SQL                        : create table users (end_time timestamp(6), start_time timestamp(6), billing_address varchar(255), billing_city varchar(255), billing_country varchar(255), billing_zip_code varchar(255), card_holder varchar(255), cart_id varchar(255) unique, city varchar(255), country varchar(255), email varchar(255) not null, encrypted_card_number varchar(255), encrypted_cvv varchar(255), expiry_date varchar(255), id varchar(255), password_hash varchar(255) not null, reason varchar(255), street_address varchar(255), user_email varchar(255), username varchar(255) not null, zip_code varchar(255), is_admin enum ('ADMIN','GUEST','STORE_FOUNDER','STORE_MANAGER','STORE_OWNER','SUBSCRIBER','SYSTEM_MANAGER') not null, primary key (email))
2025-06-29T13:51:44.415+03:00 DEBUG 15320 --- [marketplace] [main] org.hibernate.SQL                        : alter table if exists auctions add constraint FKba3srans7tltfot91urp2iq7g foreign key (highest_bid_id) references bids
2025-06-29T13:51:44.438+03:00 DEBUG 15320 --- [marketplace] [main] org.hibernate.SQL                        : alter table if exists basket add constraint FK3pktq335nwec3n0mf6hv3wa7r foreign key (user_id) references shopping_cart
2025-06-29T13:51:44.440+03:00 DEBUG 15320 --- [marketplace] [main] org.hibernate.SQL                        : alter table if exists bids add constraint FKql35aiaxkn6r9ff6rv3q39qrr foreign key (product_id) references shopping_product
2025-06-29T13:51:44.444+03:00 DEBUG 15320 --- [marketplace] [main] org.hibernate.SQL                        : alter table if exists catalog_product_categories add constraint FKi1eqsufoxs7bn41y0tosavmuc foreign key (catalog_id) references catalog_products
2025-06-29T13:51:44.446+03:00 DEBUG 15320 --- [marketplace] [main] org.hibernate.SQL                        : alter table if exists guests add constraint FKb5ijqh4va7ik4q662dnbwt72t foreign key (cart_id) references shopping_cart
2025-06-29T13:51:44.449+03:00 DEBUG 15320 --- [marketplace] [main] org.hibernate.SQL                        : alter table if exists manager_permissions add constraint FKnqo1xr8y75xs76la825jtsfxo foreign key (manager_email) references store_managers
2025-06-29T13:51:44.451+03:00 DEBUG 15320 --- [marketplace] [main] org.hibernate.SQL                        : alter table if exists product_categories add constraint FKc7b2d3d9aly7gun7x0i6l42hw foreign key (product_id) references shopping_product
2025-06-29T13:51:44.453+03:00 DEBUG 15320 --- [marketplace] [main] org.hibernate.SQL                        : alter table if exists product_ratings add constraint FK6b3l24t9qn5yvcaqbfv1umw0a foreign key (product_id) references shopping_product
2025-06-29T13:51:44.454+03:00 DEBUG 15320 --- [marketplace] [main] org.hibernate.SQL                        : alter table if exists purchase_history add constraint FK4eru7gc7isv6k8sdtigk5g4xw foreign key (user_email) references users
2025-06-29T13:51:44.456+03:00 DEBUG 15320 --- [marketplace] [main] org.hibernate.SQL                        : alter table if exists review add constraint FK61n3a6ei35vh9ba5mtnl2o4tt foreign key (store_name) references stores
2025-06-29T13:51:44.460+03:00 DEBUG 15320 --- [marketplace] [main] org.hibernate.SQL                        : alter table if exists shopping_product add constraint FKbg8xvpkeg2kxyksngbwi61bcx foreign key (auction_id) references auctions
2025-06-29T13:51:44.461+03:00 DEBUG 15320 --- [marketplace] [main] org.hibernate.SQL                        : alter table if exists shopping_product add constraint FKr4jmawcjph0rbc2ioy3p6n8i3 foreign key (store_name) references stores
2025-06-29T13:51:44.463+03:00 DEBUG 15320 --- [marketplace] [main] org.hibernate.SQL                        : alter table if exists store_managers add constraint FKngr6t13l14u4nuyqdshui8jr4 foreign key (store_name) references stores
2025-06-29T13:51:44.464+03:00 DEBUG 15320 --- [marketplace] [main] org.hibernate.SQL                        : alter table if exists store_owners add constraint FKc29vd1jhpehyqc39nt3xfulq2 foreign key (store_name) references stores
2025-06-29T13:51:44.465+03:00 DEBUG 15320 --- [marketplace] [main] org.hibernate.SQL                        : alter table if exists store_ratings add constraint FKfxb0e0hxh0ciihd8n9y2802w4 foreign key (store_name) references stores
2025-06-29T13:51:44.467+03:00 DEBUG 15320 --- [marketplace] [main] org.hibernate.SQL                        : alter table if exists transaction_items add constraint FKfaqqkmi2ahnahay1ciwffqwyp foreign key (transaction_id) references transactions
2025-06-29T13:51:44.470+03:00 DEBUG 15320 --- [marketplace] [main] org.hibernate.SQL                        : alter table if exists user_active_bids add constraint FKoyasiw6jsnuqdfc3pa31axrbu foreign key (user_email) references users
2025-06-29T13:51:44.471+03:00 DEBUG 15320 --- [marketplace] [main] org.hibernate.SQL                        : alter table if exists user_store_roles add constraint FKlhxpqiwpnqvi5jgnps5p9qbsy foreign key (user_email) references users
2025-06-29T13:51:44.473+03:00 DEBUG 15320 --- [marketplace] [main] org.hibernate.SQL                        : alter table if exists users add constraint FK6jdrni2j64vqsvgjm8ub789pk foreign key (cart_id) references shopping_cart
2025-06-29T13:51:44.482+03:00  INFO 15320 --- [marketplace] [main] j.LocalContainerEntityManagerFactoryBean : Initialized JPA EntityManagerFactory for persistence unit 'default'
2025-06-29T13:51:45.870+03:00  INFO 15320 --- [marketplace] [main] o.s.d.j.r.query.QueryEnhancerFactory     : Hibernate is in classpath; If applicable, HQL parser will be used.
2025-06-29T13:51:47.488+03:00 DEBUG 15320 --- [marketplace] [main] org.hibernate.SQL                        : select u1_0.email from users u1_0 where u1_0.email=? fetch first ? rows only
2025-06-29T13:51:47.684+03:00 DEBUG 15320 --- [marketplace] [main] org.hibernate.SQL                        : select u1_0.email,ab1_0.user_email,ab1_0.bid_id,ab1_0.product_id,ab1_0.store_name,u1_0.street_address,u1_0.city,u1_0.country,u1_0.zip_code,c1_0.user_id,u1_0.billing_address,u1_0.card_holder,u1_0.billing_city,u1_0.billing_country,u1_0.encrypted_card_number,u1_0.encrypted_cvv,u1_0.expiry_date,u1_0.id,u1_0.billing_zip_code,u1_0.is_admin,u1_0.password_hash,sr1_0.user_email,sr1_0.store_name,sr1_0.role,u1_0.end_time,u1_0.reason,u1_0.start_time,u1_0.user_email,u1_0.username from users u1_0 left join user_active_bids ab1_0 on u1_0.email=ab1_0.user_email left join shopping_cart c1_0 on c1_0.user_id=u1_0.cart_id left join user_store_roles sr1_0 on u1_0.email=sr1_0.user_email where u1_0.email=?
2025-06-29T13:51:47.866+03:00 DEBUG 15320 --- [marketplace] [main] org.hibernate.SQL                        : insert into users (street_address,city,country,zip_code,cart_id,billing_address,card_holder,billing_city,billing_country,encrypted_card_number,encrypted_cvv,expiry_date,id,billing_zip_code,is_admin,password_hash,end_time,reason,start_time,user_email,username,email) values (?,?,?,?,?,?,?,?,?,?,?,?,?,?,?,?,?,?,?,?,?,?)
2025-06-29T13:51:47.993+03:00  WARN 15320 --- [marketplace] [main] JpaBaseConfiguration$JpaWebConfiguration : spring.jpa.open-in-view is enabled by default. Therefore, database queries may be performed during view rendering. Explicitly configure spring.jpa.open-in-view to disable this warning
2025-06-29T13:51:48.147+03:00  INFO 15320 --- [marketplace] [main] r$InitializeUserDetailsManagerConfigurer : Global AuthenticationManager configured with UserDetailsService bean with name inMemoryUserDetailsManager
2025-06-29T13:51:49.944+03:00  INFO 15320 --- [marketplace] [main] org.atmosphere.cpr.AtmosphereFramework   : Installed AtmosphereHandler com.vaadin.hilla.push.PushEndpoint mapped to context-path: /HILLA/push
2025-06-29T13:51:49.945+03:00  INFO 15320 --- [marketplace] [main] org.atmosphere.cpr.AtmosphereFramework   : Installed the following AtmosphereInterceptor mapped to AtmosphereHandler com.vaadin.hilla.push.PushEndpoint
2025-06-29T13:51:49.945+03:00  INFO 15320 --- [marketplace] [main] org.atmosphere.cpr.AtmosphereFramework   : 	org.atmosphere.interceptor.AtmosphereResourceLifecycleInterceptor : Atmosphere LifeCycle
2025-06-29T13:51:49.945+03:00  INFO 15320 --- [marketplace] [main] org.atmosphere.cpr.AtmosphereFramework   : 	org.atmosphere.client.TrackMessageSizeInterceptor :  Track Message Size Interceptor using |
2025-06-29T13:51:49.945+03:00  INFO 15320 --- [marketplace] [main] org.atmosphere.cpr.AtmosphereFramework   : 	org.atmosphere.interceptor.SuspendTrackerInterceptor : UUID Tracking Interceptor
2025-06-29T13:51:50.019+03:00  INFO 15320 --- [marketplace] [main] o.s.b.a.h2.H2ConsoleAutoConfiguration    : H2 console available at '/h2-console'. Database available at 'jdbc:h2:file:./data/test_db/test-db'
2025-06-29T13:51:50.323+03:00  INFO 15320 --- [marketplace] [main] c.S.System.InitFileIntegrationTest       : Started InitFileIntegrationTest in 13.851 seconds (process running for 16.277)
2025-06-29T13:51:50.333+03:00  INFO 15320 --- [marketplace] [main] com.SEGroup.UI.InitFileRunner            : [InitRunner] ===== STARTING BOOTSTRAP =====
2025-06-29T13:51:50.333+03:00  INFO 15320 --- [marketplace] [main] com.SEGroup.UI.InitFileRunner            : [InitRunner] Looking for bootstrap file at: class path resource [bootstrap/initial-state.json]
2025-06-29T13:51:50.334+03:00  INFO 15320 --- [marketplace] [main] com.SEGroup.UI.InitFileRunner            : [InitRunner] ✓ Found bootstrap file, starting replay...
2025-06-29T13:51:50.335+03:00  INFO 15320 --- [marketplace] [main] com.SEGroup.UI.InitFileRunner            : [InitRunner] Verifying services are properly injected...
2025-06-29T13:51:50.336+03:00  INFO 15320 --- [marketplace] [main] com.SEGroup.UI.InitFileRunner            : [InitRunner] ✓ All services properly injected
2025-06-29T13:51:50.383+03:00  INFO 15320 --- [marketplace] [main] com.SEGroup.UI.InitFileRunner            : [InitRunner] Starting replay of 15 steps
2025-06-29T13:51:50.383+03:00  INFO 15320 --- [marketplace] [main] com.SEGroup.UI.InitFileRunner            : [InitRunner] Step 1/15: Executing useCase: guest-registration
2025-06-29T13:51:50.384+03:00  INFO 15320 --- [marketplace] [main] com.SEGroup.UI.InitFileRunner            : [InitRunner] Registering user: u1@example.com
2025-06-29T13:51:50.488+03:00  INFO 15320 --- [marketplace] [main] com.SEGroup.Service.LoggerWrapper        : User registered successfully: u1@example.com, Email: u1@example.com
2025-06-29T13:51:50.489+03:00  INFO 15320 --- [marketplace] [main] com.SEGroup.UI.InitFileRunner            : [InitRunner] ✓ Successfully registered: u1@example.com
2025-06-29T13:51:50.490+03:00  INFO 15320 --- [marketplace] [main] com.SEGroup.UI.InitFileRunner            : [InitRunner] Step 2/15: Executing useCase: guest-registration
2025-06-29T13:51:50.490+03:00  INFO 15320 --- [marketplace] [main] com.SEGroup.UI.InitFileRunner            : [InitRunner] Registering user: u2@example.com
2025-06-29T13:51:50.571+03:00  INFO 15320 --- [marketplace] [main] com.SEGroup.Service.LoggerWrapper        : User registered successfully: u2@example.com, Email: u2@example.com
2025-06-29T13:51:50.571+03:00  INFO 15320 --- [marketplace] [main] com.SEGroup.UI.InitFileRunner            : [InitRunner] ✓ Successfully registered: u2@example.com
2025-06-29T13:51:50.572+03:00  INFO 15320 --- [marketplace] [main] com.SEGroup.UI.InitFileRunner            : [InitRunner] Step 3/15: Executing useCase: guest-registration
2025-06-29T13:51:50.572+03:00  INFO 15320 --- [marketplace] [main] com.SEGroup.UI.InitFileRunner            : [InitRunner] Registering user: u3@example.com
2025-06-29T13:51:50.657+03:00  INFO 15320 --- [marketplace] [main] com.SEGroup.Service.LoggerWrapper        : User registered successfully: u3@example.com, Email: u3@example.com
2025-06-29T13:51:50.658+03:00  INFO 15320 --- [marketplace] [main] com.SEGroup.UI.InitFileRunner            : [InitRunner] ✓ Successfully registered: u3@example.com
2025-06-29T13:51:50.659+03:00  INFO 15320 --- [marketplace] [main] com.SEGroup.UI.InitFileRunner            : [InitRunner] Step 4/15: Executing useCase: guest-registration
2025-06-29T13:51:50.659+03:00  INFO 15320 --- [marketplace] [main] com.SEGroup.UI.InitFileRunner            : [InitRunner] Registering user: u4@example.com
2025-06-29T13:51:50.737+03:00  INFO 15320 --- [marketplace] [main] com.SEGroup.Service.LoggerWrapper        : User registered successfully: u4@example.com, Email: u4@example.com
2025-06-29T13:51:50.737+03:00  INFO 15320 --- [marketplace] [main] com.SEGroup.UI.InitFileRunner            : [InitRunner] ✓ Successfully registered: u4@example.com
2025-06-29T13:51:50.737+03:00  INFO 15320 --- [marketplace] [main] com.SEGroup.UI.InitFileRunner            : [InitRunner] Step 5/15: Executing useCase: guest-registration
2025-06-29T13:51:50.737+03:00  INFO 15320 --- [marketplace] [main] com.SEGroup.UI.InitFileRunner            : [InitRunner] Registering user: u5@example.com
2025-06-29T13:51:50.813+03:00  INFO 15320 --- [marketplace] [main] com.SEGroup.Service.LoggerWrapper        : User registered successfully: u5@example.com, Email: u5@example.com
2025-06-29T13:51:50.814+03:00  INFO 15320 --- [marketplace] [main] com.SEGroup.UI.InitFileRunner            : [InitRunner] ✓ Successfully registered: u5@example.com
2025-06-29T13:51:50.815+03:00  INFO 15320 --- [marketplace] [main] com.SEGroup.UI.InitFileRunner            : [InitRunner] Step 6/15: Executing useCase: guest-registration
2025-06-29T13:51:50.815+03:00  INFO 15320 --- [marketplace] [main] com.SEGroup.UI.InitFileRunner            : [InitRunner] Registering user: u6@example.com
2025-06-29T13:51:50.896+03:00  INFO 15320 --- [marketplace] [main] com.SEGroup.Service.LoggerWrapper        : User registered successfully: u6@example.com, Email: u6@example.com
2025-06-29T13:51:50.897+03:00  INFO 15320 --- [marketplace] [main] com.SEGroup.UI.InitFileRunner            : [InitRunner] ✓ Successfully registered: u6@example.com
2025-06-29T13:51:50.897+03:00  INFO 15320 --- [marketplace] [main] com.SEGroup.UI.InitFileRunner            : [InitRunner] Step 7/15: Executing useCase: login
2025-06-29T13:51:50.897+03:00  INFO 15320 --- [marketplace] [main] com.SEGroup.UI.InitFileRunner            : [InitRunner] Logging in user: u2@example.com
2025-06-29T13:51:51.065+03:00  INFO 15320 --- [marketplace] [main] com.SEGroup.Service.LoggerWrapper        : User logged in successfully: u2@example.com
2025-06-29T13:51:51.066+03:00  INFO 15320 --- [marketplace] [main] com.SEGroup.UI.InitFileRunner            : [InitRunner] ✓ Successfully logged in: u2@example.com (token stored)
2025-06-29T13:51:51.067+03:00  INFO 15320 --- [marketplace] [main] com.SEGroup.UI.InitFileRunner            : [InitRunner] Step 8/15: Executing useCase: open-shop
2025-06-29T13:51:51.067+03:00  INFO 15320 --- [marketplace] [main] com.SEGroup.UI.InitFileRunner            : [InitRunner] Opening shop 'Bamba-Shop' for owner: u2@example.com
2025-06-29T13:51:51.109+03:00  INFO 15320 --- [marketplace] [main] com.SEGroup.Service.LoggerWrapper        : Creating store: Bamba-Shop
2025-06-29T13:51:51.115+03:00  INFO 15320 --- [marketplace] [main] com.SEGroup.UI.InitFileRunner            : [InitRunner] ✓ Successfully created store: Bamba-Shop
2025-06-29T13:51:51.116+03:00  INFO 15320 --- [marketplace] [main] com.SEGroup.UI.InitFileRunner            : [InitRunner] open-shop patch present – skipped
2025-06-29T13:51:51.117+03:00  INFO 15320 --- [marketplace] [main] com.SEGroup.UI.InitFileRunner            : [InitRunner] Step 9/15: Executing useCase: add-product-to-catalog
2025-06-29T13:51:51.122+03:00  INFO 15320 --- [marketplace] [main] com.SEGroup.UI.InitFileRunner            : [InitRunner] Adding product to catalog: Bamba 80 g Classic (ID: SNACK-001)
2025-06-29T13:51:51.124+03:00  INFO 15320 --- [marketplace] [main] com.SEGroup.Service.LoggerWrapper        : Adding product to catalog: SNACK-001
2025-06-29T13:51:51.132+03:00  INFO 15320 --- [marketplace] [main] com.SEGroup.UI.InitFileRunner            : [InitRunner] ✓ Successfully added to catalog: SNACK-001 -> SNACK-001
2025-06-29T13:51:51.132+03:00  INFO 15320 --- [marketplace] [main] com.SEGroup.UI.InitFileRunner            : [InitRunner] Step 10/15: Executing useCase: add-product-to-store
2025-06-29T13:51:51.132+03:00  INFO 15320 --- [marketplace] [main] com.SEGroup.UI.InitFileRunner            : [InitRunner] Adding product 'Bamba 80 g Classic' (catalog: SNACK-001) to store 'Bamba-Shop' by owner 'u2@example.com'
2025-06-29T13:51:51.153+03:00  INFO 15320 --- [marketplace] [main] com.SEGroup.Service.LoggerWrapper        : Added product to store: Bamba-Shop, Product ID: 0_Bamba-Shop
2025-06-29T13:51:51.153+03:00  INFO 15320 --- [marketplace] [main] com.SEGroup.UI.InitFileRunner            : [InitRunner] ✓ Successfully added product to store: Bamba 80 g Classic (product ID: 0_Bamba-Shop)
2025-06-29T13:51:51.155+03:00  INFO 15320 --- [marketplace] [main] com.SEGroup.UI.InitFileRunner            : [InitRunner] Step 11/15: Executing useCase: appoint-owner
2025-06-29T13:51:51.155+03:00  INFO 15320 --- [marketplace] [main] com.SEGroup.UI.InitFileRunner            : [InitRunner] Appointing 'u3@example.com' as owner of store 'Bamba-Shop' by current owner 'u2@example.com'
2025-06-29T13:51:51.168+03:00  INFO 15320 --- [marketplace] [main] com.SEGroup.Service.LoggerWrapper        : Appointed new owner for store: Bamba-Shop, New Owner: u3@example.com
2025-06-29T13:51:51.169+03:00  INFO 15320 --- [marketplace] [main] com.SEGroup.UI.InitFileRunner            : [InitRunner] ✓ Successfully appointed 'u3@example.com' as owner of 'Bamba-Shop'
2025-06-29T13:51:51.169+03:00  INFO 15320 --- [marketplace] [main] com.SEGroup.UI.InitFileRunner            : [InitRunner] Step 12/15: Executing useCase: appoint-manager
2025-06-29T13:51:51.170+03:00  INFO 15320 --- [marketplace] [main] com.SEGroup.UI.InitFileRunner            : [InitRunner] Appointing 'u4@example.com' as manager of store 'Bamba-Shop' with permissions: [VIEW_ONLY, MANAGE_PRODUCTS] by owner 'u2@example.com'
2025-06-29T13:51:51.182+03:00  INFO 15320 --- [marketplace] [main] com.SEGroup.Service.LoggerWrapper        : Appointed manager for store: Bamba-Shop, Manager: u4@example.com
2025-06-29T13:51:51.183+03:00  INFO 15320 --- [marketplace] [main] com.SEGroup.UI.InitFileRunner            : [InitRunner] ✓ Successfully appointed 'u4@example.com' as manager of 'Bamba-Shop'
2025-06-29T13:51:51.183+03:00  INFO 15320 --- [marketplace] [main] com.SEGroup.UI.InitFileRunner            : [InitRunner] Step 13/15: Executing useCase: logout
2025-06-29T13:51:51.185+03:00  INFO 15320 --- [marketplace] [main] com.SEGroup.Service.LoggerWrapper        : User logged out successfully. Session key: eyJhbGciOiJIUzUxMiJ9.eyJzdWIiOiJ1MkBleGFtcGxlLmNvbSIsImlhdCI6MTc1MTE5NDMxMCwiZXhwIjoxNzUxMjgwNzEwfQ.rhT59-p7BbBGOdQl-gsuQ47nZ3P4HoE3VjLYbUSU3gv7MXSVaBeX6YVNwfp-W_GInMb7cu-4jebap1CKZTw-wQ
2025-06-29T13:51:51.187+03:00  INFO 15320 --- [marketplace] [main] com.SEGroup.UI.InitFileRunner            : [InitRunner] ✓ Logged out user: u2@example.com
2025-06-29T13:51:51.187+03:00  INFO 15320 --- [marketplace] [main] com.SEGroup.UI.InitFileRunner            : [InitRunner] Step 14/15: Executing useCase: logout
2025-06-29T13:51:51.187+03:00  WARN 15320 --- [marketplace] [main] com.SEGroup.UI.InitFileRunner            : [InitRunner] No token found for logout: u3@example.com (might not be logged in)
2025-06-29T13:51:51.187+03:00  INFO 15320 --- [marketplace] [main] com.SEGroup.UI.InitFileRunner            : [InitRunner] Step 15/15: Executing useCase: logout
2025-06-29T13:51:51.187+03:00  WARN 15320 --- [marketplace] [main] com.SEGroup.UI.InitFileRunner            : [InitRunner] No token found for logout: u4@example.com (might not be logged in)
2025-06-29T13:51:51.187+03:00  INFO 15320 --- [marketplace] [main] com.SEGroup.UI.InitFileRunner            : [InitRunner] ✅ 15 bootstrap steps replayed successfully
2025-06-29T13:51:51.187+03:00  INFO 15320 --- [marketplace] [main] com.SEGroup.UI.InitFileRunner            : [InitRunner] Final active tokens: []
2025-06-29T13:51:51.187+03:00  INFO 15320 --- [marketplace] [main] com.SEGroup.UI.InitFileRunner            : [InitRunner] ===== BOOTSTRAP COMPLETE =====
2025-06-29T13:51:51.207+03:00 DEBUG 15320 --- [marketplace] [main] org.hibernate.SQL                        : select u1_0.email,u1_0.street_address,u1_0.city,u1_0.country,u1_0.zip_code,u1_0.cart_id,u1_0.billing_address,u1_0.card_holder,u1_0.billing_city,u1_0.billing_country,u1_0.encrypted_card_number,u1_0.encrypted_cvv,u1_0.expiry_date,u1_0.id,u1_0.billing_zip_code,u1_0.is_admin,u1_0.password_hash,u1_0.end_time,u1_0.reason,u1_0.start_time,u1_0.user_email,u1_0.username from users u1_0
2025-06-29T13:51:51.228+03:00 DEBUG 15320 --- [marketplace] [main] org.hibernate.SQL                        : select sr1_0.user_email,sr1_0.store_name,sr1_0.role from user_store_roles sr1_0 where sr1_0.user_email=?
2025-06-29T13:51:51.232+03:00 DEBUG 15320 --- [marketplace] [main] org.hibernate.SQL                        : select ph1_0.user_email,ph1_0.transaction_id from purchase_history ph1_0 where ph1_0.user_email=?
2025-06-29T13:51:51.234+03:00 DEBUG 15320 --- [marketplace] [main] org.hibernate.SQL                        : select ab1_0.user_email,ab1_0.bid_id,ab1_0.product_id,ab1_0.store_name from user_active_bids ab1_0 where ab1_0.user_email=?
2025-06-29T13:51:51.311+03:00 DEBUG 15320 --- [marketplace] [main] org.hibernate.SQL                        : select u1_0.email from users u1_0 where u1_0.email=? fetch first ? rows only
2025-06-29T13:51:51.315+03:00 DEBUG 15320 --- [marketplace] [main] org.hibernate.SQL                        : select u1_0.email from users u1_0 where u1_0.username=? fetch first ? rows only
2025-06-29T13:51:51.319+03:00 DEBUG 15320 --- [marketplace] [main] org.hibernate.SQL                        : select u1_0.email,ab1_0.user_email,ab1_0.bid_id,ab1_0.product_id,ab1_0.store_name,u1_0.street_address,u1_0.city,u1_0.country,u1_0.zip_code,c1_0.user_id,u1_0.billing_address,u1_0.card_holder,u1_0.billing_city,u1_0.billing_country,u1_0.encrypted_card_number,u1_0.encrypted_cvv,u1_0.expiry_date,u1_0.id,u1_0.billing_zip_code,u1_0.is_admin,u1_0.password_hash,sr1_0.user_email,sr1_0.store_name,sr1_0.role,u1_0.end_time,u1_0.reason,u1_0.start_time,u1_0.user_email,u1_0.username from users u1_0 left join user_active_bids ab1_0 on u1_0.email=ab1_0.user_email left join shopping_cart c1_0 on c1_0.user_id=u1_0.cart_id left join user_store_roles sr1_0 on u1_0.email=sr1_0.user_email where u1_0.email=?
2025-06-29T13:51:51.324+03:00 DEBUG 15320 --- [marketplace] [main] org.hibernate.SQL                        : insert into users (street_address,city,country,zip_code,cart_id,billing_address,card_holder,billing_city,billing_country,encrypted_card_number,encrypted_cvv,expiry_date,id,billing_zip_code,is_admin,password_hash,end_time,reason,start_time,user_email,username,email) values (?,?,?,?,?,?,?,?,?,?,?,?,?,?,?,?,?,?,?,?,?,?)
2025-06-29T13:51:51.407+03:00 DEBUG 15320 --- [marketplace] [main] org.hibernate.SQL                        : select u1_0.email from users u1_0 where u1_0.email=? fetch first ? rows only
2025-06-29T13:51:51.409+03:00 DEBUG 15320 --- [marketplace] [main] org.hibernate.SQL                        : select u1_0.email from users u1_0 where u1_0.username=? fetch first ? rows only
2025-06-29T13:51:51.412+03:00 DEBUG 15320 --- [marketplace] [main] org.hibernate.SQL                        : select u1_0.email,ab1_0.user_email,ab1_0.bid_id,ab1_0.product_id,ab1_0.store_name,u1_0.street_address,u1_0.city,u1_0.country,u1_0.zip_code,c1_0.user_id,u1_0.billing_address,u1_0.card_holder,u1_0.billing_city,u1_0.billing_country,u1_0.encrypted_card_number,u1_0.encrypted_cvv,u1_0.expiry_date,u1_0.id,u1_0.billing_zip_code,u1_0.is_admin,u1_0.password_hash,sr1_0.user_email,sr1_0.store_name,sr1_0.role,u1_0.end_time,u1_0.reason,u1_0.start_time,u1_0.user_email,u1_0.username from users u1_0 left join user_active_bids ab1_0 on u1_0.email=ab1_0.user_email left join shopping_cart c1_0 on c1_0.user_id=u1_0.cart_id left join user_store_roles sr1_0 on u1_0.email=sr1_0.user_email where u1_0.email=?
2025-06-29T13:51:51.416+03:00 DEBUG 15320 --- [marketplace] [main] org.hibernate.SQL                        : insert into users (street_address,city,country,zip_code,cart_id,billing_address,card_holder,billing_city,billing_country,encrypted_card_number,encrypted_cvv,expiry_date,id,billing_zip_code,is_admin,password_hash,end_time,reason,start_time,user_email,username,email) values (?,?,?,?,?,?,?,?,?,?,?,?,?,?,?,?,?,?,?,?,?,?)
2025-06-29T13:51:51.495+03:00 DEBUG 15320 --- [marketplace] [main] org.hibernate.SQL                        : select u1_0.email from users u1_0 where u1_0.email=? fetch first ? rows only
2025-06-29T13:51:51.499+03:00 DEBUG 15320 --- [marketplace] [main] org.hibernate.SQL                        : select u1_0.email from users u1_0 where u1_0.username=? fetch first ? rows only
2025-06-29T13:51:51.501+03:00 DEBUG 15320 --- [marketplace] [main] org.hibernate.SQL                        : select u1_0.email,ab1_0.user_email,ab1_0.bid_id,ab1_0.product_id,ab1_0.store_name,u1_0.street_address,u1_0.city,u1_0.country,u1_0.zip_code,c1_0.user_id,u1_0.billing_address,u1_0.card_holder,u1_0.billing_city,u1_0.billing_country,u1_0.encrypted_card_number,u1_0.encrypted_cvv,u1_0.expiry_date,u1_0.id,u1_0.billing_zip_code,u1_0.is_admin,u1_0.password_hash,sr1_0.user_email,sr1_0.store_name,sr1_0.role,u1_0.end_time,u1_0.reason,u1_0.start_time,u1_0.user_email,u1_0.username from users u1_0 left join user_active_bids ab1_0 on u1_0.email=ab1_0.user_email left join shopping_cart c1_0 on c1_0.user_id=u1_0.cart_id left join user_store_roles sr1_0 on u1_0.email=sr1_0.user_email where u1_0.email=?
2025-06-29T13:51:51.505+03:00 DEBUG 15320 --- [marketplace] [main] org.hibernate.SQL                        : insert into users (street_address,city,country,zip_code,cart_id,billing_address,card_holder,billing_city,billing_country,encrypted_card_number,encrypted_cvv,expiry_date,id,billing_zip_code,is_admin,password_hash,end_time,reason,start_time,user_email,username,email) values (?,?,?,?,?,?,?,?,?,?,?,?,?,?,?,?,?,?,?,?,?,?)
2025-06-29T13:51:51.585+03:00 DEBUG 15320 --- [marketplace] [main] org.hibernate.SQL                        : select u1_0.email from users u1_0 where u1_0.email=? fetch first ? rows only
2025-06-29T13:51:51.589+03:00 DEBUG 15320 --- [marketplace] [main] org.hibernate.SQL                        : select u1_0.email from users u1_0 where u1_0.username=? fetch first ? rows only
2025-06-29T13:51:51.592+03:00 DEBUG 15320 --- [marketplace] [main] org.hibernate.SQL                        : select u1_0.email,ab1_0.user_email,ab1_0.bid_id,ab1_0.product_id,ab1_0.store_name,u1_0.street_address,u1_0.city,u1_0.country,u1_0.zip_code,c1_0.user_id,u1_0.billing_address,u1_0.card_holder,u1_0.billing_city,u1_0.billing_country,u1_0.encrypted_card_number,u1_0.encrypted_cvv,u1_0.expiry_date,u1_0.id,u1_0.billing_zip_code,u1_0.is_admin,u1_0.password_hash,sr1_0.user_email,sr1_0.store_name,sr1_0.role,u1_0.end_time,u1_0.reason,u1_0.start_time,u1_0.user_email,u1_0.username from users u1_0 left join user_active_bids ab1_0 on u1_0.email=ab1_0.user_email left join shopping_cart c1_0 on c1_0.user_id=u1_0.cart_id left join user_store_roles sr1_0 on u1_0.email=sr1_0.user_email where u1_0.email=?
2025-06-29T13:51:51.596+03:00 DEBUG 15320 --- [marketplace] [main] org.hibernate.SQL                        : insert into users (street_address,city,country,zip_code,cart_id,billing_address,card_holder,billing_city,billing_country,encrypted_card_number,encrypted_cvv,expiry_date,id,billing_zip_code,is_admin,password_hash,end_time,reason,start_time,user_email,username,email) values (?,?,?,?,?,?,?,?,?,?,?,?,?,?,?,?,?,?,?,?,?,?)
2025-06-29T13:51:51.690+03:00 DEBUG 15320 --- [marketplace] [main] org.hibernate.SQL                        : select u1_0.email from users u1_0 where u1_0.email=? fetch first ? rows only
2025-06-29T13:51:51.692+03:00 DEBUG 15320 --- [marketplace] [main] org.hibernate.SQL                        : select u1_0.email from users u1_0 where u1_0.username=? fetch first ? rows only
2025-06-29T13:51:51.694+03:00 DEBUG 15320 --- [marketplace] [main] org.hibernate.SQL                        : select u1_0.email,ab1_0.user_email,ab1_0.bid_id,ab1_0.product_id,ab1_0.store_name,u1_0.street_address,u1_0.city,u1_0.country,u1_0.zip_code,c1_0.user_id,u1_0.billing_address,u1_0.card_holder,u1_0.billing_city,u1_0.billing_country,u1_0.encrypted_card_number,u1_0.encrypted_cvv,u1_0.expiry_date,u1_0.id,u1_0.billing_zip_code,u1_0.is_admin,u1_0.password_hash,sr1_0.user_email,sr1_0.store_name,sr1_0.role,u1_0.end_time,u1_0.reason,u1_0.start_time,u1_0.user_email,u1_0.username from users u1_0 left join user_active_bids ab1_0 on u1_0.email=ab1_0.user_email left join shopping_cart c1_0 on c1_0.user_id=u1_0.cart_id left join user_store_roles sr1_0 on u1_0.email=sr1_0.user_email where u1_0.email=?
2025-06-29T13:51:51.695+03:00 DEBUG 15320 --- [marketplace] [main] org.hibernate.SQL                        : insert into users (street_address,city,country,zip_code,cart_id,billing_address,card_holder,billing_city,billing_country,encrypted_card_number,encrypted_cvv,expiry_date,id,billing_zip_code,is_admin,password_hash,end_time,reason,start_time,user_email,username,email) values (?,?,?,?,?,?,?,?,?,?,?,?,?,?,?,?,?,?,?,?,?,?)
2025-06-29T13:51:51.767+03:00 DEBUG 15320 --- [marketplace] [main] org.hibernate.SQL                        : select u1_0.email from users u1_0 where u1_0.email=? fetch first ? rows only
2025-06-29T13:51:51.768+03:00 DEBUG 15320 --- [marketplace] [main] org.hibernate.SQL                        : select u1_0.email from users u1_0 where u1_0.username=? fetch first ? rows only
2025-06-29T13:51:51.770+03:00 DEBUG 15320 --- [marketplace] [main] org.hibernate.SQL                        : select u1_0.email,ab1_0.user_email,ab1_0.bid_id,ab1_0.product_id,ab1_0.store_name,u1_0.street_address,u1_0.city,u1_0.country,u1_0.zip_code,c1_0.user_id,u1_0.billing_address,u1_0.card_holder,u1_0.billing_city,u1_0.billing_country,u1_0.encrypted_card_number,u1_0.encrypted_cvv,u1_0.expiry_date,u1_0.id,u1_0.billing_zip_code,u1_0.is_admin,u1_0.password_hash,sr1_0.user_email,sr1_0.store_name,sr1_0.role,u1_0.end_time,u1_0.reason,u1_0.start_time,u1_0.user_email,u1_0.username from users u1_0 left join user_active_bids ab1_0 on u1_0.email=ab1_0.user_email left join shopping_cart c1_0 on c1_0.user_id=u1_0.cart_id left join user_store_roles sr1_0 on u1_0.email=sr1_0.user_email where u1_0.email=?
2025-06-29T13:51:51.771+03:00 DEBUG 15320 --- [marketplace] [main] org.hibernate.SQL                        : insert into users (street_address,city,country,zip_code,cart_id,billing_address,card_holder,billing_city,billing_country,encrypted_card_number,encrypted_cvv,expiry_date,id,billing_zip_code,is_admin,password_hash,end_time,reason,start_time,user_email,username,email) values (?,?,?,?,?,?,?,?,?,?,?,?,?,?,?,?,?,?,?,?,?,?)
2025-06-29T13:51:51.847+03:00 DEBUG 15320 --- [marketplace] [main] org.hibernate.SQL                        : select u1_0.email from users u1_0 where u1_0.email=? fetch first ? rows only
2025-06-29T13:51:51.853+03:00 DEBUG 15320 --- [marketplace] [main] org.hibernate.SQL                        : select u1_0.email from users u1_0 where u1_0.username=? fetch first ? rows only
2025-06-29T13:51:51.855+03:00 DEBUG 15320 --- [marketplace] [main] org.hibernate.SQL                        : select u1_0.email,ab1_0.user_email,ab1_0.bid_id,ab1_0.product_id,ab1_0.store_name,u1_0.street_address,u1_0.city,u1_0.country,u1_0.zip_code,c1_0.user_id,u1_0.billing_address,u1_0.card_holder,u1_0.billing_city,u1_0.billing_country,u1_0.encrypted_card_number,u1_0.encrypted_cvv,u1_0.expiry_date,u1_0.id,u1_0.billing_zip_code,u1_0.is_admin,u1_0.password_hash,sr1_0.user_email,sr1_0.store_name,sr1_0.role,u1_0.end_time,u1_0.reason,u1_0.start_time,u1_0.user_email,u1_0.username from users u1_0 left join user_active_bids ab1_0 on u1_0.email=ab1_0.user_email left join shopping_cart c1_0 on c1_0.user_id=u1_0.cart_id left join user_store_roles sr1_0 on u1_0.email=sr1_0.user_email where u1_0.email=?
2025-06-29T13:51:51.860+03:00 DEBUG 15320 --- [marketplace] [main] org.hibernate.SQL                        : insert into users (street_address,city,country,zip_code,cart_id,billing_address,card_holder,billing_city,billing_country,encrypted_card_number,encrypted_cvv,expiry_date,id,billing_zip_code,is_admin,password_hash,end_time,reason,start_time,user_email,username,email) values (?,?,?,?,?,?,?,?,?,?,?,?,?,?,?,?,?,?,?,?,?,?)
2025-06-29T13:51:51.946+03:00 DEBUG 15320 --- [marketplace] [main] org.hibernate.SQL                        : select u1_0.email from users u1_0 where u1_0.email=? fetch first ? rows only
2025-06-29T13:51:51.951+03:00 DEBUG 15320 --- [marketplace] [main] org.hibernate.SQL                        : select u1_0.email from users u1_0 where u1_0.username=? fetch first ? rows only
2025-06-29T13:51:51.952+03:00 DEBUG 15320 --- [marketplace] [main] org.hibernate.SQL                        : select u1_0.email,ab1_0.user_email,ab1_0.bid_id,ab1_0.product_id,ab1_0.store_name,u1_0.street_address,u1_0.city,u1_0.country,u1_0.zip_code,c1_0.user_id,u1_0.billing_address,u1_0.card_holder,u1_0.billing_city,u1_0.billing_country,u1_0.encrypted_card_number,u1_0.encrypted_cvv,u1_0.expiry_date,u1_0.id,u1_0.billing_zip_code,u1_0.is_admin,u1_0.password_hash,sr1_0.user_email,sr1_0.store_name,sr1_0.role,u1_0.end_time,u1_0.reason,u1_0.start_time,u1_0.user_email,u1_0.username from users u1_0 left join user_active_bids ab1_0 on u1_0.email=ab1_0.user_email left join shopping_cart c1_0 on c1_0.user_id=u1_0.cart_id left join user_store_roles sr1_0 on u1_0.email=sr1_0.user_email where u1_0.email=?
2025-06-29T13:51:51.955+03:00 DEBUG 15320 --- [marketplace] [main] org.hibernate.SQL                        : insert into users (street_address,city,country,zip_code,cart_id,billing_address,card_holder,billing_city,billing_country,encrypted_card_number,encrypted_cvv,expiry_date,id,billing_zip_code,is_admin,password_hash,end_time,reason,start_time,user_email,username,email) values (?,?,?,?,?,?,?,?,?,?,?,?,?,?,?,?,?,?,?,?,?,?)
2025-06-29T13:51:52.034+03:00 DEBUG 15320 --- [marketplace] [main] org.hibernate.SQL                        : select u1_0.email from users u1_0 where u1_0.email=? fetch first ? rows only
2025-06-29T13:51:52.036+03:00 DEBUG 15320 --- [marketplace] [main] org.hibernate.SQL                        : select u1_0.email from users u1_0 where u1_0.username=? fetch first ? rows only
2025-06-29T13:51:52.037+03:00 DEBUG 15320 --- [marketplace] [main] org.hibernate.SQL                        : select u1_0.email,ab1_0.user_email,ab1_0.bid_id,ab1_0.product_id,ab1_0.store_name,u1_0.street_address,u1_0.city,u1_0.country,u1_0.zip_code,c1_0.user_id,u1_0.billing_address,u1_0.card_holder,u1_0.billing_city,u1_0.billing_country,u1_0.encrypted_card_number,u1_0.encrypted_cvv,u1_0.expiry_date,u1_0.id,u1_0.billing_zip_code,u1_0.is_admin,u1_0.password_hash,sr1_0.user_email,sr1_0.store_name,sr1_0.role,u1_0.end_time,u1_0.reason,u1_0.start_time,u1_0.user_email,u1_0.username from users u1_0 left join user_active_bids ab1_0 on u1_0.email=ab1_0.user_email left join shopping_cart c1_0 on c1_0.user_id=u1_0.cart_id left join user_store_roles sr1_0 on u1_0.email=sr1_0.user_email where u1_0.email=?
2025-06-29T13:51:52.039+03:00 DEBUG 15320 --- [marketplace] [main] org.hibernate.SQL                        : insert into users (street_address,city,country,zip_code,cart_id,billing_address,card_holder,billing_city,billing_country,encrypted_card_number,encrypted_cvv,expiry_date,id,billing_zip_code,is_admin,password_hash,end_time,reason,start_time,user_email,username,email) values (?,?,?,?,?,?,?,?,?,?,?,?,?,?,?,?,?,?,?,?,?,?)
2025-06-29T13:51:52.115+03:00 DEBUG 15320 --- [marketplace] [main] org.hibernate.SQL                        : select u1_0.email from users u1_0 where u1_0.email=? fetch first ? rows only
2025-06-29T13:51:52.120+03:00 DEBUG 15320 --- [marketplace] [main] org.hibernate.SQL                        : select u1_0.email from users u1_0 where u1_0.username=? fetch first ? rows only
2025-06-29T13:51:52.127+03:00 DEBUG 15320 --- [marketplace] [main] org.hibernate.SQL                        : select u1_0.email,ab1_0.user_email,ab1_0.bid_id,ab1_0.product_id,ab1_0.store_name,u1_0.street_address,u1_0.city,u1_0.country,u1_0.zip_code,c1_0.user_id,u1_0.billing_address,u1_0.card_holder,u1_0.billing_city,u1_0.billing_country,u1_0.encrypted_card_number,u1_0.encrypted_cvv,u1_0.expiry_date,u1_0.id,u1_0.billing_zip_code,u1_0.is_admin,u1_0.password_hash,sr1_0.user_email,sr1_0.store_name,sr1_0.role,u1_0.end_time,u1_0.reason,u1_0.start_time,u1_0.user_email,u1_0.username from users u1_0 left join user_active_bids ab1_0 on u1_0.email=ab1_0.user_email left join shopping_cart c1_0 on c1_0.user_id=u1_0.cart_id left join user_store_roles sr1_0 on u1_0.email=sr1_0.user_email where u1_0.email=?
2025-06-29T13:51:52.132+03:00 DEBUG 15320 --- [marketplace] [main] org.hibernate.SQL                        : insert into users (street_address,city,country,zip_code,cart_id,billing_address,card_holder,billing_city,billing_country,encrypted_card_number,encrypted_cvv,expiry_date,id,billing_zip_code,is_admin,password_hash,end_time,reason,start_time,user_email,username,email) values (?,?,?,?,?,?,?,?,?,?,?,?,?,?,?,?,?,?,?,?,?,?)
2025-06-29T13:51:52.211+03:00 DEBUG 15320 --- [marketplace] [main] org.hibernate.SQL                        : select u1_0.email from users u1_0 where u1_0.email=? fetch first ? rows only
2025-06-29T13:51:52.213+03:00 DEBUG 15320 --- [marketplace] [main] org.hibernate.SQL                        : select u1_0.email from users u1_0 where u1_0.username=? fetch first ? rows only
2025-06-29T13:51:52.214+03:00 DEBUG 15320 --- [marketplace] [main] org.hibernate.SQL                        : select u1_0.email,ab1_0.user_email,ab1_0.bid_id,ab1_0.product_id,ab1_0.store_name,u1_0.street_address,u1_0.city,u1_0.country,u1_0.zip_code,c1_0.user_id,u1_0.billing_address,u1_0.card_holder,u1_0.billing_city,u1_0.billing_country,u1_0.encrypted_card_number,u1_0.encrypted_cvv,u1_0.expiry_date,u1_0.id,u1_0.billing_zip_code,u1_0.is_admin,u1_0.password_hash,sr1_0.user_email,sr1_0.store_name,sr1_0.role,u1_0.end_time,u1_0.reason,u1_0.start_time,u1_0.user_email,u1_0.username from users u1_0 left join user_active_bids ab1_0 on u1_0.email=ab1_0.user_email left join shopping_cart c1_0 on c1_0.user_id=u1_0.cart_id left join user_store_roles sr1_0 on u1_0.email=sr1_0.user_email where u1_0.email=?
2025-06-29T13:51:52.216+03:00 DEBUG 15320 --- [marketplace] [main] org.hibernate.SQL                        : insert into users (street_address,city,country,zip_code,cart_id,billing_address,card_holder,billing_city,billing_country,encrypted_card_number,encrypted_cvv,expiry_date,id,billing_zip_code,is_admin,password_hash,end_time,reason,start_time,user_email,username,email) values (?,?,?,?,?,?,?,?,?,?,?,?,?,?,?,?,?,?,?,?,?,?)
2025-06-29T13:51:52.297+03:00 DEBUG 15320 --- [marketplace] [main] org.hibernate.SQL                        : select count(*) from stores s1_0 where s1_0.name=?
2025-06-29T13:51:52.309+03:00 DEBUG 15320 --- [marketplace] [main] org.hibernate.SQL                        : select s1_0.name,s1_0.balance,s1_0.description,s1_0.email,s1_0.in_store_product_id,s1_0.is_active,m1_0.store_name,m1_0.manager_email,m1_0.appointed_by,p1_0.manager_email,p1_0.permission,oa1_0.store_name,oa1_0.email,oa1_0.appointed_by,s1_0.discount_percentage,s1_0.duration_in_days,r1_0.store_name,r1_0.user_id,r1_0.review,r1_0.score from stores s1_0 left join store_managers m1_0 on s1_0.name=m1_0.store_name left join manager_permissions p1_0 on m1_0.manager_email=p1_0.manager_email left join store_owners oa1_0 on s1_0.name=oa1_0.store_name left join store_ratings r1_0 on s1_0.name=r1_0.store_name where s1_0.name=?
2025-06-29T13:51:52.330+03:00 DEBUG 15320 --- [marketplace] [main] org.hibernate.SQL                        : insert into stores (balance,description,email,in_store_product_id,is_active,discount_percentage,duration_in_days,name) values (?,?,?,?,?,?,?,?)
2025-06-29T13:51:52.337+03:00 DEBUG 15320 --- [marketplace] [main] org.hibernate.SQL                        : select s1_0.name,s1_0.balance,s1_0.description,s1_0.email,s1_0.in_store_product_id,s1_0.is_active,s1_0.discount_percentage,s1_0.duration_in_days from stores s1_0 where s1_0.name=?
2025-06-29T13:51:52.343+03:00 DEBUG 15320 --- [marketplace] [main] org.hibernate.SQL                        : select ritr1_0.store_name,ritr1_0.review_id,ritr1_0.id,ritr1_0.rating,ritr1_0.review_text,ritr1_0.reviewer_id,ritr1_0.reviewer_name,ritr1_0.store_comment from review ritr1_0 where ritr1_0.store_name=?
2025-06-29T13:51:52.345+03:00 DEBUG 15320 --- [marketplace] [main] org.hibernate.SQL                        : select r1_0.store_name,r1_0.user_id,r1_0.review,r1_0.score from store_ratings r1_0 where r1_0.store_name=?
2025-06-29T13:51:52.346+03:00 DEBUG 15320 --- [marketplace] [main] org.hibernate.SQL                        : select p1_0.store_name,p1_0.product_key,p1_0.product_id,a1_0.id,a1_0.end_time,a1_0.ended,hb1_0.id,hb1_0.amount,hb1_0.bidder_email,hb1_0.state,a1_0.starting_price,p1_0.minimum_quantity,p1_0.catalog_id,p1_0.description,p1_0.image_url,p1_0.name,p1_0.price,p1_0.quantity,r1_0.product_id,r1_0.user_id,r1_0.review,r1_0.score from shopping_product p1_0 left join auctions a1_0 on a1_0.id=p1_0.auction_id left join bids hb1_0 on hb1_0.id=a1_0.highest_bid_id left join product_ratings r1_0 on p1_0.product_id=r1_0.product_id where p1_0.store_name=?
2025-06-29T13:51:52.349+03:00 DEBUG 15320 --- [marketplace] [main] org.hibernate.SQL                        : select oa1_0.store_name,oa1_0.email,oa1_0.appointed_by from store_owners oa1_0 where oa1_0.store_name=?
2025-06-29T13:51:52.351+03:00 DEBUG 15320 --- [marketplace] [main] org.hibernate.SQL                        : select m1_0.store_name,m1_0.manager_email,m1_0.appointed_by,p1_0.manager_email,p1_0.permission from store_managers m1_0 left join manager_permissions p1_0 on m1_0.manager_email=p1_0.manager_email where m1_0.store_name=?
2025-06-29T13:51:52.356+03:00 DEBUG 15320 --- [marketplace] [main] org.hibernate.SQL                        : select s1_0.name,s1_0.balance,s1_0.description,s1_0.email,s1_0.in_store_product_id,s1_0.is_active,m1_0.store_name,m1_0.manager_email,m1_0.appointed_by,p1_0.manager_email,p1_0.permission,oa1_0.store_name,oa1_0.email,oa1_0.appointed_by,s1_0.discount_percentage,s1_0.duration_in_days,r1_0.store_name,r1_0.user_id,r1_0.review,r1_0.score from stores s1_0 left join store_managers m1_0 on s1_0.name=m1_0.store_name left join manager_permissions p1_0 on m1_0.manager_email=p1_0.manager_email left join store_owners oa1_0 on s1_0.name=oa1_0.store_name left join store_ratings r1_0 on s1_0.name=r1_0.store_name where s1_0.name=?
2025-06-29T13:51:52.370+03:00 DEBUG 15320 --- [marketplace] [main] org.hibernate.SQL                        : select ritr1_0.store_name,ritr1_0.review_id,ritr1_0.id,ritr1_0.rating,ritr1_0.review_text,ritr1_0.reviewer_id,ritr1_0.reviewer_name,ritr1_0.store_comment from review ritr1_0 where ritr1_0.store_name=?
2025-06-29T13:51:52.371+03:00 DEBUG 15320 --- [marketplace] [main] org.hibernate.SQL                        : select p1_0.store_name,p1_0.product_key,p1_0.product_id,a1_0.id,a1_0.end_time,a1_0.ended,hb1_0.id,hb1_0.amount,hb1_0.bidder_email,hb1_0.state,a1_0.starting_price,p1_0.minimum_quantity,p1_0.catalog_id,p1_0.description,p1_0.image_url,p1_0.name,p1_0.price,p1_0.quantity,r1_0.product_id,r1_0.user_id,r1_0.review,r1_0.score from shopping_product p1_0 left join auctions a1_0 on a1_0.id=p1_0.auction_id left join bids hb1_0 on hb1_0.id=a1_0.highest_bid_id left join product_ratings r1_0 on p1_0.product_id=r1_0.product_id where p1_0.store_name=?
2025-06-29T13:51:52.387+03:00 DEBUG 15320 --- [marketplace] [main] org.hibernate.SQL                        : insert into store_owners (store_name,email,appointed_by) values (?,?,?)
2025-06-29T13:51:52.401+03:00 DEBUG 15320 --- [marketplace] [main] org.hibernate.SQL                        : select s1_0.name,s1_0.balance,s1_0.description,s1_0.email,s1_0.in_store_product_id,s1_0.is_active,s1_0.discount_percentage,s1_0.duration_in_days from stores s1_0 where s1_0.name=?
2025-06-29T13:51:52.403+03:00 DEBUG 15320 --- [marketplace] [main] org.hibernate.SQL                        : select ritr1_0.store_name,ritr1_0.review_id,ritr1_0.id,ritr1_0.rating,ritr1_0.review_text,ritr1_0.reviewer_id,ritr1_0.reviewer_name,ritr1_0.store_comment from review ritr1_0 where ritr1_0.store_name=?
2025-06-29T13:51:52.404+03:00 DEBUG 15320 --- [marketplace] [main] org.hibernate.SQL                        : select r1_0.store_name,r1_0.user_id,r1_0.review,r1_0.score from store_ratings r1_0 where r1_0.store_name=?
2025-06-29T13:51:52.405+03:00 DEBUG 15320 --- [marketplace] [main] org.hibernate.SQL                        : select p1_0.store_name,p1_0.product_key,p1_0.product_id,a1_0.id,a1_0.end_time,a1_0.ended,hb1_0.id,hb1_0.amount,hb1_0.bidder_email,hb1_0.state,a1_0.starting_price,p1_0.minimum_quantity,p1_0.catalog_id,p1_0.description,p1_0.image_url,p1_0.name,p1_0.price,p1_0.quantity,r1_0.product_id,r1_0.user_id,r1_0.review,r1_0.score from shopping_product p1_0 left join auctions a1_0 on a1_0.id=p1_0.auction_id left join bids hb1_0 on hb1_0.id=a1_0.highest_bid_id left join product_ratings r1_0 on p1_0.product_id=r1_0.product_id where p1_0.store_name=?
2025-06-29T13:51:52.406+03:00 DEBUG 15320 --- [marketplace] [main] org.hibernate.SQL                        : select oa1_0.store_name,oa1_0.email,oa1_0.appointed_by from store_owners oa1_0 where oa1_0.store_name=?
2025-06-29T13:51:52.407+03:00 DEBUG 15320 --- [marketplace] [main] org.hibernate.SQL                        : select m1_0.store_name,m1_0.manager_email,m1_0.appointed_by,p1_0.manager_email,p1_0.permission from store_managers m1_0 left join manager_permissions p1_0 on m1_0.manager_email=p1_0.manager_email where m1_0.store_name=?
2025-06-29T13:51:52.409+03:00 DEBUG 15320 --- [marketplace] [main] org.hibernate.SQL                        : select s1_0.name,s1_0.balance,s1_0.description,s1_0.email,s1_0.in_store_product_id,s1_0.is_active,m1_0.store_name,m1_0.manager_email,m1_0.appointed_by,p1_0.manager_email,p1_0.permission,oa1_0.store_name,oa1_0.email,oa1_0.appointed_by,s1_0.discount_percentage,s1_0.duration_in_days,r1_0.store_name,r1_0.user_id,r1_0.review,r1_0.score from stores s1_0 left join store_managers m1_0 on s1_0.name=m1_0.store_name left join manager_permissions p1_0 on m1_0.manager_email=p1_0.manager_email left join store_owners oa1_0 on s1_0.name=oa1_0.store_name left join store_ratings r1_0 on s1_0.name=r1_0.store_name where s1_0.name=?
2025-06-29T13:51:52.412+03:00 DEBUG 15320 --- [marketplace] [main] org.hibernate.SQL                        : select ritr1_0.store_name,ritr1_0.review_id,ritr1_0.id,ritr1_0.rating,ritr1_0.review_text,ritr1_0.reviewer_id,ritr1_0.reviewer_name,ritr1_0.store_comment from review ritr1_0 where ritr1_0.store_name=?
2025-06-29T13:51:52.412+03:00 DEBUG 15320 --- [marketplace] [main] org.hibernate.SQL                        : select p1_0.store_name,p1_0.product_key,p1_0.product_id,a1_0.id,a1_0.end_time,a1_0.ended,hb1_0.id,hb1_0.amount,hb1_0.bidder_email,hb1_0.state,a1_0.starting_price,p1_0.minimum_quantity,p1_0.catalog_id,p1_0.description,p1_0.image_url,p1_0.name,p1_0.price,p1_0.quantity,r1_0.product_id,r1_0.user_id,r1_0.review,r1_0.score from shopping_product p1_0 left join auctions a1_0 on a1_0.id=p1_0.auction_id left join bids hb1_0 on hb1_0.id=a1_0.highest_bid_id left join product_ratings r1_0 on p1_0.product_id=r1_0.product_id where p1_0.store_name=?
2025-06-29T13:51:52.424+03:00 DEBUG 15320 --- [marketplace] [main] org.hibernate.SQL                        : update stores set balance=?,description=?,email=?,in_store_product_id=?,is_active=?,discount_percentage=?,duration_in_days=? where name=?
2025-06-29T13:51:52.442+03:00 DEBUG 15320 --- [marketplace] [main] org.hibernate.SQL                        : select count(*) from stores s1_0 where s1_0.name=?
2025-06-29T13:51:52.444+03:00 DEBUG 15320 --- [marketplace] [main] org.hibernate.SQL                        : select s1_0.name,s1_0.balance,s1_0.description,s1_0.email,s1_0.in_store_product_id,s1_0.is_active,m1_0.store_name,m1_0.manager_email,m1_0.appointed_by,p1_0.manager_email,p1_0.permission,oa1_0.store_name,oa1_0.email,oa1_0.appointed_by,s1_0.discount_percentage,s1_0.duration_in_days,r1_0.store_name,r1_0.user_id,r1_0.review,r1_0.score from stores s1_0 left join store_managers m1_0 on s1_0.name=m1_0.store_name left join manager_permissions p1_0 on m1_0.manager_email=p1_0.manager_email left join store_owners oa1_0 on s1_0.name=oa1_0.store_name left join store_ratings r1_0 on s1_0.name=r1_0.store_name where s1_0.name=?
2025-06-29T13:51:52.447+03:00 DEBUG 15320 --- [marketplace] [main] org.hibernate.SQL                        : insert into stores (balance,description,email,in_store_product_id,is_active,discount_percentage,duration_in_days,name) values (?,?,?,?,?,?,?,?)
2025-06-29T13:51:52.450+03:00 DEBUG 15320 --- [marketplace] [main] org.hibernate.SQL                        : select s1_0.name,s1_0.balance,s1_0.description,s1_0.email,s1_0.in_store_product_id,s1_0.is_active,s1_0.discount_percentage,s1_0.duration_in_days from stores s1_0 where s1_0.name=?
2025-06-29T13:51:52.452+03:00 DEBUG 15320 --- [marketplace] [main] org.hibernate.SQL                        : select ritr1_0.store_name,ritr1_0.review_id,ritr1_0.id,ritr1_0.rating,ritr1_0.review_text,ritr1_0.reviewer_id,ritr1_0.reviewer_name,ritr1_0.store_comment from review ritr1_0 where ritr1_0.store_name=?
2025-06-29T13:51:52.453+03:00 DEBUG 15320 --- [marketplace] [main] org.hibernate.SQL                        : select r1_0.store_name,r1_0.user_id,r1_0.review,r1_0.score from store_ratings r1_0 where r1_0.store_name=?
2025-06-29T13:51:52.454+03:00 DEBUG 15320 --- [marketplace] [main] org.hibernate.SQL                        : select p1_0.store_name,p1_0.product_key,p1_0.product_id,a1_0.id,a1_0.end_time,a1_0.ended,hb1_0.id,hb1_0.amount,hb1_0.bidder_email,hb1_0.state,a1_0.starting_price,p1_0.minimum_quantity,p1_0.catalog_id,p1_0.description,p1_0.image_url,p1_0.name,p1_0.price,p1_0.quantity,r1_0.product_id,r1_0.user_id,r1_0.review,r1_0.score from shopping_product p1_0 left join auctions a1_0 on a1_0.id=p1_0.auction_id left join bids hb1_0 on hb1_0.id=a1_0.highest_bid_id left join product_ratings r1_0 on p1_0.product_id=r1_0.product_id where p1_0.store_name=?
2025-06-29T13:51:52.454+03:00 DEBUG 15320 --- [marketplace] [main] org.hibernate.SQL                        : select oa1_0.store_name,oa1_0.email,oa1_0.appointed_by from store_owners oa1_0 where oa1_0.store_name=?
2025-06-29T13:51:52.455+03:00 DEBUG 15320 --- [marketplace] [main] org.hibernate.SQL                        : select m1_0.store_name,m1_0.manager_email,m1_0.appointed_by,p1_0.manager_email,p1_0.permission from store_managers m1_0 left join manager_permissions p1_0 on m1_0.manager_email=p1_0.manager_email where m1_0.store_name=?
2025-06-29T13:51:52.456+03:00 DEBUG 15320 --- [marketplace] [main] org.hibernate.SQL                        : select s1_0.name,s1_0.balance,s1_0.description,s1_0.email,s1_0.in_store_product_id,s1_0.is_active,m1_0.store_name,m1_0.manager_email,m1_0.appointed_by,p1_0.manager_email,p1_0.permission,oa1_0.store_name,oa1_0.email,oa1_0.appointed_by,s1_0.discount_percentage,s1_0.duration_in_days,r1_0.store_name,r1_0.user_id,r1_0.review,r1_0.score from stores s1_0 left join store_managers m1_0 on s1_0.name=m1_0.store_name left join manager_permissions p1_0 on m1_0.manager_email=p1_0.manager_email left join store_owners oa1_0 on s1_0.name=oa1_0.store_name left join store_ratings r1_0 on s1_0.name=r1_0.store_name where s1_0.name=?
2025-06-29T13:51:52.459+03:00 DEBUG 15320 --- [marketplace] [main] org.hibernate.SQL                        : select ritr1_0.store_name,ritr1_0.review_id,ritr1_0.id,ritr1_0.rating,ritr1_0.review_text,ritr1_0.reviewer_id,ritr1_0.reviewer_name,ritr1_0.store_comment from review ritr1_0 where ritr1_0.store_name=?
2025-06-29T13:51:52.460+03:00 DEBUG 15320 --- [marketplace] [main] org.hibernate.SQL                        : select p1_0.store_name,p1_0.product_key,p1_0.product_id,a1_0.id,a1_0.end_time,a1_0.ended,hb1_0.id,hb1_0.amount,hb1_0.bidder_email,hb1_0.state,a1_0.starting_price,p1_0.minimum_quantity,p1_0.catalog_id,p1_0.description,p1_0.image_url,p1_0.name,p1_0.price,p1_0.quantity,r1_0.product_id,r1_0.user_id,r1_0.review,r1_0.score from shopping_product p1_0 left join auctions a1_0 on a1_0.id=p1_0.auction_id left join bids hb1_0 on hb1_0.id=a1_0.highest_bid_id left join product_ratings r1_0 on p1_0.product_id=r1_0.product_id where p1_0.store_name=?
2025-06-29T13:51:52.462+03:00 DEBUG 15320 --- [marketplace] [main] org.hibernate.SQL                        : select md1_0.manager_email,md1_0.appointed_by,p1_0.manager_email,p1_0.permission from store_managers md1_0 left join manager_permissions p1_0 on md1_0.manager_email=p1_0.manager_email where md1_0.manager_email=?
2025-06-29T13:51:52.468+03:00 DEBUG 15320 --- [marketplace] [main] org.hibernate.SQL                        : insert into store_managers (appointed_by,manager_email) values (?,?)
2025-06-29T13:51:52.472+03:00 DEBUG 15320 --- [marketplace] [main] org.hibernate.SQL                        : update store_managers set store_name=? where manager_email=?
2025-06-29T13:51:52.473+03:00 DEBUG 15320 --- [marketplace] [main] org.hibernate.SQL                        : insert into manager_permissions (manager_email,permission) values (?,?)
2025-06-29T13:51:52.473+03:00 DEBUG 15320 --- [marketplace] [main] org.hibernate.SQL                        : insert into manager_permissions (manager_email,permission) values (?,?)
2025-06-29T13:51:52.477+03:00 DEBUG 15320 --- [marketplace] [main] org.hibernate.SQL                        : select s1_0.name,s1_0.balance,s1_0.description,s1_0.email,s1_0.in_store_product_id,s1_0.is_active,s1_0.discount_percentage,s1_0.duration_in_days from stores s1_0 where s1_0.name=?
2025-06-29T13:51:52.479+03:00 DEBUG 15320 --- [marketplace] [main] org.hibernate.SQL                        : select ritr1_0.store_name,ritr1_0.review_id,ritr1_0.id,ritr1_0.rating,ritr1_0.review_text,ritr1_0.reviewer_id,ritr1_0.reviewer_name,ritr1_0.store_comment from review ritr1_0 where ritr1_0.store_name=?
2025-06-29T13:51:52.480+03:00 DEBUG 15320 --- [marketplace] [main] org.hibernate.SQL                        : select r1_0.store_name,r1_0.user_id,r1_0.review,r1_0.score from store_ratings r1_0 where r1_0.store_name=?
2025-06-29T13:51:52.481+03:00 DEBUG 15320 --- [marketplace] [main] org.hibernate.SQL                        : select p1_0.store_name,p1_0.product_key,p1_0.product_id,a1_0.id,a1_0.end_time,a1_0.ended,hb1_0.id,hb1_0.amount,hb1_0.bidder_email,hb1_0.state,a1_0.starting_price,p1_0.minimum_quantity,p1_0.catalog_id,p1_0.description,p1_0.image_url,p1_0.name,p1_0.price,p1_0.quantity,r1_0.product_id,r1_0.user_id,r1_0.review,r1_0.score from shopping_product p1_0 left join auctions a1_0 on a1_0.id=p1_0.auction_id left join bids hb1_0 on hb1_0.id=a1_0.highest_bid_id left join product_ratings r1_0 on p1_0.product_id=r1_0.product_id where p1_0.store_name=?
2025-06-29T13:51:52.482+03:00 DEBUG 15320 --- [marketplace] [main] org.hibernate.SQL                        : select oa1_0.store_name,oa1_0.email,oa1_0.appointed_by from store_owners oa1_0 where oa1_0.store_name=?
2025-06-29T13:51:52.483+03:00 DEBUG 15320 --- [marketplace] [main] org.hibernate.SQL                        : select m1_0.store_name,m1_0.manager_email,m1_0.appointed_by,p1_0.manager_email,p1_0.permission from store_managers m1_0 left join manager_permissions p1_0 on m1_0.manager_email=p1_0.manager_email where m1_0.store_name=?
2025-06-29T13:51:52.486+03:00 DEBUG 15320 --- [marketplace] [main] org.hibernate.SQL                        : select s1_0.name,s1_0.balance,s1_0.description,s1_0.email,s1_0.in_store_product_id,s1_0.is_active,m1_0.store_name,m1_0.manager_email,m1_0.appointed_by,p1_0.manager_email,p1_0.permission,oa1_0.store_name,oa1_0.email,oa1_0.appointed_by,s1_0.discount_percentage,s1_0.duration_in_days,r1_0.store_name,r1_0.user_id,r1_0.review,r1_0.score from stores s1_0 left join store_managers m1_0 on s1_0.name=m1_0.store_name left join manager_permissions p1_0 on m1_0.manager_email=p1_0.manager_email left join store_owners oa1_0 on s1_0.name=oa1_0.store_name left join store_ratings r1_0 on s1_0.name=r1_0.store_name where s1_0.name=?
2025-06-29T13:51:52.488+03:00 DEBUG 15320 --- [marketplace] [main] org.hibernate.SQL                        : select ritr1_0.store_name,ritr1_0.review_id,ritr1_0.id,ritr1_0.rating,ritr1_0.review_text,ritr1_0.reviewer_id,ritr1_0.reviewer_name,ritr1_0.store_comment from review ritr1_0 where ritr1_0.store_name=?
2025-06-29T13:51:52.489+03:00 DEBUG 15320 --- [marketplace] [main] org.hibernate.SQL                        : select p1_0.store_name,p1_0.product_key,p1_0.product_id,a1_0.id,a1_0.end_time,a1_0.ended,hb1_0.id,hb1_0.amount,hb1_0.bidder_email,hb1_0.state,a1_0.starting_price,p1_0.minimum_quantity,p1_0.catalog_id,p1_0.description,p1_0.image_url,p1_0.name,p1_0.price,p1_0.quantity,r1_0.product_id,r1_0.user_id,r1_0.review,r1_0.score from shopping_product p1_0 left join auctions a1_0 on a1_0.id=p1_0.auction_id left join bids hb1_0 on hb1_0.id=a1_0.highest_bid_id left join product_ratings r1_0 on p1_0.product_id=r1_0.product_id where p1_0.store_name=?
2025-06-29T13:51:52.495+03:00 DEBUG 15320 --- [marketplace] [main] org.hibernate.SQL                        : update stores set balance=?,description=?,email=?,in_store_product_id=?,is_active=?,discount_percentage=?,duration_in_days=? where name=?
2025-06-29T13:51:52.502+03:00 DEBUG 15320 --- [marketplace] [main] org.hibernate.SQL                        : select count(*) from stores s1_0 where s1_0.name=?
2025-06-29T13:51:52.503+03:00 DEBUG 15320 --- [marketplace] [main] org.hibernate.SQL                        : select s1_0.name,s1_0.balance,s1_0.description,s1_0.email,s1_0.in_store_product_id,s1_0.is_active,m1_0.store_name,m1_0.manager_email,m1_0.appointed_by,p1_0.manager_email,p1_0.permission,oa1_0.store_name,oa1_0.email,oa1_0.appointed_by,s1_0.discount_percentage,s1_0.duration_in_days,r1_0.store_name,r1_0.user_id,r1_0.review,r1_0.score from stores s1_0 left join store_managers m1_0 on s1_0.name=m1_0.store_name left join manager_permissions p1_0 on m1_0.manager_email=p1_0.manager_email left join store_owners oa1_0 on s1_0.name=oa1_0.store_name left join store_ratings r1_0 on s1_0.name=r1_0.store_name where s1_0.name=?
2025-06-29T13:51:52.506+03:00 DEBUG 15320 --- [marketplace] [main] org.hibernate.SQL                        : insert into stores (balance,description,email,in_store_product_id,is_active,discount_percentage,duration_in_days,name) values (?,?,?,?,?,?,?,?)
2025-06-29T13:51:52.508+03:00 DEBUG 15320 --- [marketplace] [main] org.hibernate.SQL                        : select s1_0.name,s1_0.balance,s1_0.description,s1_0.email,s1_0.in_store_product_id,s1_0.is_active,s1_0.discount_percentage,s1_0.duration_in_days from stores s1_0 where s1_0.name=?
2025-06-29T13:51:52.511+03:00 DEBUG 15320 --- [marketplace] [main] org.hibernate.SQL                        : select ritr1_0.store_name,ritr1_0.review_id,ritr1_0.id,ritr1_0.rating,ritr1_0.review_text,ritr1_0.reviewer_id,ritr1_0.reviewer_name,ritr1_0.store_comment from review ritr1_0 where ritr1_0.store_name=?
2025-06-29T13:51:52.512+03:00 DEBUG 15320 --- [marketplace] [main] org.hibernate.SQL                        : select r1_0.store_name,r1_0.user_id,r1_0.review,r1_0.score from store_ratings r1_0 where r1_0.store_name=?
2025-06-29T13:51:52.513+03:00 DEBUG 15320 --- [marketplace] [main] org.hibernate.SQL                        : select p1_0.store_name,p1_0.product_key,p1_0.product_id,a1_0.id,a1_0.end_time,a1_0.ended,hb1_0.id,hb1_0.amount,hb1_0.bidder_email,hb1_0.state,a1_0.starting_price,p1_0.minimum_quantity,p1_0.catalog_id,p1_0.description,p1_0.image_url,p1_0.name,p1_0.price,p1_0.quantity,r1_0.product_id,r1_0.user_id,r1_0.review,r1_0.score from shopping_product p1_0 left join auctions a1_0 on a1_0.id=p1_0.auction_id left join bids hb1_0 on hb1_0.id=a1_0.highest_bid_id left join product_ratings r1_0 on p1_0.product_id=r1_0.product_id where p1_0.store_name=?
2025-06-29T13:51:52.514+03:00 DEBUG 15320 --- [marketplace] [main] org.hibernate.SQL                        : select oa1_0.store_name,oa1_0.email,oa1_0.appointed_by from store_owners oa1_0 where oa1_0.store_name=?
2025-06-29T13:51:52.515+03:00 DEBUG 15320 --- [marketplace] [main] org.hibernate.SQL                        : select m1_0.store_name,m1_0.manager_email,m1_0.appointed_by,p1_0.manager_email,p1_0.permission from store_managers m1_0 left join manager_permissions p1_0 on m1_0.manager_email=p1_0.manager_email where m1_0.store_name=?
2025-06-29T13:51:52.517+03:00 DEBUG 15320 --- [marketplace] [main] org.hibernate.SQL                        : select s1_0.name,s1_0.balance,s1_0.description,s1_0.email,s1_0.in_store_product_id,s1_0.is_active,m1_0.store_name,m1_0.manager_email,m1_0.appointed_by,p1_0.manager_email,p1_0.permission,oa1_0.store_name,oa1_0.email,oa1_0.appointed_by,s1_0.discount_percentage,s1_0.duration_in_days,r1_0.store_name,r1_0.user_id,r1_0.review,r1_0.score from stores s1_0 left join store_managers m1_0 on s1_0.name=m1_0.store_name left join manager_permissions p1_0 on m1_0.manager_email=p1_0.manager_email left join store_owners oa1_0 on s1_0.name=oa1_0.store_name left join store_ratings r1_0 on s1_0.name=r1_0.store_name where s1_0.name=?
2025-06-29T13:51:52.518+03:00 DEBUG 15320 --- [marketplace] [main] org.hibernate.SQL                        : select ritr1_0.store_name,ritr1_0.review_id,ritr1_0.id,ritr1_0.rating,ritr1_0.review_text,ritr1_0.reviewer_id,ritr1_0.reviewer_name,ritr1_0.store_comment from review ritr1_0 where ritr1_0.store_name=?
2025-06-29T13:51:52.520+03:00 DEBUG 15320 --- [marketplace] [main] org.hibernate.SQL                        : select p1_0.store_name,p1_0.product_key,p1_0.product_id,a1_0.id,a1_0.end_time,a1_0.ended,hb1_0.id,hb1_0.amount,hb1_0.bidder_email,hb1_0.state,a1_0.starting_price,p1_0.minimum_quantity,p1_0.catalog_id,p1_0.description,p1_0.image_url,p1_0.name,p1_0.price,p1_0.quantity,r1_0.product_id,r1_0.user_id,r1_0.review,r1_0.score from shopping_product p1_0 left join auctions a1_0 on a1_0.id=p1_0.auction_id left join bids hb1_0 on hb1_0.id=a1_0.highest_bid_id left join product_ratings r1_0 on p1_0.product_id=r1_0.product_id where p1_0.store_name=?
2025-06-29T13:51:52.522+03:00 DEBUG 15320 --- [marketplace] [main] org.hibernate.SQL                        : update stores set balance=?,description=?,email=?,in_store_product_id=?,is_active=?,discount_percentage=?,duration_in_days=? where name=?
2025-06-29T13:51:52.524+03:00 DEBUG 15320 --- [marketplace] [main] org.hibernate.SQL                        : select count(*) from stores s1_0 where s1_0.name=?
2025-06-29T13:51:52.525+03:00 DEBUG 15320 --- [marketplace] [main] org.hibernate.SQL                        : select s1_0.name,s1_0.balance,s1_0.description,s1_0.email,s1_0.in_store_product_id,s1_0.is_active,m1_0.store_name,m1_0.manager_email,m1_0.appointed_by,p1_0.manager_email,p1_0.permission,oa1_0.store_name,oa1_0.email,oa1_0.appointed_by,s1_0.discount_percentage,s1_0.duration_in_days,r1_0.store_name,r1_0.user_id,r1_0.review,r1_0.score from stores s1_0 left join store_managers m1_0 on s1_0.name=m1_0.store_name left join manager_permissions p1_0 on m1_0.manager_email=p1_0.manager_email left join store_owners oa1_0 on s1_0.name=oa1_0.store_name left join store_ratings r1_0 on s1_0.name=r1_0.store_name where s1_0.name=?
2025-06-29T13:51:52.527+03:00 DEBUG 15320 --- [marketplace] [main] org.hibernate.SQL                        : insert into stores (balance,description,email,in_store_product_id,is_active,discount_percentage,duration_in_days,name) values (?,?,?,?,?,?,?,?)
2025-06-29T13:51:52.534+03:00 DEBUG 15320 --- [marketplace] [main] org.hibernate.SQL                        : select s1_0.name,s1_0.balance,s1_0.description,s1_0.email,s1_0.in_store_product_id,s1_0.is_active,s1_0.discount_percentage,s1_0.duration_in_days from stores s1_0 where s1_0.name=?
2025-06-29T13:51:52.537+03:00 DEBUG 15320 --- [marketplace] [main] org.hibernate.SQL                        : select ritr1_0.store_name,ritr1_0.review_id,ritr1_0.id,ritr1_0.rating,ritr1_0.review_text,ritr1_0.reviewer_id,ritr1_0.reviewer_name,ritr1_0.store_comment from review ritr1_0 where ritr1_0.store_name=?
2025-06-29T13:51:52.538+03:00 DEBUG 15320 --- [marketplace] [main] org.hibernate.SQL                        : select r1_0.store_name,r1_0.user_id,r1_0.review,r1_0.score from store_ratings r1_0 where r1_0.store_name=?
2025-06-29T13:51:52.539+03:00 DEBUG 15320 --- [marketplace] [main] org.hibernate.SQL                        : select p1_0.store_name,p1_0.product_key,p1_0.product_id,a1_0.id,a1_0.end_time,a1_0.ended,hb1_0.id,hb1_0.amount,hb1_0.bidder_email,hb1_0.state,a1_0.starting_price,p1_0.minimum_quantity,p1_0.catalog_id,p1_0.description,p1_0.image_url,p1_0.name,p1_0.price,p1_0.quantity,r1_0.product_id,r1_0.user_id,r1_0.review,r1_0.score from shopping_product p1_0 left join auctions a1_0 on a1_0.id=p1_0.auction_id left join bids hb1_0 on hb1_0.id=a1_0.highest_bid_id left join product_ratings r1_0 on p1_0.product_id=r1_0.product_id where p1_0.store_name=?
2025-06-29T13:51:52.539+03:00 DEBUG 15320 --- [marketplace] [main] org.hibernate.SQL                        : select oa1_0.store_name,oa1_0.email,oa1_0.appointed_by from store_owners oa1_0 where oa1_0.store_name=?
2025-06-29T13:51:52.540+03:00 DEBUG 15320 --- [marketplace] [main] org.hibernate.SQL                        : select m1_0.store_name,m1_0.manager_email,m1_0.appointed_by,p1_0.manager_email,p1_0.permission from store_managers m1_0 left join manager_permissions p1_0 on m1_0.manager_email=p1_0.manager_email where m1_0.store_name=?
2025-06-29T13:51:52.542+03:00 DEBUG 15320 --- [marketplace] [main] org.hibernate.SQL                        : select s1_0.name,s1_0.balance,s1_0.description,s1_0.email,s1_0.in_store_product_id,s1_0.is_active,m1_0.store_name,m1_0.manager_email,m1_0.appointed_by,p1_0.manager_email,p1_0.permission,oa1_0.store_name,oa1_0.email,oa1_0.appointed_by,s1_0.discount_percentage,s1_0.duration_in_days,r1_0.store_name,r1_0.user_id,r1_0.review,r1_0.score from stores s1_0 left join store_managers m1_0 on s1_0.name=m1_0.store_name left join manager_permissions p1_0 on m1_0.manager_email=p1_0.manager_email left join store_owners oa1_0 on s1_0.name=oa1_0.store_name left join store_ratings r1_0 on s1_0.name=r1_0.store_name where s1_0.name=?
2025-06-29T13:51:52.544+03:00 DEBUG 15320 --- [marketplace] [main] org.hibernate.SQL                        : select ritr1_0.store_name,ritr1_0.review_id,ritr1_0.id,ritr1_0.rating,ritr1_0.review_text,ritr1_0.reviewer_id,ritr1_0.reviewer_name,ritr1_0.store_comment from review ritr1_0 where ritr1_0.store_name=?
2025-06-29T13:51:52.546+03:00 DEBUG 15320 --- [marketplace] [main] org.hibernate.SQL                        : select p1_0.store_name,p1_0.product_key,p1_0.product_id,a1_0.id,a1_0.end_time,a1_0.ended,hb1_0.id,hb1_0.amount,hb1_0.bidder_email,hb1_0.state,a1_0.starting_price,p1_0.minimum_quantity,p1_0.catalog_id,p1_0.description,p1_0.image_url,p1_0.name,p1_0.price,p1_0.quantity,r1_0.product_id,r1_0.user_id,r1_0.review,r1_0.score from shopping_product p1_0 left join auctions a1_0 on a1_0.id=p1_0.auction_id left join bids hb1_0 on hb1_0.id=a1_0.highest_bid_id left join product_ratings r1_0 on p1_0.product_id=r1_0.product_id where p1_0.store_name=?
2025-06-29T13:51:52.549+03:00 DEBUG 15320 --- [marketplace] [main] org.hibernate.SQL                        : update stores set balance=?,description=?,email=?,in_store_product_id=?,is_active=?,discount_percentage=?,duration_in_days=? where name=?
2025-06-29T13:51:52.554+03:00 DEBUG 15320 --- [marketplace] [main] org.hibernate.SQL                        : select s1_0.name,s1_0.balance,s1_0.description,s1_0.email,s1_0.in_store_product_id,s1_0.is_active,s1_0.discount_percentage,s1_0.duration_in_days from stores s1_0 where s1_0.name=?
2025-06-29T13:51:52.556+03:00 DEBUG 15320 --- [marketplace] [main] org.hibernate.SQL                        : select ritr1_0.store_name,ritr1_0.review_id,ritr1_0.id,ritr1_0.rating,ritr1_0.review_text,ritr1_0.reviewer_id,ritr1_0.reviewer_name,ritr1_0.store_comment from review ritr1_0 where ritr1_0.store_name=?
2025-06-29T13:51:52.557+03:00 DEBUG 15320 --- [marketplace] [main] org.hibernate.SQL                        : select r1_0.store_name,r1_0.user_id,r1_0.review,r1_0.score from store_ratings r1_0 where r1_0.store_name=?
2025-06-29T13:51:52.559+03:00 DEBUG 15320 --- [marketplace] [main] org.hibernate.SQL                        : select p1_0.store_name,p1_0.product_key,p1_0.product_id,a1_0.id,a1_0.end_time,a1_0.ended,hb1_0.id,hb1_0.amount,hb1_0.bidder_email,hb1_0.state,a1_0.starting_price,p1_0.minimum_quantity,p1_0.catalog_id,p1_0.description,p1_0.image_url,p1_0.name,p1_0.price,p1_0.quantity,r1_0.product_id,r1_0.user_id,r1_0.review,r1_0.score from shopping_product p1_0 left join auctions a1_0 on a1_0.id=p1_0.auction_id left join bids hb1_0 on hb1_0.id=a1_0.highest_bid_id left join product_ratings r1_0 on p1_0.product_id=r1_0.product_id where p1_0.store_name=?
2025-06-29T13:51:52.560+03:00 DEBUG 15320 --- [marketplace] [main] org.hibernate.SQL                        : select oa1_0.store_name,oa1_0.email,oa1_0.appointed_by from store_owners oa1_0 where oa1_0.store_name=?
2025-06-29T13:51:52.561+03:00 DEBUG 15320 --- [marketplace] [main] org.hibernate.SQL                        : select m1_0.store_name,m1_0.manager_email,m1_0.appointed_by,p1_0.manager_email,p1_0.permission from store_managers m1_0 left join manager_permissions p1_0 on m1_0.manager_email=p1_0.manager_email where m1_0.store_name=?
2025-06-29T13:51:52.563+03:00 DEBUG 15320 --- [marketplace] [main] org.hibernate.SQL                        : select s1_0.name,s1_0.balance,s1_0.description,s1_0.email,s1_0.in_store_product_id,s1_0.is_active,m1_0.store_name,m1_0.manager_email,m1_0.appointed_by,p1_0.manager_email,p1_0.permission,oa1_0.store_name,oa1_0.email,oa1_0.appointed_by,s1_0.discount_percentage,s1_0.duration_in_days,r1_0.store_name,r1_0.user_id,r1_0.review,r1_0.score from stores s1_0 left join store_managers m1_0 on s1_0.name=m1_0.store_name left join manager_permissions p1_0 on m1_0.manager_email=p1_0.manager_email left join store_owners oa1_0 on s1_0.name=oa1_0.store_name left join store_ratings r1_0 on s1_0.name=r1_0.store_name where s1_0.name=?
2025-06-29T13:51:52.570+03:00 DEBUG 15320 --- [marketplace] [main] org.hibernate.SQL                        : select ritr1_0.store_name,ritr1_0.review_id,ritr1_0.id,ritr1_0.rating,ritr1_0.review_text,ritr1_0.reviewer_id,ritr1_0.reviewer_name,ritr1_0.store_comment from review ritr1_0 where ritr1_0.store_name=?
2025-06-29T13:51:52.571+03:00 DEBUG 15320 --- [marketplace] [main] org.hibernate.SQL                        : select p1_0.store_name,p1_0.product_key,p1_0.product_id,a1_0.id,a1_0.end_time,a1_0.ended,hb1_0.id,hb1_0.amount,hb1_0.bidder_email,hb1_0.state,a1_0.starting_price,p1_0.minimum_quantity,p1_0.catalog_id,p1_0.description,p1_0.image_url,p1_0.name,p1_0.price,p1_0.quantity,r1_0.product_id,r1_0.user_id,r1_0.review,r1_0.score from shopping_product p1_0 left join auctions a1_0 on a1_0.id=p1_0.auction_id left join bids hb1_0 on hb1_0.id=a1_0.highest_bid_id left join product_ratings r1_0 on p1_0.product_id=r1_0.product_id where p1_0.store_name=?
2025-06-29T13:51:52.572+03:00 DEBUG 15320 --- [marketplace] [main] org.hibernate.SQL                        : select sp1_0.product_id,a1_0.id,a1_0.end_time,a1_0.ended,hb1_0.id,hb1_0.amount,hb1_0.bidder_email,hb1_0.state,a1_0.starting_price,sp1_0.minimum_quantity,sp1_0.catalog_id,sp1_0.description,sp1_0.image_url,sp1_0.name,sp1_0.price,sp1_0.quantity,r1_0.product_id,r1_0.user_id,r1_0.review,r1_0.score,sp1_0.store_name from shopping_product sp1_0 left join auctions a1_0 on a1_0.id=sp1_0.auction_id left join bids hb1_0 on hb1_0.id=a1_0.highest_bid_id left join product_ratings r1_0 on sp1_0.product_id=r1_0.product_id where sp1_0.product_id=?
2025-06-29T13:51:52.579+03:00 DEBUG 15320 --- [marketplace] [main] org.hibernate.SQL                        : insert into shopping_product (auction_id,minimum_quantity,catalog_id,description,image_url,name,price,quantity,store_name,product_id) values (?,?,?,?,?,?,?,?,?,?)
2025-06-29T13:51:52.582+03:00 DEBUG 15320 --- [marketplace] [main] org.hibernate.SQL                        : update stores set balance=?,description=?,email=?,in_store_product_id=?,is_active=?,discount_percentage=?,duration_in_days=? where name=?
2025-06-29T13:51:52.586+03:00 DEBUG 15320 --- [marketplace] [main] org.hibernate.SQL                        : update shopping_product set store_name=?,product_key=? where product_id=?
2025-06-29T13:51:52.588+03:00 DEBUG 15320 --- [marketplace] [main] org.hibernate.SQL                        : insert into product_categories (product_id,category) values (?,?)
2025-06-29T13:51:52.589+03:00 DEBUG 15320 --- [marketplace] [main] org.hibernate.SQL                        : insert into product_categories (product_id,category) values (?,?)
2025-06-29T13:51:52.593+03:00 DEBUG 15320 --- [marketplace] [main] org.hibernate.SQL                        : select s1_0.name,s1_0.balance,s1_0.description,s1_0.email,s1_0.in_store_product_id,s1_0.is_active,s1_0.discount_percentage,s1_0.duration_in_days from stores s1_0 where s1_0.name=?
2025-06-29T13:51:52.596+03:00 DEBUG 15320 --- [marketplace] [main] org.hibernate.SQL                        : select ritr1_0.store_name,ritr1_0.review_id,ritr1_0.id,ritr1_0.rating,ritr1_0.review_text,ritr1_0.reviewer_id,ritr1_0.reviewer_name,ritr1_0.store_comment from review ritr1_0 where ritr1_0.store_name=?
2025-06-29T13:51:52.598+03:00 DEBUG 15320 --- [marketplace] [main] org.hibernate.SQL                        : select r1_0.store_name,r1_0.user_id,r1_0.review,r1_0.score from store_ratings r1_0 where r1_0.store_name=?
2025-06-29T13:51:52.600+03:00 DEBUG 15320 --- [marketplace] [main] org.hibernate.SQL                        : select p1_0.store_name,p1_0.product_key,p1_0.product_id,a1_0.id,a1_0.end_time,a1_0.ended,hb1_0.id,hb1_0.amount,hb1_0.bidder_email,hb1_0.state,a1_0.starting_price,p1_0.minimum_quantity,p1_0.catalog_id,p1_0.description,p1_0.image_url,p1_0.name,p1_0.price,p1_0.quantity,r1_0.product_id,r1_0.user_id,r1_0.review,r1_0.score from shopping_product p1_0 left join auctions a1_0 on a1_0.id=p1_0.auction_id left join bids hb1_0 on hb1_0.id=a1_0.highest_bid_id left join product_ratings r1_0 on p1_0.product_id=r1_0.product_id where p1_0.store_name=?
2025-06-29T13:51:52.606+03:00 DEBUG 15320 --- [marketplace] [main] org.hibernate.SQL                        : select c1_0.product_id,c1_0.category from product_categories c1_0 where c1_0.product_id=?
2025-06-29T13:51:52.609+03:00 DEBUG 15320 --- [marketplace] [main] org.hibernate.SQL                        : select b1_0.product_id,b1_0.id,b1_0.amount,b1_0.bidder_email,b1_0.state from bids b1_0 where b1_0.product_id=?
2025-06-29T13:51:52.611+03:00 DEBUG 15320 --- [marketplace] [main] org.hibernate.SQL                        : select oa1_0.store_name,oa1_0.email,oa1_0.appointed_by from store_owners oa1_0 where oa1_0.store_name=?
2025-06-29T13:51:52.613+03:00 DEBUG 15320 --- [marketplace] [main] org.hibernate.SQL                        : select m1_0.store_name,m1_0.manager_email,m1_0.appointed_by,p1_0.manager_email,p1_0.permission from store_managers m1_0 left join manager_permissions p1_0 on m1_0.manager_email=p1_0.manager_email where m1_0.store_name=?
2025-06-29T13:51:52.615+03:00 DEBUG 15320 --- [marketplace] [main] org.hibernate.SQL                        : select s1_0.name,s1_0.balance,s1_0.description,s1_0.email,s1_0.in_store_product_id,s1_0.is_active,m1_0.store_name,m1_0.manager_email,m1_0.appointed_by,p1_0.manager_email,p1_0.permission,oa1_0.store_name,oa1_0.email,oa1_0.appointed_by,s1_0.discount_percentage,s1_0.duration_in_days,r1_0.store_name,r1_0.user_id,r1_0.review,r1_0.score from stores s1_0 left join store_managers m1_0 on s1_0.name=m1_0.store_name left join manager_permissions p1_0 on m1_0.manager_email=p1_0.manager_email left join store_owners oa1_0 on s1_0.name=oa1_0.store_name left join store_ratings r1_0 on s1_0.name=r1_0.store_name where s1_0.name=?
2025-06-29T13:51:52.618+03:00 DEBUG 15320 --- [marketplace] [main] org.hibernate.SQL                        : select ritr1_0.store_name,ritr1_0.review_id,ritr1_0.id,ritr1_0.rating,ritr1_0.review_text,ritr1_0.reviewer_id,ritr1_0.reviewer_name,ritr1_0.store_comment from review ritr1_0 where ritr1_0.store_name=?
2025-06-29T13:51:52.620+03:00 DEBUG 15320 --- [marketplace] [main] org.hibernate.SQL                        : select p1_0.store_name,p1_0.product_key,p1_0.product_id,a1_0.id,a1_0.end_time,a1_0.ended,hb1_0.id,hb1_0.amount,hb1_0.bidder_email,hb1_0.state,a1_0.starting_price,p1_0.minimum_quantity,p1_0.catalog_id,p1_0.description,p1_0.image_url,p1_0.name,p1_0.price,p1_0.quantity,r1_0.product_id,r1_0.user_id,r1_0.review,r1_0.score from shopping_product p1_0 left join auctions a1_0 on a1_0.id=p1_0.auction_id left join bids hb1_0 on hb1_0.id=a1_0.highest_bid_id left join product_ratings r1_0 on p1_0.product_id=r1_0.product_id where p1_0.store_name=?
2025-06-29T13:51:52.621+03:00 DEBUG 15320 --- [marketplace] [main] org.hibernate.SQL                        : select c1_0.product_id,c1_0.category from product_categories c1_0 where c1_0.product_id=?
2025-06-29T13:51:52.622+03:00 DEBUG 15320 --- [marketplace] [main] org.hibernate.SQL                        : select b1_0.product_id,b1_0.id,b1_0.amount,b1_0.bidder_email,b1_0.state from bids b1_0 where b1_0.product_id=?
2025-06-29T13:51:52.627+03:00 DEBUG 15320 --- [marketplace] [main] org.hibernate.SQL                        : insert into auctions (end_time,ended,highest_bid_id,starting_price,id) values (?,?,?,?,default)
2025-06-29T13:51:52.653+03:00 DEBUG 15320 --- [marketplace] [main] org.hibernate.SQL                        : update shopping_product set auction_id=?,minimum_quantity=?,catalog_id=?,description=?,image_url=?,name=?,price=?,quantity=?,store_name=? where product_id=?
2025-06-29T13:51:52.659+03:00 DEBUG 15320 --- [marketplace] [main] org.hibernate.SQL                        : select s1_0.name,s1_0.balance,s1_0.description,s1_0.email,s1_0.in_store_product_id,s1_0.is_active,s1_0.discount_percentage,s1_0.duration_in_days from stores s1_0 where s1_0.name=?
2025-06-29T13:51:52.663+03:00 DEBUG 15320 --- [marketplace] [main] org.hibernate.SQL                        : select ritr1_0.store_name,ritr1_0.review_id,ritr1_0.id,ritr1_0.rating,ritr1_0.review_text,ritr1_0.reviewer_id,ritr1_0.reviewer_name,ritr1_0.store_comment from review ritr1_0 where ritr1_0.store_name=?
2025-06-29T13:51:52.664+03:00 DEBUG 15320 --- [marketplace] [main] org.hibernate.SQL                        : select r1_0.store_name,r1_0.user_id,r1_0.review,r1_0.score from store_ratings r1_0 where r1_0.store_name=?
2025-06-29T13:51:52.665+03:00 DEBUG 15320 --- [marketplace] [main] org.hibernate.SQL                        : select p1_0.store_name,p1_0.product_key,p1_0.product_id,a1_0.id,a1_0.end_time,a1_0.ended,hb1_0.id,hb1_0.amount,hb1_0.bidder_email,hb1_0.state,a1_0.starting_price,p1_0.minimum_quantity,p1_0.catalog_id,p1_0.description,p1_0.image_url,p1_0.name,p1_0.price,p1_0.quantity,r1_0.product_id,r1_0.user_id,r1_0.review,r1_0.score from shopping_product p1_0 left join auctions a1_0 on a1_0.id=p1_0.auction_id left join bids hb1_0 on hb1_0.id=a1_0.highest_bid_id left join product_ratings r1_0 on p1_0.product_id=r1_0.product_id where p1_0.store_name=?
2025-06-29T13:51:52.670+03:00 DEBUG 15320 --- [marketplace] [main] org.hibernate.SQL                        : select c1_0.product_id,c1_0.category from product_categories c1_0 where c1_0.product_id=?
2025-06-29T13:51:52.671+03:00 DEBUG 15320 --- [marketplace] [main] org.hibernate.SQL                        : select b1_0.product_id,b1_0.id,b1_0.amount,b1_0.bidder_email,b1_0.state from bids b1_0 where b1_0.product_id=?
2025-06-29T13:51:52.672+03:00 DEBUG 15320 --- [marketplace] [main] org.hibernate.SQL                        : select oa1_0.store_name,oa1_0.email,oa1_0.appointed_by from store_owners oa1_0 where oa1_0.store_name=?
2025-06-29T13:51:52.673+03:00 DEBUG 15320 --- [marketplace] [main] org.hibernate.SQL                        : select m1_0.store_name,m1_0.manager_email,m1_0.appointed_by,p1_0.manager_email,p1_0.permission from store_managers m1_0 left join manager_permissions p1_0 on m1_0.manager_email=p1_0.manager_email where m1_0.store_name=?
2025-06-29T13:51:52.676+03:00 DEBUG 15320 --- [marketplace] [main] org.hibernate.SQL                        : select s1_0.name,s1_0.balance,s1_0.description,s1_0.email,s1_0.in_store_product_id,s1_0.is_active,m1_0.store_name,m1_0.manager_email,m1_0.appointed_by,p1_0.manager_email,p1_0.permission,oa1_0.store_name,oa1_0.email,oa1_0.appointed_by,s1_0.discount_percentage,s1_0.duration_in_days,r1_0.store_name,r1_0.user_id,r1_0.review,r1_0.score from stores s1_0 left join store_managers m1_0 on s1_0.name=m1_0.store_name left join manager_permissions p1_0 on m1_0.manager_email=p1_0.manager_email left join store_owners oa1_0 on s1_0.name=oa1_0.store_name left join store_ratings r1_0 on s1_0.name=r1_0.store_name where s1_0.name=?
2025-06-29T13:51:52.679+03:00 DEBUG 15320 --- [marketplace] [main] org.hibernate.SQL                        : select ritr1_0.store_name,ritr1_0.review_id,ritr1_0.id,ritr1_0.rating,ritr1_0.review_text,ritr1_0.reviewer_id,ritr1_0.reviewer_name,ritr1_0.store_comment from review ritr1_0 where ritr1_0.store_name=?
2025-06-29T13:51:52.679+03:00 DEBUG 15320 --- [marketplace] [main] org.hibernate.SQL                        : select p1_0.store_name,p1_0.product_key,p1_0.product_id,a1_0.id,a1_0.end_time,a1_0.ended,hb1_0.id,hb1_0.amount,hb1_0.bidder_email,hb1_0.state,a1_0.starting_price,p1_0.minimum_quantity,p1_0.catalog_id,p1_0.description,p1_0.image_url,p1_0.name,p1_0.price,p1_0.quantity,r1_0.product_id,r1_0.user_id,r1_0.review,r1_0.score from shopping_product p1_0 left join auctions a1_0 on a1_0.id=p1_0.auction_id left join bids hb1_0 on hb1_0.id=a1_0.highest_bid_id left join product_ratings r1_0 on p1_0.product_id=r1_0.product_id where p1_0.store_name=?
2025-06-29T13:51:52.680+03:00 DEBUG 15320 --- [marketplace] [main] org.hibernate.SQL                        : select c1_0.product_id,c1_0.category from product_categories c1_0 where c1_0.product_id=?
2025-06-29T13:51:52.681+03:00 DEBUG 15320 --- [marketplace] [main] org.hibernate.SQL                        : select b1_0.product_id,b1_0.id,b1_0.amount,b1_0.bidder_email,b1_0.state from bids b1_0 where b1_0.product_id=?
2025-06-29T13:51:52.682+03:00 DEBUG 15320 --- [marketplace] [main] org.hibernate.SQL                        : select sp1_0.product_id,a1_0.id,a1_0.end_time,a1_0.ended,hb1_0.id,hb1_0.amount,hb1_0.bidder_email,hb1_0.state,a1_0.starting_price,sp1_0.minimum_quantity,sp1_0.catalog_id,sp1_0.description,sp1_0.image_url,sp1_0.name,sp1_0.price,sp1_0.quantity,r1_0.product_id,r1_0.user_id,r1_0.review,r1_0.score,sp1_0.store_name from shopping_product sp1_0 left join auctions a1_0 on a1_0.id=sp1_0.auction_id left join bids hb1_0 on hb1_0.id=a1_0.highest_bid_id left join product_ratings r1_0 on sp1_0.product_id=r1_0.product_id where sp1_0.product_id=?
2025-06-29T13:51:52.685+03:00 DEBUG 15320 --- [marketplace] [main] org.hibernate.SQL                        : insert into shopping_product (auction_id,minimum_quantity,catalog_id,description,image_url,name,price,quantity,store_name,product_id) values (?,?,?,?,?,?,?,?,?,?)
2025-06-29T13:51:52.686+03:00 DEBUG 15320 --- [marketplace] [main] org.hibernate.SQL                        : update stores set balance=?,description=?,email=?,in_store_product_id=?,is_active=?,discount_percentage=?,duration_in_days=? where name=?
2025-06-29T13:51:52.689+03:00 DEBUG 15320 --- [marketplace] [main] org.hibernate.SQL                        : update shopping_product set store_name=?,product_key=? where product_id=?
2025-06-29T13:51:52.689+03:00 DEBUG 15320 --- [marketplace] [main] org.hibernate.SQL                        : insert into product_categories (product_id,category) values (?,?)
2025-06-29T13:51:52.691+03:00 DEBUG 15320 --- [marketplace] [main] org.hibernate.SQL                        : insert into product_categories (product_id,category) values (?,?)
2025-06-29T13:51:52.696+03:00 DEBUG 15320 --- [marketplace] [main] org.hibernate.SQL                        : select s1_0.name,s1_0.balance,s1_0.description,s1_0.email,s1_0.in_store_product_id,s1_0.is_active,s1_0.discount_percentage,s1_0.duration_in_days from stores s1_0 where s1_0.name=?
2025-06-29T13:51:52.698+03:00 DEBUG 15320 --- [marketplace] [main] org.hibernate.SQL                        : select ritr1_0.store_name,ritr1_0.review_id,ritr1_0.id,ritr1_0.rating,ritr1_0.review_text,ritr1_0.reviewer_id,ritr1_0.reviewer_name,ritr1_0.store_comment from review ritr1_0 where ritr1_0.store_name=?
2025-06-29T13:51:52.700+03:00 DEBUG 15320 --- [marketplace] [main] org.hibernate.SQL                        : select r1_0.store_name,r1_0.user_id,r1_0.review,r1_0.score from store_ratings r1_0 where r1_0.store_name=?
2025-06-29T13:51:52.701+03:00 DEBUG 15320 --- [marketplace] [main] org.hibernate.SQL                        : select p1_0.store_name,p1_0.product_key,p1_0.product_id,a1_0.id,a1_0.end_time,a1_0.ended,hb1_0.id,hb1_0.amount,hb1_0.bidder_email,hb1_0.state,a1_0.starting_price,p1_0.minimum_quantity,p1_0.catalog_id,p1_0.description,p1_0.image_url,p1_0.name,p1_0.price,p1_0.quantity,r1_0.product_id,r1_0.user_id,r1_0.review,r1_0.score from shopping_product p1_0 left join auctions a1_0 on a1_0.id=p1_0.auction_id left join bids hb1_0 on hb1_0.id=a1_0.highest_bid_id left join product_ratings r1_0 on p1_0.product_id=r1_0.product_id where p1_0.store_name=?
2025-06-29T13:51:52.708+03:00 DEBUG 15320 --- [marketplace] [main] org.hibernate.SQL                        : select c1_0.product_id,c1_0.category from product_categories c1_0 where c1_0.product_id=?
2025-06-29T13:51:52.710+03:00 DEBUG 15320 --- [marketplace] [main] org.hibernate.SQL                        : select b1_0.product_id,b1_0.id,b1_0.amount,b1_0.bidder_email,b1_0.state from bids b1_0 where b1_0.product_id=?
2025-06-29T13:51:52.712+03:00 DEBUG 15320 --- [marketplace] [main] org.hibernate.SQL                        : select c1_0.product_id,c1_0.category from product_categories c1_0 where c1_0.product_id=?
2025-06-29T13:51:52.714+03:00 DEBUG 15320 --- [marketplace] [main] org.hibernate.SQL                        : select b1_0.product_id,b1_0.id,b1_0.amount,b1_0.bidder_email,b1_0.state from bids b1_0 where b1_0.product_id=?
2025-06-29T13:51:52.716+03:00 DEBUG 15320 --- [marketplace] [main] org.hibernate.SQL                        : select oa1_0.store_name,oa1_0.email,oa1_0.appointed_by from store_owners oa1_0 where oa1_0.store_name=?
2025-06-29T13:51:52.717+03:00 DEBUG 15320 --- [marketplace] [main] org.hibernate.SQL                        : select m1_0.store_name,m1_0.manager_email,m1_0.appointed_by,p1_0.manager_email,p1_0.permission from store_managers m1_0 left join manager_permissions p1_0 on m1_0.manager_email=p1_0.manager_email where m1_0.store_name=?
2025-06-29T13:51:52.719+03:00 DEBUG 15320 --- [marketplace] [main] org.hibernate.SQL                        : select s1_0.name,s1_0.balance,s1_0.description,s1_0.email,s1_0.in_store_product_id,s1_0.is_active,m1_0.store_name,m1_0.manager_email,m1_0.appointed_by,p1_0.manager_email,p1_0.permission,oa1_0.store_name,oa1_0.email,oa1_0.appointed_by,s1_0.discount_percentage,s1_0.duration_in_days,r1_0.store_name,r1_0.user_id,r1_0.review,r1_0.score from stores s1_0 left join store_managers m1_0 on s1_0.name=m1_0.store_name left join manager_permissions p1_0 on m1_0.manager_email=p1_0.manager_email left join store_owners oa1_0 on s1_0.name=oa1_0.store_name left join store_ratings r1_0 on s1_0.name=r1_0.store_name where s1_0.name=?
2025-06-29T13:51:52.721+03:00 DEBUG 15320 --- [marketplace] [main] org.hibernate.SQL                        : select ritr1_0.store_name,ritr1_0.review_id,ritr1_0.id,ritr1_0.rating,ritr1_0.review_text,ritr1_0.reviewer_id,ritr1_0.reviewer_name,ritr1_0.store_comment from review ritr1_0 where ritr1_0.store_name=?
2025-06-29T13:51:52.722+03:00 DEBUG 15320 --- [marketplace] [main] org.hibernate.SQL                        : select p1_0.store_name,p1_0.product_key,p1_0.product_id,a1_0.id,a1_0.end_time,a1_0.ended,hb1_0.id,hb1_0.amount,hb1_0.bidder_email,hb1_0.state,a1_0.starting_price,p1_0.minimum_quantity,p1_0.catalog_id,p1_0.description,p1_0.image_url,p1_0.name,p1_0.price,p1_0.quantity,r1_0.product_id,r1_0.user_id,r1_0.review,r1_0.score from shopping_product p1_0 left join auctions a1_0 on a1_0.id=p1_0.auction_id left join bids hb1_0 on hb1_0.id=a1_0.highest_bid_id left join product_ratings r1_0 on p1_0.product_id=r1_0.product_id where p1_0.store_name=?
2025-06-29T13:51:52.725+03:00 DEBUG 15320 --- [marketplace] [main] org.hibernate.SQL                        : select c1_0.product_id,c1_0.category from product_categories c1_0 where c1_0.product_id=?
2025-06-29T13:51:52.726+03:00 DEBUG 15320 --- [marketplace] [main] org.hibernate.SQL                        : select b1_0.product_id,b1_0.id,b1_0.amount,b1_0.bidder_email,b1_0.state from bids b1_0 where b1_0.product_id=?
2025-06-29T13:51:52.727+03:00 DEBUG 15320 --- [marketplace] [main] org.hibernate.SQL                        : select c1_0.product_id,c1_0.category from product_categories c1_0 where c1_0.product_id=?
2025-06-29T13:51:52.729+03:00 DEBUG 15320 --- [marketplace] [main] org.hibernate.SQL                        : select b1_0.product_id,b1_0.id,b1_0.amount,b1_0.bidder_email,b1_0.state from bids b1_0 where b1_0.product_id=?
2025-06-29T13:51:52.730+03:00 DEBUG 15320 --- [marketplace] [main] org.hibernate.SQL                        : select sp1_0.product_id,a1_0.id,a1_0.end_time,a1_0.ended,hb1_0.id,hb1_0.amount,hb1_0.bidder_email,hb1_0.state,a1_0.starting_price,sp1_0.minimum_quantity,sp1_0.catalog_id,sp1_0.description,sp1_0.image_url,sp1_0.name,sp1_0.price,sp1_0.quantity,r1_0.product_id,r1_0.user_id,r1_0.review,r1_0.score,sp1_0.store_name from shopping_product sp1_0 left join auctions a1_0 on a1_0.id=sp1_0.auction_id left join bids hb1_0 on hb1_0.id=a1_0.highest_bid_id left join product_ratings r1_0 on sp1_0.product_id=r1_0.product_id where sp1_0.product_id=?
2025-06-29T13:51:52.732+03:00 DEBUG 15320 --- [marketplace] [main] org.hibernate.SQL                        : insert into shopping_product (auction_id,minimum_quantity,catalog_id,description,image_url,name,price,quantity,store_name,product_id) values (?,?,?,?,?,?,?,?,?,?)
2025-06-29T13:51:52.734+03:00 DEBUG 15320 --- [marketplace] [main] org.hibernate.SQL                        : update stores set balance=?,description=?,email=?,in_store_product_id=?,is_active=?,discount_percentage=?,duration_in_days=? where name=?
2025-06-29T13:51:52.738+03:00 DEBUG 15320 --- [marketplace] [main] org.hibernate.SQL                        : update shopping_product set store_name=?,product_key=? where product_id=?
2025-06-29T13:51:52.740+03:00 DEBUG 15320 --- [marketplace] [main] org.hibernate.SQL                        : insert into product_categories (product_id,category) values (?,?)
2025-06-29T13:51:52.740+03:00 DEBUG 15320 --- [marketplace] [main] org.hibernate.SQL                        : insert into product_categories (product_id,category) values (?,?)
2025-06-29T13:51:52.743+03:00 DEBUG 15320 --- [marketplace] [main] org.hibernate.SQL                        : select s1_0.name,s1_0.balance,s1_0.description,s1_0.email,s1_0.in_store_product_id,s1_0.is_active,s1_0.discount_percentage,s1_0.duration_in_days from stores s1_0 where s1_0.name=?
2025-06-29T13:51:52.746+03:00 DEBUG 15320 --- [marketplace] [main] org.hibernate.SQL                        : select ritr1_0.store_name,ritr1_0.review_id,ritr1_0.id,ritr1_0.rating,ritr1_0.review_text,ritr1_0.reviewer_id,ritr1_0.reviewer_name,ritr1_0.store_comment from review ritr1_0 where ritr1_0.store_name=?
2025-06-29T13:51:52.748+03:00 DEBUG 15320 --- [marketplace] [main] org.hibernate.SQL                        : select r1_0.store_name,r1_0.user_id,r1_0.review,r1_0.score from store_ratings r1_0 where r1_0.store_name=?
2025-06-29T13:51:52.749+03:00 DEBUG 15320 --- [marketplace] [main] org.hibernate.SQL                        : select p1_0.store_name,p1_0.product_key,p1_0.product_id,a1_0.id,a1_0.end_time,a1_0.ended,hb1_0.id,hb1_0.amount,hb1_0.bidder_email,hb1_0.state,a1_0.starting_price,p1_0.minimum_quantity,p1_0.catalog_id,p1_0.description,p1_0.image_url,p1_0.name,p1_0.price,p1_0.quantity,r1_0.product_id,r1_0.user_id,r1_0.review,r1_0.score from shopping_product p1_0 left join auctions a1_0 on a1_0.id=p1_0.auction_id left join bids hb1_0 on hb1_0.id=a1_0.highest_bid_id left join product_ratings r1_0 on p1_0.product_id=r1_0.product_id where p1_0.store_name=?
2025-06-29T13:51:52.752+03:00 DEBUG 15320 --- [marketplace] [main] org.hibernate.SQL                        : select c1_0.product_id,c1_0.category from product_categories c1_0 where c1_0.product_id=?
2025-06-29T13:51:52.753+03:00 DEBUG 15320 --- [marketplace] [main] org.hibernate.SQL                        : select b1_0.product_id,b1_0.id,b1_0.amount,b1_0.bidder_email,b1_0.state from bids b1_0 where b1_0.product_id=?
2025-06-29T13:51:52.754+03:00 DEBUG 15320 --- [marketplace] [main] org.hibernate.SQL                        : select c1_0.product_id,c1_0.category from product_categories c1_0 where c1_0.product_id=?
2025-06-29T13:51:52.755+03:00 DEBUG 15320 --- [marketplace] [main] org.hibernate.SQL                        : select b1_0.product_id,b1_0.id,b1_0.amount,b1_0.bidder_email,b1_0.state from bids b1_0 where b1_0.product_id=?
2025-06-29T13:51:52.755+03:00 DEBUG 15320 --- [marketplace] [main] org.hibernate.SQL                        : select c1_0.product_id,c1_0.category from product_categories c1_0 where c1_0.product_id=?
2025-06-29T13:51:52.756+03:00 DEBUG 15320 --- [marketplace] [main] org.hibernate.SQL                        : select b1_0.product_id,b1_0.id,b1_0.amount,b1_0.bidder_email,b1_0.state from bids b1_0 where b1_0.product_id=?
2025-06-29T13:51:52.757+03:00 DEBUG 15320 --- [marketplace] [main] org.hibernate.SQL                        : select oa1_0.store_name,oa1_0.email,oa1_0.appointed_by from store_owners oa1_0 where oa1_0.store_name=?
2025-06-29T13:51:52.759+03:00 DEBUG 15320 --- [marketplace] [main] org.hibernate.SQL                        : select m1_0.store_name,m1_0.manager_email,m1_0.appointed_by,p1_0.manager_email,p1_0.permission from store_managers m1_0 left join manager_permissions p1_0 on m1_0.manager_email=p1_0.manager_email where m1_0.store_name=?
2025-06-29T13:51:52.762+03:00 DEBUG 15320 --- [marketplace] [main] org.hibernate.SQL                        : select s1_0.name,s1_0.balance,s1_0.description,s1_0.email,s1_0.in_store_product_id,s1_0.is_active,m1_0.store_name,m1_0.manager_email,m1_0.appointed_by,p1_0.manager_email,p1_0.permission,oa1_0.store_name,oa1_0.email,oa1_0.appointed_by,s1_0.discount_percentage,s1_0.duration_in_days,r1_0.store_name,r1_0.user_id,r1_0.review,r1_0.score from stores s1_0 left join store_managers m1_0 on s1_0.name=m1_0.store_name left join manager_permissions p1_0 on m1_0.manager_email=p1_0.manager_email left join store_owners oa1_0 on s1_0.name=oa1_0.store_name left join store_ratings r1_0 on s1_0.name=r1_0.store_name where s1_0.name=?
2025-06-29T13:51:52.765+03:00 DEBUG 15320 --- [marketplace] [main] org.hibernate.SQL                        : select ritr1_0.store_name,ritr1_0.review_id,ritr1_0.id,ritr1_0.rating,ritr1_0.review_text,ritr1_0.reviewer_id,ritr1_0.reviewer_name,ritr1_0.store_comment from review ritr1_0 where ritr1_0.store_name=?
2025-06-29T13:51:52.766+03:00 DEBUG 15320 --- [marketplace] [main] org.hibernate.SQL                        : select p1_0.store_name,p1_0.product_key,p1_0.product_id,a1_0.id,a1_0.end_time,a1_0.ended,hb1_0.id,hb1_0.amount,hb1_0.bidder_email,hb1_0.state,a1_0.starting_price,p1_0.minimum_quantity,p1_0.catalog_id,p1_0.description,p1_0.image_url,p1_0.name,p1_0.price,p1_0.quantity,r1_0.product_id,r1_0.user_id,r1_0.review,r1_0.score from shopping_product p1_0 left join auctions a1_0 on a1_0.id=p1_0.auction_id left join bids hb1_0 on hb1_0.id=a1_0.highest_bid_id left join product_ratings r1_0 on p1_0.product_id=r1_0.product_id where p1_0.store_name=?
2025-06-29T13:51:52.769+03:00 DEBUG 15320 --- [marketplace] [main] org.hibernate.SQL                        : select c1_0.product_id,c1_0.category from product_categories c1_0 where c1_0.product_id=?
2025-06-29T13:51:52.771+03:00 DEBUG 15320 --- [marketplace] [main] org.hibernate.SQL                        : select b1_0.product_id,b1_0.id,b1_0.amount,b1_0.bidder_email,b1_0.state from bids b1_0 where b1_0.product_id=?
2025-06-29T13:51:52.775+03:00 DEBUG 15320 --- [marketplace] [main] org.hibernate.SQL                        : select c1_0.product_id,c1_0.category from product_categories c1_0 where c1_0.product_id=?
2025-06-29T13:51:52.776+03:00 DEBUG 15320 --- [marketplace] [main] org.hibernate.SQL                        : select b1_0.product_id,b1_0.id,b1_0.amount,b1_0.bidder_email,b1_0.state from bids b1_0 where b1_0.product_id=?
2025-06-29T13:51:52.777+03:00 DEBUG 15320 --- [marketplace] [main] org.hibernate.SQL                        : select c1_0.product_id,c1_0.category from product_categories c1_0 where c1_0.product_id=?
2025-06-29T13:51:52.778+03:00 DEBUG 15320 --- [marketplace] [main] org.hibernate.SQL                        : select b1_0.product_id,b1_0.id,b1_0.amount,b1_0.bidder_email,b1_0.state from bids b1_0 where b1_0.product_id=?
2025-06-29T13:51:52.780+03:00 DEBUG 15320 --- [marketplace] [main] org.hibernate.SQL                        : select sp1_0.product_id,a1_0.id,a1_0.end_time,a1_0.ended,hb1_0.id,hb1_0.amount,hb1_0.bidder_email,hb1_0.state,a1_0.starting_price,sp1_0.minimum_quantity,sp1_0.catalog_id,sp1_0.description,sp1_0.image_url,sp1_0.name,sp1_0.price,sp1_0.quantity,r1_0.product_id,r1_0.user_id,r1_0.review,r1_0.score,sp1_0.store_name from shopping_product sp1_0 left join auctions a1_0 on a1_0.id=sp1_0.auction_id left join bids hb1_0 on hb1_0.id=a1_0.highest_bid_id left join product_ratings r1_0 on sp1_0.product_id=r1_0.product_id where sp1_0.product_id=?
2025-06-29T13:51:52.785+03:00 DEBUG 15320 --- [marketplace] [main] org.hibernate.SQL                        : insert into shopping_product (auction_id,minimum_quantity,catalog_id,description,image_url,name,price,quantity,store_name,product_id) values (?,?,?,?,?,?,?,?,?,?)
2025-06-29T13:51:52.791+03:00 DEBUG 15320 --- [marketplace] [main] org.hibernate.SQL                        : update stores set balance=?,description=?,email=?,in_store_product_id=?,is_active=?,discount_percentage=?,duration_in_days=? where name=?
2025-06-29T13:51:52.793+03:00 DEBUG 15320 --- [marketplace] [main] org.hibernate.SQL                        : update shopping_product set store_name=?,product_key=? where product_id=?
2025-06-29T13:51:52.795+03:00 DEBUG 15320 --- [marketplace] [main] org.hibernate.SQL                        : insert into product_categories (product_id,category) values (?,?)
2025-06-29T13:51:52.796+03:00 DEBUG 15320 --- [marketplace] [main] org.hibernate.SQL                        : insert into product_categories (product_id,category) values (?,?)
2025-06-29T13:51:52.810+03:00 DEBUG 15320 --- [marketplace] [main] org.hibernate.SQL                        : select s1_0.name,s1_0.balance,s1_0.description,s1_0.email,s1_0.in_store_product_id,s1_0.is_active,s1_0.discount_percentage,s1_0.duration_in_days from stores s1_0 where s1_0.name=?
2025-06-29T13:51:52.814+03:00 DEBUG 15320 --- [marketplace] [main] org.hibernate.SQL                        : select ritr1_0.store_name,ritr1_0.review_id,ritr1_0.id,ritr1_0.rating,ritr1_0.review_text,ritr1_0.reviewer_id,ritr1_0.reviewer_name,ritr1_0.store_comment from review ritr1_0 where ritr1_0.store_name=?
2025-06-29T13:51:52.816+03:00 DEBUG 15320 --- [marketplace] [main] org.hibernate.SQL                        : select r1_0.store_name,r1_0.user_id,r1_0.review,r1_0.score from store_ratings r1_0 where r1_0.store_name=?
2025-06-29T13:51:52.817+03:00 DEBUG 15320 --- [marketplace] [main] org.hibernate.SQL                        : select p1_0.store_name,p1_0.product_key,p1_0.product_id,a1_0.id,a1_0.end_time,a1_0.ended,hb1_0.id,hb1_0.amount,hb1_0.bidder_email,hb1_0.state,a1_0.starting_price,p1_0.minimum_quantity,p1_0.catalog_id,p1_0.description,p1_0.image_url,p1_0.name,p1_0.price,p1_0.quantity,r1_0.product_id,r1_0.user_id,r1_0.review,r1_0.score from shopping_product p1_0 left join auctions a1_0 on a1_0.id=p1_0.auction_id left join bids hb1_0 on hb1_0.id=a1_0.highest_bid_id left join product_ratings r1_0 on p1_0.product_id=r1_0.product_id where p1_0.store_name=?
2025-06-29T13:51:52.819+03:00 DEBUG 15320 --- [marketplace] [main] org.hibernate.SQL                        : select oa1_0.store_name,oa1_0.email,oa1_0.appointed_by from store_owners oa1_0 where oa1_0.store_name=?
2025-06-29T13:51:52.821+03:00 DEBUG 15320 --- [marketplace] [main] org.hibernate.SQL                        : select m1_0.store_name,m1_0.manager_email,m1_0.appointed_by,p1_0.manager_email,p1_0.permission from store_managers m1_0 left join manager_permissions p1_0 on m1_0.manager_email=p1_0.manager_email where m1_0.store_name=?
2025-06-29T13:51:52.824+03:00 DEBUG 15320 --- [marketplace] [main] org.hibernate.SQL                        : select s1_0.name,s1_0.balance,s1_0.description,s1_0.email,s1_0.in_store_product_id,s1_0.is_active,m1_0.store_name,m1_0.manager_email,m1_0.appointed_by,p1_0.manager_email,p1_0.permission,oa1_0.store_name,oa1_0.email,oa1_0.appointed_by,s1_0.discount_percentage,s1_0.duration_in_days,r1_0.store_name,r1_0.user_id,r1_0.review,r1_0.score from stores s1_0 left join store_managers m1_0 on s1_0.name=m1_0.store_name left join manager_permissions p1_0 on m1_0.manager_email=p1_0.manager_email left join store_owners oa1_0 on s1_0.name=oa1_0.store_name left join store_ratings r1_0 on s1_0.name=r1_0.store_name where s1_0.name=?
2025-06-29T13:51:52.828+03:00 DEBUG 15320 --- [marketplace] [main] org.hibernate.SQL                        : select ritr1_0.store_name,ritr1_0.review_id,ritr1_0.id,ritr1_0.rating,ritr1_0.review_text,ritr1_0.reviewer_id,ritr1_0.reviewer_name,ritr1_0.store_comment from review ritr1_0 where ritr1_0.store_name=?
2025-06-29T13:51:52.829+03:00 DEBUG 15320 --- [marketplace] [main] org.hibernate.SQL                        : select p1_0.store_name,p1_0.product_key,p1_0.product_id,a1_0.id,a1_0.end_time,a1_0.ended,hb1_0.id,hb1_0.amount,hb1_0.bidder_email,hb1_0.state,a1_0.starting_price,p1_0.minimum_quantity,p1_0.catalog_id,p1_0.description,p1_0.image_url,p1_0.name,p1_0.price,p1_0.quantity,r1_0.product_id,r1_0.user_id,r1_0.review,r1_0.score from shopping_product p1_0 left join auctions a1_0 on a1_0.id=p1_0.auction_id left join bids hb1_0 on hb1_0.id=a1_0.highest_bid_id left join product_ratings r1_0 on p1_0.product_id=r1_0.product_id where p1_0.store_name=?
2025-06-29T13:51:52.830+03:00 DEBUG 15320 --- [marketplace] [main] org.hibernate.SQL                        : select sp1_0.product_id,a1_0.id,a1_0.end_time,a1_0.ended,hb1_0.id,hb1_0.amount,hb1_0.bidder_email,hb1_0.state,a1_0.starting_price,sp1_0.minimum_quantity,sp1_0.catalog_id,sp1_0.description,sp1_0.image_url,sp1_0.name,sp1_0.price,sp1_0.quantity,r1_0.product_id,r1_0.user_id,r1_0.review,r1_0.score,sp1_0.store_name from shopping_product sp1_0 left join auctions a1_0 on a1_0.id=sp1_0.auction_id left join bids hb1_0 on hb1_0.id=a1_0.highest_bid_id left join product_ratings r1_0 on sp1_0.product_id=r1_0.product_id where sp1_0.product_id=?
2025-06-29T13:51:52.833+03:00 DEBUG 15320 --- [marketplace] [main] org.hibernate.SQL                        : insert into shopping_product (auction_id,minimum_quantity,catalog_id,description,image_url,name,price,quantity,store_name,product_id) values (?,?,?,?,?,?,?,?,?,?)
2025-06-29T13:51:52.835+03:00 DEBUG 15320 --- [marketplace] [main] org.hibernate.SQL                        : update stores set balance=?,description=?,email=?,in_store_product_id=?,is_active=?,discount_percentage=?,duration_in_days=? where name=?
2025-06-29T13:51:52.837+03:00 DEBUG 15320 --- [marketplace] [main] org.hibernate.SQL                        : update shopping_product set store_name=?,product_key=? where product_id=?
2025-06-29T13:51:52.839+03:00 DEBUG 15320 --- [marketplace] [main] org.hibernate.SQL                        : insert into product_categories (product_id,category) values (?,?)
2025-06-29T13:51:52.843+03:00 DEBUG 15320 --- [marketplace] [main] org.hibernate.SQL                        : insert into product_categories (product_id,category) values (?,?)
2025-06-29T13:51:52.847+03:00 DEBUG 15320 --- [marketplace] [main] org.hibernate.SQL                        : select s1_0.name,s1_0.balance,s1_0.description,s1_0.email,s1_0.in_store_product_id,s1_0.is_active,s1_0.discount_percentage,s1_0.duration_in_days from stores s1_0 where s1_0.name=?
2025-06-29T13:51:52.852+03:00 DEBUG 15320 --- [marketplace] [main] org.hibernate.SQL                        : select ritr1_0.store_name,ritr1_0.review_id,ritr1_0.id,ritr1_0.rating,ritr1_0.review_text,ritr1_0.reviewer_id,ritr1_0.reviewer_name,ritr1_0.store_comment from review ritr1_0 where ritr1_0.store_name=?
2025-06-29T13:51:52.853+03:00 DEBUG 15320 --- [marketplace] [main] org.hibernate.SQL                        : select r1_0.store_name,r1_0.user_id,r1_0.review,r1_0.score from store_ratings r1_0 where r1_0.store_name=?
2025-06-29T13:51:52.855+03:00 DEBUG 15320 --- [marketplace] [main] org.hibernate.SQL                        : select p1_0.store_name,p1_0.product_key,p1_0.product_id,a1_0.id,a1_0.end_time,a1_0.ended,hb1_0.id,hb1_0.amount,hb1_0.bidder_email,hb1_0.state,a1_0.starting_price,p1_0.minimum_quantity,p1_0.catalog_id,p1_0.description,p1_0.image_url,p1_0.name,p1_0.price,p1_0.quantity,r1_0.product_id,r1_0.user_id,r1_0.review,r1_0.score from shopping_product p1_0 left join auctions a1_0 on a1_0.id=p1_0.auction_id left join bids hb1_0 on hb1_0.id=a1_0.highest_bid_id left join product_ratings r1_0 on p1_0.product_id=r1_0.product_id where p1_0.store_name=?
2025-06-29T13:51:52.857+03:00 DEBUG 15320 --- [marketplace] [main] org.hibernate.SQL                        : select c1_0.product_id,c1_0.category from product_categories c1_0 where c1_0.product_id=?
2025-06-29T13:51:52.859+03:00 DEBUG 15320 --- [marketplace] [main] org.hibernate.SQL                        : select b1_0.product_id,b1_0.id,b1_0.amount,b1_0.bidder_email,b1_0.state from bids b1_0 where b1_0.product_id=?
2025-06-29T13:51:52.860+03:00 DEBUG 15320 --- [marketplace] [main] org.hibernate.SQL                        : select oa1_0.store_name,oa1_0.email,oa1_0.appointed_by from store_owners oa1_0 where oa1_0.store_name=?
2025-06-29T13:51:52.862+03:00 DEBUG 15320 --- [marketplace] [main] org.hibernate.SQL                        : select m1_0.store_name,m1_0.manager_email,m1_0.appointed_by,p1_0.manager_email,p1_0.permission from store_managers m1_0 left join manager_permissions p1_0 on m1_0.manager_email=p1_0.manager_email where m1_0.store_name=?
2025-06-29T13:51:52.865+03:00 DEBUG 15320 --- [marketplace] [main] org.hibernate.SQL                        : select s1_0.name,s1_0.balance,s1_0.description,s1_0.email,s1_0.in_store_product_id,s1_0.is_active,m1_0.store_name,m1_0.manager_email,m1_0.appointed_by,p1_0.manager_email,p1_0.permission,oa1_0.store_name,oa1_0.email,oa1_0.appointed_by,s1_0.discount_percentage,s1_0.duration_in_days,r1_0.store_name,r1_0.user_id,r1_0.review,r1_0.score from stores s1_0 left join store_managers m1_0 on s1_0.name=m1_0.store_name left join manager_permissions p1_0 on m1_0.manager_email=p1_0.manager_email left join store_owners oa1_0 on s1_0.name=oa1_0.store_name left join store_ratings r1_0 on s1_0.name=r1_0.store_name where s1_0.name=?
2025-06-29T13:51:52.867+03:00 DEBUG 15320 --- [marketplace] [main] org.hibernate.SQL                        : select ritr1_0.store_name,ritr1_0.review_id,ritr1_0.id,ritr1_0.rating,ritr1_0.review_text,ritr1_0.reviewer_id,ritr1_0.reviewer_name,ritr1_0.store_comment from review ritr1_0 where ritr1_0.store_name=?
2025-06-29T13:51:52.867+03:00 DEBUG 15320 --- [marketplace] [main] org.hibernate.SQL                        : select p1_0.store_name,p1_0.product_key,p1_0.product_id,a1_0.id,a1_0.end_time,a1_0.ended,hb1_0.id,hb1_0.amount,hb1_0.bidder_email,hb1_0.state,a1_0.starting_price,p1_0.minimum_quantity,p1_0.catalog_id,p1_0.description,p1_0.image_url,p1_0.name,p1_0.price,p1_0.quantity,r1_0.product_id,r1_0.user_id,r1_0.review,r1_0.score from shopping_product p1_0 left join auctions a1_0 on a1_0.id=p1_0.auction_id left join bids hb1_0 on hb1_0.id=a1_0.highest_bid_id left join product_ratings r1_0 on p1_0.product_id=r1_0.product_id where p1_0.store_name=?
2025-06-29T13:51:52.868+03:00 DEBUG 15320 --- [marketplace] [main] org.hibernate.SQL                        : select c1_0.product_id,c1_0.category from product_categories c1_0 where c1_0.product_id=?
2025-06-29T13:51:52.868+03:00 DEBUG 15320 --- [marketplace] [main] org.hibernate.SQL                        : select b1_0.product_id,b1_0.id,b1_0.amount,b1_0.bidder_email,b1_0.state from bids b1_0 where b1_0.product_id=?
2025-06-29T13:51:52.869+03:00 DEBUG 15320 --- [marketplace] [main] org.hibernate.SQL                        : select sp1_0.product_id,a1_0.id,a1_0.end_time,a1_0.ended,hb1_0.id,hb1_0.amount,hb1_0.bidder_email,hb1_0.state,a1_0.starting_price,sp1_0.minimum_quantity,sp1_0.catalog_id,sp1_0.description,sp1_0.image_url,sp1_0.name,sp1_0.price,sp1_0.quantity,r1_0.product_id,r1_0.user_id,r1_0.review,r1_0.score,sp1_0.store_name from shopping_product sp1_0 left join auctions a1_0 on a1_0.id=sp1_0.auction_id left join bids hb1_0 on hb1_0.id=a1_0.highest_bid_id left join product_ratings r1_0 on sp1_0.product_id=r1_0.product_id where sp1_0.product_id=?
2025-06-29T13:51:52.877+03:00 DEBUG 15320 --- [marketplace] [main] org.hibernate.SQL                        : insert into shopping_product (auction_id,minimum_quantity,catalog_id,description,image_url,name,price,quantity,store_name,product_id) values (?,?,?,?,?,?,?,?,?,?)
2025-06-29T13:51:52.878+03:00 DEBUG 15320 --- [marketplace] [main] org.hibernate.SQL                        : update stores set balance=?,description=?,email=?,in_store_product_id=?,is_active=?,discount_percentage=?,duration_in_days=? where name=?
2025-06-29T13:51:52.880+03:00 DEBUG 15320 --- [marketplace] [main] org.hibernate.SQL                        : update shopping_product set store_name=?,product_key=? where product_id=?
2025-06-29T13:51:52.881+03:00 DEBUG 15320 --- [marketplace] [main] org.hibernate.SQL                        : insert into product_categories (product_id,category) values (?,?)
2025-06-29T13:51:52.881+03:00 DEBUG 15320 --- [marketplace] [main] org.hibernate.SQL                        : insert into product_categories (product_id,category) values (?,?)
2025-06-29T13:51:52.883+03:00 DEBUG 15320 --- [marketplace] [main] org.hibernate.SQL                        : select s1_0.name,s1_0.balance,s1_0.description,s1_0.email,s1_0.in_store_product_id,s1_0.is_active,s1_0.discount_percentage,s1_0.duration_in_days from stores s1_0 where s1_0.name=?
2025-06-29T13:51:52.886+03:00 DEBUG 15320 --- [marketplace] [main] org.hibernate.SQL                        : select ritr1_0.store_name,ritr1_0.review_id,ritr1_0.id,ritr1_0.rating,ritr1_0.review_text,ritr1_0.reviewer_id,ritr1_0.reviewer_name,ritr1_0.store_comment from review ritr1_0 where ritr1_0.store_name=?
2025-06-29T13:51:52.888+03:00 DEBUG 15320 --- [marketplace] [main] org.hibernate.SQL                        : select r1_0.store_name,r1_0.user_id,r1_0.review,r1_0.score from store_ratings r1_0 where r1_0.store_name=?
2025-06-29T13:51:52.889+03:00 DEBUG 15320 --- [marketplace] [main] org.hibernate.SQL                        : select p1_0.store_name,p1_0.product_key,p1_0.product_id,a1_0.id,a1_0.end_time,a1_0.ended,hb1_0.id,hb1_0.amount,hb1_0.bidder_email,hb1_0.state,a1_0.starting_price,p1_0.minimum_quantity,p1_0.catalog_id,p1_0.description,p1_0.image_url,p1_0.name,p1_0.price,p1_0.quantity,r1_0.product_id,r1_0.user_id,r1_0.review,r1_0.score from shopping_product p1_0 left join auctions a1_0 on a1_0.id=p1_0.auction_id left join bids hb1_0 on hb1_0.id=a1_0.highest_bid_id left join product_ratings r1_0 on p1_0.product_id=r1_0.product_id where p1_0.store_name=?
2025-06-29T13:51:52.891+03:00 DEBUG 15320 --- [marketplace] [main] org.hibernate.SQL                        : select c1_0.product_id,c1_0.category from product_categories c1_0 where c1_0.product_id=?
2025-06-29T13:51:52.892+03:00 DEBUG 15320 --- [marketplace] [main] org.hibernate.SQL                        : select b1_0.product_id,b1_0.id,b1_0.amount,b1_0.bidder_email,b1_0.state from bids b1_0 where b1_0.product_id=?
2025-06-29T13:51:52.894+03:00 DEBUG 15320 --- [marketplace] [main] org.hibernate.SQL                        : select c1_0.product_id,c1_0.category from product_categories c1_0 where c1_0.product_id=?
2025-06-29T13:51:52.894+03:00 DEBUG 15320 --- [marketplace] [main] org.hibernate.SQL                        : select b1_0.product_id,b1_0.id,b1_0.amount,b1_0.bidder_email,b1_0.state from bids b1_0 where b1_0.product_id=?
2025-06-29T13:51:52.895+03:00 DEBUG 15320 --- [marketplace] [main] org.hibernate.SQL                        : select oa1_0.store_name,oa1_0.email,oa1_0.appointed_by from store_owners oa1_0 where oa1_0.store_name=?
2025-06-29T13:51:52.896+03:00 DEBUG 15320 --- [marketplace] [main] org.hibernate.SQL                        : select m1_0.store_name,m1_0.manager_email,m1_0.appointed_by,p1_0.manager_email,p1_0.permission from store_managers m1_0 left join manager_permissions p1_0 on m1_0.manager_email=p1_0.manager_email where m1_0.store_name=?
2025-06-29T13:51:52.899+03:00 DEBUG 15320 --- [marketplace] [main] org.hibernate.SQL                        : select s1_0.name,s1_0.balance,s1_0.description,s1_0.email,s1_0.in_store_product_id,s1_0.is_active,m1_0.store_name,m1_0.manager_email,m1_0.appointed_by,p1_0.manager_email,p1_0.permission,oa1_0.store_name,oa1_0.email,oa1_0.appointed_by,s1_0.discount_percentage,s1_0.duration_in_days,r1_0.store_name,r1_0.user_id,r1_0.review,r1_0.score from stores s1_0 left join store_managers m1_0 on s1_0.name=m1_0.store_name left join manager_permissions p1_0 on m1_0.manager_email=p1_0.manager_email left join store_owners oa1_0 on s1_0.name=oa1_0.store_name left join store_ratings r1_0 on s1_0.name=r1_0.store_name where s1_0.name=?
2025-06-29T13:51:52.901+03:00 DEBUG 15320 --- [marketplace] [main] org.hibernate.SQL                        : select ritr1_0.store_name,ritr1_0.review_id,ritr1_0.id,ritr1_0.rating,ritr1_0.review_text,ritr1_0.reviewer_id,ritr1_0.reviewer_name,ritr1_0.store_comment from review ritr1_0 where ritr1_0.store_name=?
2025-06-29T13:51:52.901+03:00 DEBUG 15320 --- [marketplace] [main] org.hibernate.SQL                        : select p1_0.store_name,p1_0.product_key,p1_0.product_id,a1_0.id,a1_0.end_time,a1_0.ended,hb1_0.id,hb1_0.amount,hb1_0.bidder_email,hb1_0.state,a1_0.starting_price,p1_0.minimum_quantity,p1_0.catalog_id,p1_0.description,p1_0.image_url,p1_0.name,p1_0.price,p1_0.quantity,r1_0.product_id,r1_0.user_id,r1_0.review,r1_0.score from shopping_product p1_0 left join auctions a1_0 on a1_0.id=p1_0.auction_id left join bids hb1_0 on hb1_0.id=a1_0.highest_bid_id left join product_ratings r1_0 on p1_0.product_id=r1_0.product_id where p1_0.store_name=?
2025-06-29T13:51:52.903+03:00 DEBUG 15320 --- [marketplace] [main] org.hibernate.SQL                        : select c1_0.product_id,c1_0.category from product_categories c1_0 where c1_0.product_id=?
2025-06-29T13:51:52.903+03:00 DEBUG 15320 --- [marketplace] [main] org.hibernate.SQL                        : select b1_0.product_id,b1_0.id,b1_0.amount,b1_0.bidder_email,b1_0.state from bids b1_0 where b1_0.product_id=?
2025-06-29T13:51:52.905+03:00 DEBUG 15320 --- [marketplace] [main] org.hibernate.SQL                        : select c1_0.product_id,c1_0.category from product_categories c1_0 where c1_0.product_id=?
2025-06-29T13:51:52.907+03:00 DEBUG 15320 --- [marketplace] [main] org.hibernate.SQL                        : select b1_0.product_id,b1_0.id,b1_0.amount,b1_0.bidder_email,b1_0.state from bids b1_0 where b1_0.product_id=?
2025-06-29T13:51:52.911+03:00 DEBUG 15320 --- [marketplace] [main] org.hibernate.SQL                        : select sp1_0.product_id,a1_0.id,a1_0.end_time,a1_0.ended,hb1_0.id,hb1_0.amount,hb1_0.bidder_email,hb1_0.state,a1_0.starting_price,sp1_0.minimum_quantity,sp1_0.catalog_id,sp1_0.description,sp1_0.image_url,sp1_0.name,sp1_0.price,sp1_0.quantity,r1_0.product_id,r1_0.user_id,r1_0.review,r1_0.score,sp1_0.store_name from shopping_product sp1_0 left join auctions a1_0 on a1_0.id=sp1_0.auction_id left join bids hb1_0 on hb1_0.id=a1_0.highest_bid_id left join product_ratings r1_0 on sp1_0.product_id=r1_0.product_id where sp1_0.product_id=?
2025-06-29T13:51:52.915+03:00 DEBUG 15320 --- [marketplace] [main] org.hibernate.SQL                        : insert into shopping_product (auction_id,minimum_quantity,catalog_id,description,image_url,name,price,quantity,store_name,product_id) values (?,?,?,?,?,?,?,?,?,?)
2025-06-29T13:51:52.916+03:00 DEBUG 15320 --- [marketplace] [main] org.hibernate.SQL                        : update stores set balance=?,description=?,email=?,in_store_product_id=?,is_active=?,discount_percentage=?,duration_in_days=? where name=?
2025-06-29T13:51:52.918+03:00 DEBUG 15320 --- [marketplace] [main] org.hibernate.SQL                        : update shopping_product set store_name=?,product_key=? where product_id=?
2025-06-29T13:51:52.919+03:00 DEBUG 15320 --- [marketplace] [main] org.hibernate.SQL                        : insert into product_categories (product_id,category) values (?,?)
2025-06-29T13:51:52.919+03:00 DEBUG 15320 --- [marketplace] [main] org.hibernate.SQL                        : insert into product_categories (product_id,category) values (?,?)
2025-06-29T13:51:52.922+03:00 DEBUG 15320 --- [marketplace] [main] org.hibernate.SQL                        : select s1_0.name,s1_0.balance,s1_0.description,s1_0.email,s1_0.in_store_product_id,s1_0.is_active,s1_0.discount_percentage,s1_0.duration_in_days from stores s1_0 where s1_0.name=?
2025-06-29T13:51:52.924+03:00 DEBUG 15320 --- [marketplace] [main] org.hibernate.SQL                        : select ritr1_0.store_name,ritr1_0.review_id,ritr1_0.id,ritr1_0.rating,ritr1_0.review_text,ritr1_0.reviewer_id,ritr1_0.reviewer_name,ritr1_0.store_comment from review ritr1_0 where ritr1_0.store_name=?
2025-06-29T13:51:52.925+03:00 DEBUG 15320 --- [marketplace] [main] org.hibernate.SQL                        : select r1_0.store_name,r1_0.user_id,r1_0.review,r1_0.score from store_ratings r1_0 where r1_0.store_name=?
2025-06-29T13:51:52.927+03:00 DEBUG 15320 --- [marketplace] [main] org.hibernate.SQL                        : select p1_0.store_name,p1_0.product_key,p1_0.product_id,a1_0.id,a1_0.end_time,a1_0.ended,hb1_0.id,hb1_0.amount,hb1_0.bidder_email,hb1_0.state,a1_0.starting_price,p1_0.minimum_quantity,p1_0.catalog_id,p1_0.description,p1_0.image_url,p1_0.name,p1_0.price,p1_0.quantity,r1_0.product_id,r1_0.user_id,r1_0.review,r1_0.score from shopping_product p1_0 left join auctions a1_0 on a1_0.id=p1_0.auction_id left join bids hb1_0 on hb1_0.id=a1_0.highest_bid_id left join product_ratings r1_0 on p1_0.product_id=r1_0.product_id where p1_0.store_name=?
2025-06-29T13:51:52.929+03:00 DEBUG 15320 --- [marketplace] [main] org.hibernate.SQL                        : select c1_0.product_id,c1_0.category from product_categories c1_0 where c1_0.product_id=?
2025-06-29T13:51:52.930+03:00 DEBUG 15320 --- [marketplace] [main] org.hibernate.SQL                        : select b1_0.product_id,b1_0.id,b1_0.amount,b1_0.bidder_email,b1_0.state from bids b1_0 where b1_0.product_id=?
2025-06-29T13:51:52.931+03:00 DEBUG 15320 --- [marketplace] [main] org.hibernate.SQL                        : select c1_0.product_id,c1_0.category from product_categories c1_0 where c1_0.product_id=?
2025-06-29T13:51:52.931+03:00 DEBUG 15320 --- [marketplace] [main] org.hibernate.SQL                        : select b1_0.product_id,b1_0.id,b1_0.amount,b1_0.bidder_email,b1_0.state from bids b1_0 where b1_0.product_id=?
2025-06-29T13:51:52.932+03:00 DEBUG 15320 --- [marketplace] [main] org.hibernate.SQL                        : select c1_0.product_id,c1_0.category from product_categories c1_0 where c1_0.product_id=?
2025-06-29T13:51:52.932+03:00 DEBUG 15320 --- [marketplace] [main] org.hibernate.SQL                        : select b1_0.product_id,b1_0.id,b1_0.amount,b1_0.bidder_email,b1_0.state from bids b1_0 where b1_0.product_id=?
2025-06-29T13:51:52.933+03:00 DEBUG 15320 --- [marketplace] [main] org.hibernate.SQL                        : select oa1_0.store_name,oa1_0.email,oa1_0.appointed_by from store_owners oa1_0 where oa1_0.store_name=?
2025-06-29T13:51:52.933+03:00 DEBUG 15320 --- [marketplace] [main] org.hibernate.SQL                        : select m1_0.store_name,m1_0.manager_email,m1_0.appointed_by,p1_0.manager_email,p1_0.permission from store_managers m1_0 left join manager_permissions p1_0 on m1_0.manager_email=p1_0.manager_email where m1_0.store_name=?
2025-06-29T13:51:52.935+03:00 DEBUG 15320 --- [marketplace] [main] org.hibernate.SQL                        : select s1_0.name,s1_0.balance,s1_0.description,s1_0.email,s1_0.in_store_product_id,s1_0.is_active,m1_0.store_name,m1_0.manager_email,m1_0.appointed_by,p1_0.manager_email,p1_0.permission,oa1_0.store_name,oa1_0.email,oa1_0.appointed_by,s1_0.discount_percentage,s1_0.duration_in_days,r1_0.store_name,r1_0.user_id,r1_0.review,r1_0.score from stores s1_0 left join store_managers m1_0 on s1_0.name=m1_0.store_name left join manager_permissions p1_0 on m1_0.manager_email=p1_0.manager_email left join store_owners oa1_0 on s1_0.name=oa1_0.store_name left join store_ratings r1_0 on s1_0.name=r1_0.store_name where s1_0.name=?
2025-06-29T13:51:52.940+03:00 DEBUG 15320 --- [marketplace] [main] org.hibernate.SQL                        : select ritr1_0.store_name,ritr1_0.review_id,ritr1_0.id,ritr1_0.rating,ritr1_0.review_text,ritr1_0.reviewer_id,ritr1_0.reviewer_name,ritr1_0.store_comment from review ritr1_0 where ritr1_0.store_name=?
2025-06-29T13:51:52.941+03:00 DEBUG 15320 --- [marketplace] [main] org.hibernate.SQL                        : select p1_0.store_name,p1_0.product_key,p1_0.product_id,a1_0.id,a1_0.end_time,a1_0.ended,hb1_0.id,hb1_0.amount,hb1_0.bidder_email,hb1_0.state,a1_0.starting_price,p1_0.minimum_quantity,p1_0.catalog_id,p1_0.description,p1_0.image_url,p1_0.name,p1_0.price,p1_0.quantity,r1_0.product_id,r1_0.user_id,r1_0.review,r1_0.score from shopping_product p1_0 left join auctions a1_0 on a1_0.id=p1_0.auction_id left join bids hb1_0 on hb1_0.id=a1_0.highest_bid_id left join product_ratings r1_0 on p1_0.product_id=r1_0.product_id where p1_0.store_name=?
2025-06-29T13:51:52.945+03:00 DEBUG 15320 --- [marketplace] [main] org.hibernate.SQL                        : select c1_0.product_id,c1_0.category from product_categories c1_0 where c1_0.product_id=?
2025-06-29T13:51:52.946+03:00 DEBUG 15320 --- [marketplace] [main] org.hibernate.SQL                        : select b1_0.product_id,b1_0.id,b1_0.amount,b1_0.bidder_email,b1_0.state from bids b1_0 where b1_0.product_id=?
2025-06-29T13:51:52.947+03:00 DEBUG 15320 --- [marketplace] [main] org.hibernate.SQL                        : select c1_0.product_id,c1_0.category from product_categories c1_0 where c1_0.product_id=?
2025-06-29T13:51:52.948+03:00 DEBUG 15320 --- [marketplace] [main] org.hibernate.SQL                        : select b1_0.product_id,b1_0.id,b1_0.amount,b1_0.bidder_email,b1_0.state from bids b1_0 where b1_0.product_id=?
2025-06-29T13:51:52.949+03:00 DEBUG 15320 --- [marketplace] [main] org.hibernate.SQL                        : select c1_0.product_id,c1_0.category from product_categories c1_0 where c1_0.product_id=?
2025-06-29T13:51:52.949+03:00 DEBUG 15320 --- [marketplace] [main] org.hibernate.SQL                        : select b1_0.product_id,b1_0.id,b1_0.amount,b1_0.bidder_email,b1_0.state from bids b1_0 where b1_0.product_id=?
2025-06-29T13:51:52.950+03:00 DEBUG 15320 --- [marketplace] [main] org.hibernate.SQL                        : select sp1_0.product_id,a1_0.id,a1_0.end_time,a1_0.ended,hb1_0.id,hb1_0.amount,hb1_0.bidder_email,hb1_0.state,a1_0.starting_price,sp1_0.minimum_quantity,sp1_0.catalog_id,sp1_0.description,sp1_0.image_url,sp1_0.name,sp1_0.price,sp1_0.quantity,r1_0.product_id,r1_0.user_id,r1_0.review,r1_0.score,sp1_0.store_name from shopping_product sp1_0 left join auctions a1_0 on a1_0.id=sp1_0.auction_id left join bids hb1_0 on hb1_0.id=a1_0.highest_bid_id left join product_ratings r1_0 on sp1_0.product_id=r1_0.product_id where sp1_0.product_id=?
2025-06-29T13:51:52.954+03:00 DEBUG 15320 --- [marketplace] [main] org.hibernate.SQL                        : insert into shopping_product (auction_id,minimum_quantity,catalog_id,description,image_url,name,price,quantity,store_name,product_id) values (?,?,?,?,?,?,?,?,?,?)
2025-06-29T13:51:52.955+03:00 DEBUG 15320 --- [marketplace] [main] org.hibernate.SQL                        : update stores set balance=?,description=?,email=?,in_store_product_id=?,is_active=?,discount_percentage=?,duration_in_days=? where name=?
2025-06-29T13:51:52.959+03:00 DEBUG 15320 --- [marketplace] [main] org.hibernate.SQL                        : update shopping_product set store_name=?,product_key=? where product_id=?
2025-06-29T13:51:52.960+03:00 DEBUG 15320 --- [marketplace] [main] org.hibernate.SQL                        : insert into product_categories (product_id,category) values (?,?)
2025-06-29T13:51:52.961+03:00 DEBUG 15320 --- [marketplace] [main] org.hibernate.SQL                        : insert into product_categories (product_id,category) values (?,?)
2025-06-29T13:51:52.964+03:00 DEBUG 15320 --- [marketplace] [main] org.hibernate.SQL                        : select s1_0.name,s1_0.balance,s1_0.description,s1_0.email,s1_0.in_store_product_id,s1_0.is_active,s1_0.discount_percentage,s1_0.duration_in_days from stores s1_0 where s1_0.name=?
2025-06-29T13:51:52.966+03:00 DEBUG 15320 --- [marketplace] [main] org.hibernate.SQL                        : select ritr1_0.store_name,ritr1_0.review_id,ritr1_0.id,ritr1_0.rating,ritr1_0.review_text,ritr1_0.reviewer_id,ritr1_0.reviewer_name,ritr1_0.store_comment from review ritr1_0 where ritr1_0.store_name=?
2025-06-29T13:51:52.967+03:00 DEBUG 15320 --- [marketplace] [main] org.hibernate.SQL                        : select r1_0.store_name,r1_0.user_id,r1_0.review,r1_0.score from store_ratings r1_0 where r1_0.store_name=?
2025-06-29T13:51:52.968+03:00 DEBUG 15320 --- [marketplace] [main] org.hibernate.SQL                        : select p1_0.store_name,p1_0.product_key,p1_0.product_id,a1_0.id,a1_0.end_time,a1_0.ended,hb1_0.id,hb1_0.amount,hb1_0.bidder_email,hb1_0.state,a1_0.starting_price,p1_0.minimum_quantity,p1_0.catalog_id,p1_0.description,p1_0.image_url,p1_0.name,p1_0.price,p1_0.quantity,r1_0.product_id,r1_0.user_id,r1_0.review,r1_0.score from shopping_product p1_0 left join auctions a1_0 on a1_0.id=p1_0.auction_id left join bids hb1_0 on hb1_0.id=a1_0.highest_bid_id left join product_ratings r1_0 on p1_0.product_id=r1_0.product_id where p1_0.store_name=?
2025-06-29T13:51:52.971+03:00 DEBUG 15320 --- [marketplace] [main] org.hibernate.SQL                        : select c1_0.product_id,c1_0.category from product_categories c1_0 where c1_0.product_id=?
2025-06-29T13:51:52.973+03:00 DEBUG 15320 --- [marketplace] [main] org.hibernate.SQL                        : select b1_0.product_id,b1_0.id,b1_0.amount,b1_0.bidder_email,b1_0.state from bids b1_0 where b1_0.product_id=?
2025-06-29T13:51:52.977+03:00 DEBUG 15320 --- [marketplace] [main] org.hibernate.SQL                        : select c1_0.product_id,c1_0.category from product_categories c1_0 where c1_0.product_id=?
2025-06-29T13:51:52.978+03:00 DEBUG 15320 --- [marketplace] [main] org.hibernate.SQL                        : select b1_0.product_id,b1_0.id,b1_0.amount,b1_0.bidder_email,b1_0.state from bids b1_0 where b1_0.product_id=?
2025-06-29T13:51:52.979+03:00 DEBUG 15320 --- [marketplace] [main] org.hibernate.SQL                        : select c1_0.product_id,c1_0.category from product_categories c1_0 where c1_0.product_id=?
2025-06-29T13:51:52.979+03:00 DEBUG 15320 --- [marketplace] [main] org.hibernate.SQL                        : select b1_0.product_id,b1_0.id,b1_0.amount,b1_0.bidder_email,b1_0.state from bids b1_0 where b1_0.product_id=?
2025-06-29T13:51:52.980+03:00 DEBUG 15320 --- [marketplace] [main] org.hibernate.SQL                        : select c1_0.product_id,c1_0.category from product_categories c1_0 where c1_0.product_id=?
2025-06-29T13:51:52.981+03:00 DEBUG 15320 --- [marketplace] [main] org.hibernate.SQL                        : select b1_0.product_id,b1_0.id,b1_0.amount,b1_0.bidder_email,b1_0.state from bids b1_0 where b1_0.product_id=?
2025-06-29T13:51:52.982+03:00 DEBUG 15320 --- [marketplace] [main] org.hibernate.SQL                        : select oa1_0.store_name,oa1_0.email,oa1_0.appointed_by from store_owners oa1_0 where oa1_0.store_name=?
2025-06-29T13:51:52.983+03:00 DEBUG 15320 --- [marketplace] [main] org.hibernate.SQL                        : select m1_0.store_name,m1_0.manager_email,m1_0.appointed_by,p1_0.manager_email,p1_0.permission from store_managers m1_0 left join manager_permissions p1_0 on m1_0.manager_email=p1_0.manager_email where m1_0.store_name=?
2025-06-29T13:51:52.986+03:00 DEBUG 15320 --- [marketplace] [main] org.hibernate.SQL                        : select s1_0.name,s1_0.balance,s1_0.description,s1_0.email,s1_0.in_store_product_id,s1_0.is_active,m1_0.store_name,m1_0.manager_email,m1_0.appointed_by,p1_0.manager_email,p1_0.permission,oa1_0.store_name,oa1_0.email,oa1_0.appointed_by,s1_0.discount_percentage,s1_0.duration_in_days,r1_0.store_name,r1_0.user_id,r1_0.review,r1_0.score from stores s1_0 left join store_managers m1_0 on s1_0.name=m1_0.store_name left join manager_permissions p1_0 on m1_0.manager_email=p1_0.manager_email left join store_owners oa1_0 on s1_0.name=oa1_0.store_name left join store_ratings r1_0 on s1_0.name=r1_0.store_name where s1_0.name=?
2025-06-29T13:51:52.990+03:00 DEBUG 15320 --- [marketplace] [main] org.hibernate.SQL                        : select ritr1_0.store_name,ritr1_0.review_id,ritr1_0.id,ritr1_0.rating,ritr1_0.review_text,ritr1_0.reviewer_id,ritr1_0.reviewer_name,ritr1_0.store_comment from review ritr1_0 where ritr1_0.store_name=?
2025-06-29T13:51:52.990+03:00 DEBUG 15320 --- [marketplace] [main] org.hibernate.SQL                        : select p1_0.store_name,p1_0.product_key,p1_0.product_id,a1_0.id,a1_0.end_time,a1_0.ended,hb1_0.id,hb1_0.amount,hb1_0.bidder_email,hb1_0.state,a1_0.starting_price,p1_0.minimum_quantity,p1_0.catalog_id,p1_0.description,p1_0.image_url,p1_0.name,p1_0.price,p1_0.quantity,r1_0.product_id,r1_0.user_id,r1_0.review,r1_0.score from shopping_product p1_0 left join auctions a1_0 on a1_0.id=p1_0.auction_id left join bids hb1_0 on hb1_0.id=a1_0.highest_bid_id left join product_ratings r1_0 on p1_0.product_id=r1_0.product_id where p1_0.store_name=?
2025-06-29T13:51:52.993+03:00 DEBUG 15320 --- [marketplace] [main] org.hibernate.SQL                        : select c1_0.product_id,c1_0.category from product_categories c1_0 where c1_0.product_id=?
2025-06-29T13:51:52.995+03:00 DEBUG 15320 --- [marketplace] [main] org.hibernate.SQL                        : select b1_0.product_id,b1_0.id,b1_0.amount,b1_0.bidder_email,b1_0.state from bids b1_0 where b1_0.product_id=?
2025-06-29T13:51:52.996+03:00 DEBUG 15320 --- [marketplace] [main] org.hibernate.SQL                        : select c1_0.product_id,c1_0.category from product_categories c1_0 where c1_0.product_id=?
2025-06-29T13:51:52.996+03:00 DEBUG 15320 --- [marketplace] [main] org.hibernate.SQL                        : select b1_0.product_id,b1_0.id,b1_0.amount,b1_0.bidder_email,b1_0.state from bids b1_0 where b1_0.product_id=?
2025-06-29T13:51:52.996+03:00 DEBUG 15320 --- [marketplace] [main] org.hibernate.SQL                        : select c1_0.product_id,c1_0.category from product_categories c1_0 where c1_0.product_id=?
2025-06-29T13:51:52.997+03:00 DEBUG 15320 --- [marketplace] [main] org.hibernate.SQL                        : select b1_0.product_id,b1_0.id,b1_0.amount,b1_0.bidder_email,b1_0.state from bids b1_0 where b1_0.product_id=?
2025-06-29T13:51:52.997+03:00 DEBUG 15320 --- [marketplace] [main] org.hibernate.SQL                        : select c1_0.product_id,c1_0.category from product_categories c1_0 where c1_0.product_id=?
2025-06-29T13:51:52.997+03:00 DEBUG 15320 --- [marketplace] [main] org.hibernate.SQL                        : select b1_0.product_id,b1_0.id,b1_0.amount,b1_0.bidder_email,b1_0.state from bids b1_0 where b1_0.product_id=?
2025-06-29T13:51:52.999+03:00 DEBUG 15320 --- [marketplace] [main] org.hibernate.SQL                        : select sp1_0.product_id,a1_0.id,a1_0.end_time,a1_0.ended,hb1_0.id,hb1_0.amount,hb1_0.bidder_email,hb1_0.state,a1_0.starting_price,sp1_0.minimum_quantity,sp1_0.catalog_id,sp1_0.description,sp1_0.image_url,sp1_0.name,sp1_0.price,sp1_0.quantity,r1_0.product_id,r1_0.user_id,r1_0.review,r1_0.score,sp1_0.store_name from shopping_product sp1_0 left join auctions a1_0 on a1_0.id=sp1_0.auction_id left join bids hb1_0 on hb1_0.id=a1_0.highest_bid_id left join product_ratings r1_0 on sp1_0.product_id=r1_0.product_id where sp1_0.product_id=?
2025-06-29T13:51:53.007+03:00 DEBUG 15320 --- [marketplace] [main] org.hibernate.SQL                        : insert into shopping_product (auction_id,minimum_quantity,catalog_id,description,image_url,name,price,quantity,store_name,product_id) values (?,?,?,?,?,?,?,?,?,?)
2025-06-29T13:51:53.012+03:00 DEBUG 15320 --- [marketplace] [main] org.hibernate.SQL                        : update stores set balance=?,description=?,email=?,in_store_product_id=?,is_active=?,discount_percentage=?,duration_in_days=? where name=?
2025-06-29T13:51:53.015+03:00 DEBUG 15320 --- [marketplace] [main] org.hibernate.SQL                        : update shopping_product set store_name=?,product_key=? where product_id=?
2025-06-29T13:51:53.016+03:00 DEBUG 15320 --- [marketplace] [main] org.hibernate.SQL                        : insert into product_categories (product_id,category) values (?,?)
2025-06-29T13:51:53.017+03:00 DEBUG 15320 --- [marketplace] [main] org.hibernate.SQL                        : insert into product_categories (product_id,category) values (?,?)
2025-06-29T13:51:53.025+03:00 DEBUG 15320 --- [marketplace] [main] org.hibernate.SQL                        : select s1_0.name,s1_0.balance,s1_0.description,s1_0.email,s1_0.in_store_product_id,s1_0.is_active,s1_0.discount_percentage,s1_0.duration_in_days from stores s1_0 where s1_0.name=?
2025-06-29T13:51:53.030+03:00 DEBUG 15320 --- [marketplace] [main] org.hibernate.SQL                        : select ritr1_0.store_name,ritr1_0.review_id,ritr1_0.id,ritr1_0.rating,ritr1_0.review_text,ritr1_0.reviewer_id,ritr1_0.reviewer_name,ritr1_0.store_comment from review ritr1_0 where ritr1_0.store_name=?
2025-06-29T13:51:53.031+03:00 DEBUG 15320 --- [marketplace] [main] org.hibernate.SQL                        : select r1_0.store_name,r1_0.user_id,r1_0.review,r1_0.score from store_ratings r1_0 where r1_0.store_name=?
2025-06-29T13:51:53.033+03:00 DEBUG 15320 --- [marketplace] [main] org.hibernate.SQL                        : select p1_0.store_name,p1_0.product_key,p1_0.product_id,a1_0.id,a1_0.end_time,a1_0.ended,hb1_0.id,hb1_0.amount,hb1_0.bidder_email,hb1_0.state,a1_0.starting_price,p1_0.minimum_quantity,p1_0.catalog_id,p1_0.description,p1_0.image_url,p1_0.name,p1_0.price,p1_0.quantity,r1_0.product_id,r1_0.user_id,r1_0.review,r1_0.score from shopping_product p1_0 left join auctions a1_0 on a1_0.id=p1_0.auction_id left join bids hb1_0 on hb1_0.id=a1_0.highest_bid_id left join product_ratings r1_0 on p1_0.product_id=r1_0.product_id where p1_0.store_name=?
2025-06-29T13:51:53.035+03:00 DEBUG 15320 --- [marketplace] [main] org.hibernate.SQL                        : select oa1_0.store_name,oa1_0.email,oa1_0.appointed_by from store_owners oa1_0 where oa1_0.store_name=?
2025-06-29T13:51:53.037+03:00 DEBUG 15320 --- [marketplace] [main] org.hibernate.SQL                        : select m1_0.store_name,m1_0.manager_email,m1_0.appointed_by,p1_0.manager_email,p1_0.permission from store_managers m1_0 left join manager_permissions p1_0 on m1_0.manager_email=p1_0.manager_email where m1_0.store_name=?
2025-06-29T13:51:53.041+03:00 DEBUG 15320 --- [marketplace] [main] org.hibernate.SQL                        : select s1_0.name,s1_0.balance,s1_0.description,s1_0.email,s1_0.in_store_product_id,s1_0.is_active,m1_0.store_name,m1_0.manager_email,m1_0.appointed_by,p1_0.manager_email,p1_0.permission,oa1_0.store_name,oa1_0.email,oa1_0.appointed_by,s1_0.discount_percentage,s1_0.duration_in_days,r1_0.store_name,r1_0.user_id,r1_0.review,r1_0.score from stores s1_0 left join store_managers m1_0 on s1_0.name=m1_0.store_name left join manager_permissions p1_0 on m1_0.manager_email=p1_0.manager_email left join store_owners oa1_0 on s1_0.name=oa1_0.store_name left join store_ratings r1_0 on s1_0.name=r1_0.store_name where s1_0.name=?
2025-06-29T13:51:53.046+03:00 DEBUG 15320 --- [marketplace] [main] org.hibernate.SQL                        : select ritr1_0.store_name,ritr1_0.review_id,ritr1_0.id,ritr1_0.rating,ritr1_0.review_text,ritr1_0.reviewer_id,ritr1_0.reviewer_name,ritr1_0.store_comment from review ritr1_0 where ritr1_0.store_name=?
2025-06-29T13:51:53.048+03:00 DEBUG 15320 --- [marketplace] [main] org.hibernate.SQL                        : select p1_0.store_name,p1_0.product_key,p1_0.product_id,a1_0.id,a1_0.end_time,a1_0.ended,hb1_0.id,hb1_0.amount,hb1_0.bidder_email,hb1_0.state,a1_0.starting_price,p1_0.minimum_quantity,p1_0.catalog_id,p1_0.description,p1_0.image_url,p1_0.name,p1_0.price,p1_0.quantity,r1_0.product_id,r1_0.user_id,r1_0.review,r1_0.score from shopping_product p1_0 left join auctions a1_0 on a1_0.id=p1_0.auction_id left join bids hb1_0 on hb1_0.id=a1_0.highest_bid_id left join product_ratings r1_0 on p1_0.product_id=r1_0.product_id where p1_0.store_name=?
2025-06-29T13:51:53.051+03:00 DEBUG 15320 --- [marketplace] [main] org.hibernate.SQL                        : select sp1_0.product_id,a1_0.id,a1_0.end_time,a1_0.ended,hb1_0.id,hb1_0.amount,hb1_0.bidder_email,hb1_0.state,a1_0.starting_price,sp1_0.minimum_quantity,sp1_0.catalog_id,sp1_0.description,sp1_0.image_url,sp1_0.name,sp1_0.price,sp1_0.quantity,r1_0.product_id,r1_0.user_id,r1_0.review,r1_0.score,sp1_0.store_name from shopping_product sp1_0 left join auctions a1_0 on a1_0.id=sp1_0.auction_id left join bids hb1_0 on hb1_0.id=a1_0.highest_bid_id left join product_ratings r1_0 on sp1_0.product_id=r1_0.product_id where sp1_0.product_id=?
2025-06-29T13:51:53.057+03:00 DEBUG 15320 --- [marketplace] [main] org.hibernate.SQL                        : insert into shopping_product (auction_id,minimum_quantity,catalog_id,description,image_url,name,price,quantity,store_name,product_id) values (?,?,?,?,?,?,?,?,?,?)
2025-06-29T13:51:53.059+03:00 DEBUG 15320 --- [marketplace] [main] org.hibernate.SQL                        : update stores set balance=?,description=?,email=?,in_store_product_id=?,is_active=?,discount_percentage=?,duration_in_days=? where name=?
2025-06-29T13:51:53.062+03:00 DEBUG 15320 --- [marketplace] [main] org.hibernate.SQL                        : update shopping_product set store_name=?,product_key=? where product_id=?
2025-06-29T13:51:53.064+03:00 DEBUG 15320 --- [marketplace] [main] org.hibernate.SQL                        : insert into product_categories (product_id,category) values (?,?)
2025-06-29T13:51:53.065+03:00 DEBUG 15320 --- [marketplace] [main] org.hibernate.SQL                        : insert into product_categories (product_id,category) values (?,?)
2025-06-29T13:51:53.068+03:00 DEBUG 15320 --- [marketplace] [main] org.hibernate.SQL                        : select s1_0.name,s1_0.balance,s1_0.description,s1_0.email,s1_0.in_store_product_id,s1_0.is_active,s1_0.discount_percentage,s1_0.duration_in_days from stores s1_0 where s1_0.name=?
2025-06-29T13:51:53.070+03:00 DEBUG 15320 --- [marketplace] [main] org.hibernate.SQL                        : select ritr1_0.store_name,ritr1_0.review_id,ritr1_0.id,ritr1_0.rating,ritr1_0.review_text,ritr1_0.reviewer_id,ritr1_0.reviewer_name,ritr1_0.store_comment from review ritr1_0 where ritr1_0.store_name=?
2025-06-29T13:51:53.071+03:00 DEBUG 15320 --- [marketplace] [main] org.hibernate.SQL                        : select r1_0.store_name,r1_0.user_id,r1_0.review,r1_0.score from store_ratings r1_0 where r1_0.store_name=?
2025-06-29T13:51:53.071+03:00 DEBUG 15320 --- [marketplace] [main] org.hibernate.SQL                        : select p1_0.store_name,p1_0.product_key,p1_0.product_id,a1_0.id,a1_0.end_time,a1_0.ended,hb1_0.id,hb1_0.amount,hb1_0.bidder_email,hb1_0.state,a1_0.starting_price,p1_0.minimum_quantity,p1_0.catalog_id,p1_0.description,p1_0.image_url,p1_0.name,p1_0.price,p1_0.quantity,r1_0.product_id,r1_0.user_id,r1_0.review,r1_0.score from shopping_product p1_0 left join auctions a1_0 on a1_0.id=p1_0.auction_id left join bids hb1_0 on hb1_0.id=a1_0.highest_bid_id left join product_ratings r1_0 on p1_0.product_id=r1_0.product_id where p1_0.store_name=?
2025-06-29T13:51:53.074+03:00 DEBUG 15320 --- [marketplace] [main] org.hibernate.SQL                        : select c1_0.product_id,c1_0.category from product_categories c1_0 where c1_0.product_id=?
2025-06-29T13:51:53.076+03:00 DEBUG 15320 --- [marketplace] [main] org.hibernate.SQL                        : select b1_0.product_id,b1_0.id,b1_0.amount,b1_0.bidder_email,b1_0.state from bids b1_0 where b1_0.product_id=?
2025-06-29T13:51:53.078+03:00 DEBUG 15320 --- [marketplace] [main] org.hibernate.SQL                        : select oa1_0.store_name,oa1_0.email,oa1_0.appointed_by from store_owners oa1_0 where oa1_0.store_name=?
2025-06-29T13:51:53.079+03:00 DEBUG 15320 --- [marketplace] [main] org.hibernate.SQL                        : select m1_0.store_name,m1_0.manager_email,m1_0.appointed_by,p1_0.manager_email,p1_0.permission from store_managers m1_0 left join manager_permissions p1_0 on m1_0.manager_email=p1_0.manager_email where m1_0.store_name=?
2025-06-29T13:51:53.082+03:00 DEBUG 15320 --- [marketplace] [main] org.hibernate.SQL                        : select s1_0.name,s1_0.balance,s1_0.description,s1_0.email,s1_0.in_store_product_id,s1_0.is_active,m1_0.store_name,m1_0.manager_email,m1_0.appointed_by,p1_0.manager_email,p1_0.permission,oa1_0.store_name,oa1_0.email,oa1_0.appointed_by,s1_0.discount_percentage,s1_0.duration_in_days,r1_0.store_name,r1_0.user_id,r1_0.review,r1_0.score from stores s1_0 left join store_managers m1_0 on s1_0.name=m1_0.store_name left join manager_permissions p1_0 on m1_0.manager_email=p1_0.manager_email left join store_owners oa1_0 on s1_0.name=oa1_0.store_name left join store_ratings r1_0 on s1_0.name=r1_0.store_name where s1_0.name=?
2025-06-29T13:51:53.084+03:00 DEBUG 15320 --- [marketplace] [main] org.hibernate.SQL                        : select ritr1_0.store_name,ritr1_0.review_id,ritr1_0.id,ritr1_0.rating,ritr1_0.review_text,ritr1_0.reviewer_id,ritr1_0.reviewer_name,ritr1_0.store_comment from review ritr1_0 where ritr1_0.store_name=?
2025-06-29T13:51:53.085+03:00 DEBUG 15320 --- [marketplace] [main] org.hibernate.SQL                        : select p1_0.store_name,p1_0.product_key,p1_0.product_id,a1_0.id,a1_0.end_time,a1_0.ended,hb1_0.id,hb1_0.amount,hb1_0.bidder_email,hb1_0.state,a1_0.starting_price,p1_0.minimum_quantity,p1_0.catalog_id,p1_0.description,p1_0.image_url,p1_0.name,p1_0.price,p1_0.quantity,r1_0.product_id,r1_0.user_id,r1_0.review,r1_0.score from shopping_product p1_0 left join auctions a1_0 on a1_0.id=p1_0.auction_id left join bids hb1_0 on hb1_0.id=a1_0.highest_bid_id left join product_ratings r1_0 on p1_0.product_id=r1_0.product_id where p1_0.store_name=?
2025-06-29T13:51:53.086+03:00 DEBUG 15320 --- [marketplace] [main] org.hibernate.SQL                        : select c1_0.product_id,c1_0.category from product_categories c1_0 where c1_0.product_id=?
2025-06-29T13:51:53.087+03:00 DEBUG 15320 --- [marketplace] [main] org.hibernate.SQL                        : select b1_0.product_id,b1_0.id,b1_0.amount,b1_0.bidder_email,b1_0.state from bids b1_0 where b1_0.product_id=?
2025-06-29T13:51:53.089+03:00 DEBUG 15320 --- [marketplace] [main] org.hibernate.SQL                        : select sp1_0.product_id,a1_0.id,a1_0.end_time,a1_0.ended,hb1_0.id,hb1_0.amount,hb1_0.bidder_email,hb1_0.state,a1_0.starting_price,sp1_0.minimum_quantity,sp1_0.catalog_id,sp1_0.description,sp1_0.image_url,sp1_0.name,sp1_0.price,sp1_0.quantity,r1_0.product_id,r1_0.user_id,r1_0.review,r1_0.score,sp1_0.store_name from shopping_product sp1_0 left join auctions a1_0 on a1_0.id=sp1_0.auction_id left join bids hb1_0 on hb1_0.id=a1_0.highest_bid_id left join product_ratings r1_0 on sp1_0.product_id=r1_0.product_id where sp1_0.product_id=?
2025-06-29T13:51:53.093+03:00 DEBUG 15320 --- [marketplace] [main] org.hibernate.SQL                        : insert into shopping_product (auction_id,minimum_quantity,catalog_id,description,image_url,name,price,quantity,store_name,product_id) values (?,?,?,?,?,?,?,?,?,?)
2025-06-29T13:51:53.095+03:00 DEBUG 15320 --- [marketplace] [main] org.hibernate.SQL                        : update stores set balance=?,description=?,email=?,in_store_product_id=?,is_active=?,discount_percentage=?,duration_in_days=? where name=?
2025-06-29T13:51:53.096+03:00 DEBUG 15320 --- [marketplace] [main] org.hibernate.SQL                        : update shopping_product set store_name=?,product_key=? where product_id=?
2025-06-29T13:51:53.097+03:00 DEBUG 15320 --- [marketplace] [main] org.hibernate.SQL                        : insert into product_categories (product_id,category) values (?,?)
2025-06-29T13:51:53.098+03:00 DEBUG 15320 --- [marketplace] [main] org.hibernate.SQL                        : insert into product_categories (product_id,category) values (?,?)
2025-06-29T13:51:53.100+03:00 DEBUG 15320 --- [marketplace] [main] org.hibernate.SQL                        : select s1_0.name,s1_0.balance,s1_0.description,s1_0.email,s1_0.in_store_product_id,s1_0.is_active,s1_0.discount_percentage,s1_0.duration_in_days from stores s1_0 where s1_0.name=?
2025-06-29T13:51:53.101+03:00 DEBUG 15320 --- [marketplace] [main] org.hibernate.SQL                        : select ritr1_0.store_name,ritr1_0.review_id,ritr1_0.id,ritr1_0.rating,ritr1_0.review_text,ritr1_0.reviewer_id,ritr1_0.reviewer_name,ritr1_0.store_comment from review ritr1_0 where ritr1_0.store_name=?
2025-06-29T13:51:53.102+03:00 DEBUG 15320 --- [marketplace] [main] org.hibernate.SQL                        : select r1_0.store_name,r1_0.user_id,r1_0.review,r1_0.score from store_ratings r1_0 where r1_0.store_name=?
2025-06-29T13:51:53.103+03:00 DEBUG 15320 --- [marketplace] [main] org.hibernate.SQL                        : select p1_0.store_name,p1_0.product_key,p1_0.product_id,a1_0.id,a1_0.end_time,a1_0.ended,hb1_0.id,hb1_0.amount,hb1_0.bidder_email,hb1_0.state,a1_0.starting_price,p1_0.minimum_quantity,p1_0.catalog_id,p1_0.description,p1_0.image_url,p1_0.name,p1_0.price,p1_0.quantity,r1_0.product_id,r1_0.user_id,r1_0.review,r1_0.score from shopping_product p1_0 left join auctions a1_0 on a1_0.id=p1_0.auction_id left join bids hb1_0 on hb1_0.id=a1_0.highest_bid_id left join product_ratings r1_0 on p1_0.product_id=r1_0.product_id where p1_0.store_name=?
2025-06-29T13:51:53.105+03:00 DEBUG 15320 --- [marketplace] [main] org.hibernate.SQL                        : select c1_0.product_id,c1_0.category from product_categories c1_0 where c1_0.product_id=?
2025-06-29T13:51:53.107+03:00 DEBUG 15320 --- [marketplace] [main] org.hibernate.SQL                        : select b1_0.product_id,b1_0.id,b1_0.amount,b1_0.bidder_email,b1_0.state from bids b1_0 where b1_0.product_id=?
2025-06-29T13:51:53.109+03:00 DEBUG 15320 --- [marketplace] [main] org.hibernate.SQL                        : select c1_0.product_id,c1_0.category from product_categories c1_0 where c1_0.product_id=?
2025-06-29T13:51:53.111+03:00 DEBUG 15320 --- [marketplace] [main] org.hibernate.SQL                        : select b1_0.product_id,b1_0.id,b1_0.amount,b1_0.bidder_email,b1_0.state from bids b1_0 where b1_0.product_id=?
2025-06-29T13:51:53.113+03:00 DEBUG 15320 --- [marketplace] [main] org.hibernate.SQL                        : select oa1_0.store_name,oa1_0.email,oa1_0.appointed_by from store_owners oa1_0 where oa1_0.store_name=?
2025-06-29T13:51:53.114+03:00 DEBUG 15320 --- [marketplace] [main] org.hibernate.SQL                        : select m1_0.store_name,m1_0.manager_email,m1_0.appointed_by,p1_0.manager_email,p1_0.permission from store_managers m1_0 left join manager_permissions p1_0 on m1_0.manager_email=p1_0.manager_email where m1_0.store_name=?
2025-06-29T13:51:53.116+03:00 DEBUG 15320 --- [marketplace] [main] org.hibernate.SQL                        : select s1_0.name,s1_0.balance,s1_0.description,s1_0.email,s1_0.in_store_product_id,s1_0.is_active,m1_0.store_name,m1_0.manager_email,m1_0.appointed_by,p1_0.manager_email,p1_0.permission,oa1_0.store_name,oa1_0.email,oa1_0.appointed_by,s1_0.discount_percentage,s1_0.duration_in_days,r1_0.store_name,r1_0.user_id,r1_0.review,r1_0.score from stores s1_0 left join store_managers m1_0 on s1_0.name=m1_0.store_name left join manager_permissions p1_0 on m1_0.manager_email=p1_0.manager_email left join store_owners oa1_0 on s1_0.name=oa1_0.store_name left join store_ratings r1_0 on s1_0.name=r1_0.store_name where s1_0.name=?
2025-06-29T13:51:53.118+03:00 DEBUG 15320 --- [marketplace] [main] org.hibernate.SQL                        : select ritr1_0.store_name,ritr1_0.review_id,ritr1_0.id,ritr1_0.rating,ritr1_0.review_text,ritr1_0.reviewer_id,ritr1_0.reviewer_name,ritr1_0.store_comment from review ritr1_0 where ritr1_0.store_name=?
2025-06-29T13:51:53.120+03:00 DEBUG 15320 --- [marketplace] [main] org.hibernate.SQL                        : select p1_0.store_name,p1_0.product_key,p1_0.product_id,a1_0.id,a1_0.end_time,a1_0.ended,hb1_0.id,hb1_0.amount,hb1_0.bidder_email,hb1_0.state,a1_0.starting_price,p1_0.minimum_quantity,p1_0.catalog_id,p1_0.description,p1_0.image_url,p1_0.name,p1_0.price,p1_0.quantity,r1_0.product_id,r1_0.user_id,r1_0.review,r1_0.score from shopping_product p1_0 left join auctions a1_0 on a1_0.id=p1_0.auction_id left join bids hb1_0 on hb1_0.id=a1_0.highest_bid_id left join product_ratings r1_0 on p1_0.product_id=r1_0.product_id where p1_0.store_name=?
2025-06-29T13:51:53.121+03:00 DEBUG 15320 --- [marketplace] [main] org.hibernate.SQL                        : select c1_0.product_id,c1_0.category from product_categories c1_0 where c1_0.product_id=?
2025-06-29T13:51:53.122+03:00 DEBUG 15320 --- [marketplace] [main] org.hibernate.SQL                        : select b1_0.product_id,b1_0.id,b1_0.amount,b1_0.bidder_email,b1_0.state from bids b1_0 where b1_0.product_id=?
2025-06-29T13:51:53.122+03:00 DEBUG 15320 --- [marketplace] [main] org.hibernate.SQL                        : select c1_0.product_id,c1_0.category from product_categories c1_0 where c1_0.product_id=?
2025-06-29T13:51:53.123+03:00 DEBUG 15320 --- [marketplace] [main] org.hibernate.SQL                        : select b1_0.product_id,b1_0.id,b1_0.amount,b1_0.bidder_email,b1_0.state from bids b1_0 where b1_0.product_id=?
2025-06-29T13:51:53.124+03:00 DEBUG 15320 --- [marketplace] [main] org.hibernate.SQL                        : select sp1_0.product_id,a1_0.id,a1_0.end_time,a1_0.ended,hb1_0.id,hb1_0.amount,hb1_0.bidder_email,hb1_0.state,a1_0.starting_price,sp1_0.minimum_quantity,sp1_0.catalog_id,sp1_0.description,sp1_0.image_url,sp1_0.name,sp1_0.price,sp1_0.quantity,r1_0.product_id,r1_0.user_id,r1_0.review,r1_0.score,sp1_0.store_name from shopping_product sp1_0 left join auctions a1_0 on a1_0.id=sp1_0.auction_id left join bids hb1_0 on hb1_0.id=a1_0.highest_bid_id left join product_ratings r1_0 on sp1_0.product_id=r1_0.product_id where sp1_0.product_id=?
2025-06-29T13:51:53.127+03:00 DEBUG 15320 --- [marketplace] [main] org.hibernate.SQL                        : insert into shopping_product (auction_id,minimum_quantity,catalog_id,description,image_url,name,price,quantity,store_name,product_id) values (?,?,?,?,?,?,?,?,?,?)
2025-06-29T13:51:53.128+03:00 DEBUG 15320 --- [marketplace] [main] org.hibernate.SQL                        : update stores set balance=?,description=?,email=?,in_store_product_id=?,is_active=?,discount_percentage=?,duration_in_days=? where name=?
2025-06-29T13:51:53.130+03:00 DEBUG 15320 --- [marketplace] [main] org.hibernate.SQL                        : update shopping_product set store_name=?,product_key=? where product_id=?
2025-06-29T13:51:53.131+03:00 DEBUG 15320 --- [marketplace] [main] org.hibernate.SQL                        : insert into product_categories (product_id,category) values (?,?)
2025-06-29T13:51:53.131+03:00 DEBUG 15320 --- [marketplace] [main] org.hibernate.SQL                        : insert into product_categories (product_id,category) values (?,?)
2025-06-29T13:51:53.133+03:00 DEBUG 15320 --- [marketplace] [main] org.hibernate.SQL                        : select s1_0.name,s1_0.balance,s1_0.description,s1_0.email,s1_0.in_store_product_id,s1_0.is_active,s1_0.discount_percentage,s1_0.duration_in_days from stores s1_0 where s1_0.name=?
2025-06-29T13:51:53.135+03:00 DEBUG 15320 --- [marketplace] [main] org.hibernate.SQL                        : select ritr1_0.store_name,ritr1_0.review_id,ritr1_0.id,ritr1_0.rating,ritr1_0.review_text,ritr1_0.reviewer_id,ritr1_0.reviewer_name,ritr1_0.store_comment from review ritr1_0 where ritr1_0.store_name=?
2025-06-29T13:51:53.136+03:00 DEBUG 15320 --- [marketplace] [main] org.hibernate.SQL                        : select r1_0.store_name,r1_0.user_id,r1_0.review,r1_0.score from store_ratings r1_0 where r1_0.store_name=?
2025-06-29T13:51:53.137+03:00 DEBUG 15320 --- [marketplace] [main] org.hibernate.SQL                        : select p1_0.store_name,p1_0.product_key,p1_0.product_id,a1_0.id,a1_0.end_time,a1_0.ended,hb1_0.id,hb1_0.amount,hb1_0.bidder_email,hb1_0.state,a1_0.starting_price,p1_0.minimum_quantity,p1_0.catalog_id,p1_0.description,p1_0.image_url,p1_0.name,p1_0.price,p1_0.quantity,r1_0.product_id,r1_0.user_id,r1_0.review,r1_0.score from shopping_product p1_0 left join auctions a1_0 on a1_0.id=p1_0.auction_id left join bids hb1_0 on hb1_0.id=a1_0.highest_bid_id left join product_ratings r1_0 on p1_0.product_id=r1_0.product_id where p1_0.store_name=?
2025-06-29T13:51:53.140+03:00 DEBUG 15320 --- [marketplace] [main] org.hibernate.SQL                        : select c1_0.product_id,c1_0.category from product_categories c1_0 where c1_0.product_id=?
2025-06-29T13:51:53.143+03:00 DEBUG 15320 --- [marketplace] [main] org.hibernate.SQL                        : select b1_0.product_id,b1_0.id,b1_0.amount,b1_0.bidder_email,b1_0.state from bids b1_0 where b1_0.product_id=?
2025-06-29T13:51:53.149+03:00 DEBUG 15320 --- [marketplace] [main] org.hibernate.SQL                        : select c1_0.product_id,c1_0.category from product_categories c1_0 where c1_0.product_id=?
2025-06-29T13:51:53.150+03:00 DEBUG 15320 --- [marketplace] [main] org.hibernate.SQL                        : select b1_0.product_id,b1_0.id,b1_0.amount,b1_0.bidder_email,b1_0.state from bids b1_0 where b1_0.product_id=?
2025-06-29T13:51:53.150+03:00 DEBUG 15320 --- [marketplace] [main] org.hibernate.SQL                        : select c1_0.product_id,c1_0.category from product_categories c1_0 where c1_0.product_id=?
2025-06-29T13:51:53.151+03:00 DEBUG 15320 --- [marketplace] [main] org.hibernate.SQL                        : select b1_0.product_id,b1_0.id,b1_0.amount,b1_0.bidder_email,b1_0.state from bids b1_0 where b1_0.product_id=?
2025-06-29T13:51:53.152+03:00 DEBUG 15320 --- [marketplace] [main] org.hibernate.SQL                        : select oa1_0.store_name,oa1_0.email,oa1_0.appointed_by from store_owners oa1_0 where oa1_0.store_name=?
2025-06-29T13:51:53.153+03:00 DEBUG 15320 --- [marketplace] [main] org.hibernate.SQL                        : select m1_0.store_name,m1_0.manager_email,m1_0.appointed_by,p1_0.manager_email,p1_0.permission from store_managers m1_0 left join manager_permissions p1_0 on m1_0.manager_email=p1_0.manager_email where m1_0.store_name=?
2025-06-29T13:51:53.154+03:00 DEBUG 15320 --- [marketplace] [main] org.hibernate.SQL                        : select s1_0.name,s1_0.balance,s1_0.description,s1_0.email,s1_0.in_store_product_id,s1_0.is_active,m1_0.store_name,m1_0.manager_email,m1_0.appointed_by,p1_0.manager_email,p1_0.permission,oa1_0.store_name,oa1_0.email,oa1_0.appointed_by,s1_0.discount_percentage,s1_0.duration_in_days,r1_0.store_name,r1_0.user_id,r1_0.review,r1_0.score from stores s1_0 left join store_managers m1_0 on s1_0.name=m1_0.store_name left join manager_permissions p1_0 on m1_0.manager_email=p1_0.manager_email left join store_owners oa1_0 on s1_0.name=oa1_0.store_name left join store_ratings r1_0 on s1_0.name=r1_0.store_name where s1_0.name=?
2025-06-29T13:51:53.156+03:00 DEBUG 15320 --- [marketplace] [main] org.hibernate.SQL                        : select ritr1_0.store_name,ritr1_0.review_id,ritr1_0.id,ritr1_0.rating,ritr1_0.review_text,ritr1_0.reviewer_id,ritr1_0.reviewer_name,ritr1_0.store_comment from review ritr1_0 where ritr1_0.store_name=?
2025-06-29T13:51:53.157+03:00 DEBUG 15320 --- [marketplace] [main] org.hibernate.SQL                        : select p1_0.store_name,p1_0.product_key,p1_0.product_id,a1_0.id,a1_0.end_time,a1_0.ended,hb1_0.id,hb1_0.amount,hb1_0.bidder_email,hb1_0.state,a1_0.starting_price,p1_0.minimum_quantity,p1_0.catalog_id,p1_0.description,p1_0.image_url,p1_0.name,p1_0.price,p1_0.quantity,r1_0.product_id,r1_0.user_id,r1_0.review,r1_0.score from shopping_product p1_0 left join auctions a1_0 on a1_0.id=p1_0.auction_id left join bids hb1_0 on hb1_0.id=a1_0.highest_bid_id left join product_ratings r1_0 on p1_0.product_id=r1_0.product_id where p1_0.store_name=?
2025-06-29T13:51:53.158+03:00 DEBUG 15320 --- [marketplace] [main] org.hibernate.SQL                        : select c1_0.product_id,c1_0.category from product_categories c1_0 where c1_0.product_id=?
2025-06-29T13:51:53.159+03:00 DEBUG 15320 --- [marketplace] [main] org.hibernate.SQL                        : select b1_0.product_id,b1_0.id,b1_0.amount,b1_0.bidder_email,b1_0.state from bids b1_0 where b1_0.product_id=?
2025-06-29T13:51:53.161+03:00 DEBUG 15320 --- [marketplace] [main] org.hibernate.SQL                        : select c1_0.product_id,c1_0.category from product_categories c1_0 where c1_0.product_id=?
2025-06-29T13:51:53.162+03:00 DEBUG 15320 --- [marketplace] [main] org.hibernate.SQL                        : select b1_0.product_id,b1_0.id,b1_0.amount,b1_0.bidder_email,b1_0.state from bids b1_0 where b1_0.product_id=?
2025-06-29T13:51:53.162+03:00 DEBUG 15320 --- [marketplace] [main] org.hibernate.SQL                        : select c1_0.product_id,c1_0.category from product_categories c1_0 where c1_0.product_id=?
2025-06-29T13:51:53.163+03:00 DEBUG 15320 --- [marketplace] [main] org.hibernate.SQL                        : select b1_0.product_id,b1_0.id,b1_0.amount,b1_0.bidder_email,b1_0.state from bids b1_0 where b1_0.product_id=?
2025-06-29T13:51:53.164+03:00 DEBUG 15320 --- [marketplace] [main] org.hibernate.SQL                        : select sp1_0.product_id,a1_0.id,a1_0.end_time,a1_0.ended,hb1_0.id,hb1_0.amount,hb1_0.bidder_email,hb1_0.state,a1_0.starting_price,sp1_0.minimum_quantity,sp1_0.catalog_id,sp1_0.description,sp1_0.image_url,sp1_0.name,sp1_0.price,sp1_0.quantity,r1_0.product_id,r1_0.user_id,r1_0.review,r1_0.score,sp1_0.store_name from shopping_product sp1_0 left join auctions a1_0 on a1_0.id=sp1_0.auction_id left join bids hb1_0 on hb1_0.id=a1_0.highest_bid_id left join product_ratings r1_0 on sp1_0.product_id=r1_0.product_id where sp1_0.product_id=?
2025-06-29T13:51:53.169+03:00 DEBUG 15320 --- [marketplace] [main] org.hibernate.SQL                        : insert into shopping_product (auction_id,minimum_quantity,catalog_id,description,image_url,name,price,quantity,store_name,product_id) values (?,?,?,?,?,?,?,?,?,?)
2025-06-29T13:51:53.171+03:00 DEBUG 15320 --- [marketplace] [main] org.hibernate.SQL                        : update stores set balance=?,description=?,email=?,in_store_product_id=?,is_active=?,discount_percentage=?,duration_in_days=? where name=?
2025-06-29T13:51:53.174+03:00 DEBUG 15320 --- [marketplace] [main] org.hibernate.SQL                        : update shopping_product set store_name=?,product_key=? where product_id=?
2025-06-29T13:51:53.176+03:00 DEBUG 15320 --- [marketplace] [main] org.hibernate.SQL                        : insert into product_categories (product_id,category) values (?,?)
2025-06-29T13:51:53.177+03:00 DEBUG 15320 --- [marketplace] [main] org.hibernate.SQL                        : insert into product_categories (product_id,category) values (?,?)
2025-06-29T13:51:53.186+03:00 DEBUG 15320 --- [marketplace] [main] org.hibernate.SQL                        : select s1_0.name,s1_0.balance,s1_0.description,s1_0.email,s1_0.in_store_product_id,s1_0.is_active,s1_0.discount_percentage,s1_0.duration_in_days from stores s1_0 where s1_0.name=?
2025-06-29T13:51:53.189+03:00 DEBUG 15320 --- [marketplace] [main] org.hibernate.SQL                        : select ritr1_0.store_name,ritr1_0.review_id,ritr1_0.id,ritr1_0.rating,ritr1_0.review_text,ritr1_0.reviewer_id,ritr1_0.reviewer_name,ritr1_0.store_comment from review ritr1_0 where ritr1_0.store_name=?
2025-06-29T13:51:53.191+03:00 DEBUG 15320 --- [marketplace] [main] org.hibernate.SQL                        : select r1_0.store_name,r1_0.user_id,r1_0.review,r1_0.score from store_ratings r1_0 where r1_0.store_name=?
2025-06-29T13:51:53.194+03:00 DEBUG 15320 --- [marketplace] [main] org.hibernate.SQL                        : select p1_0.store_name,p1_0.product_key,p1_0.product_id,a1_0.id,a1_0.end_time,a1_0.ended,hb1_0.id,hb1_0.amount,hb1_0.bidder_email,hb1_0.state,a1_0.starting_price,p1_0.minimum_quantity,p1_0.catalog_id,p1_0.description,p1_0.image_url,p1_0.name,p1_0.price,p1_0.quantity,r1_0.product_id,r1_0.user_id,r1_0.review,r1_0.score from shopping_product p1_0 left join auctions a1_0 on a1_0.id=p1_0.auction_id left join bids hb1_0 on hb1_0.id=a1_0.highest_bid_id left join product_ratings r1_0 on p1_0.product_id=r1_0.product_id where p1_0.store_name=?
2025-06-29T13:51:53.197+03:00 DEBUG 15320 --- [marketplace] [main] org.hibernate.SQL                        : select c1_0.product_id,c1_0.category from product_categories c1_0 where c1_0.product_id=?
2025-06-29T13:51:53.200+03:00 DEBUG 15320 --- [marketplace] [main] org.hibernate.SQL                        : select b1_0.product_id,b1_0.id,b1_0.amount,b1_0.bidder_email,b1_0.state from bids b1_0 where b1_0.product_id=?
2025-06-29T13:51:53.202+03:00 DEBUG 15320 --- [marketplace] [main] org.hibernate.SQL                        : select c1_0.product_id,c1_0.category from product_categories c1_0 where c1_0.product_id=?
2025-06-29T13:51:53.203+03:00 DEBUG 15320 --- [marketplace] [main] org.hibernate.SQL                        : select b1_0.product_id,b1_0.id,b1_0.amount,b1_0.bidder_email,b1_0.state from bids b1_0 where b1_0.product_id=?
2025-06-29T13:51:53.205+03:00 DEBUG 15320 --- [marketplace] [main] org.hibernate.SQL                        : select c1_0.product_id,c1_0.category from product_categories c1_0 where c1_0.product_id=?
2025-06-29T13:51:53.206+03:00 DEBUG 15320 --- [marketplace] [main] org.hibernate.SQL                        : select b1_0.product_id,b1_0.id,b1_0.amount,b1_0.bidder_email,b1_0.state from bids b1_0 where b1_0.product_id=?
2025-06-29T13:51:53.208+03:00 DEBUG 15320 --- [marketplace] [main] org.hibernate.SQL                        : select c1_0.product_id,c1_0.category from product_categories c1_0 where c1_0.product_id=?
2025-06-29T13:51:53.210+03:00 DEBUG 15320 --- [marketplace] [main] org.hibernate.SQL                        : select b1_0.product_id,b1_0.id,b1_0.amount,b1_0.bidder_email,b1_0.state from bids b1_0 where b1_0.product_id=?
2025-06-29T13:51:53.211+03:00 DEBUG 15320 --- [marketplace] [main] org.hibernate.SQL                        : select oa1_0.store_name,oa1_0.email,oa1_0.appointed_by from store_owners oa1_0 where oa1_0.store_name=?
2025-06-29T13:51:53.219+03:00 DEBUG 15320 --- [marketplace] [main] org.hibernate.SQL                        : select m1_0.store_name,m1_0.manager_email,m1_0.appointed_by,p1_0.manager_email,p1_0.permission from store_managers m1_0 left join manager_permissions p1_0 on m1_0.manager_email=p1_0.manager_email where m1_0.store_name=?
2025-06-29T13:51:53.222+03:00 DEBUG 15320 --- [marketplace] [main] org.hibernate.SQL                        : select s1_0.name,s1_0.balance,s1_0.description,s1_0.email,s1_0.in_store_product_id,s1_0.is_active,m1_0.store_name,m1_0.manager_email,m1_0.appointed_by,p1_0.manager_email,p1_0.permission,oa1_0.store_name,oa1_0.email,oa1_0.appointed_by,s1_0.discount_percentage,s1_0.duration_in_days,r1_0.store_name,r1_0.user_id,r1_0.review,r1_0.score from stores s1_0 left join store_managers m1_0 on s1_0.name=m1_0.store_name left join manager_permissions p1_0 on m1_0.manager_email=p1_0.manager_email left join store_owners oa1_0 on s1_0.name=oa1_0.store_name left join store_ratings r1_0 on s1_0.name=r1_0.store_name where s1_0.name=?
2025-06-29T13:51:53.227+03:00 DEBUG 15320 --- [marketplace] [main] org.hibernate.SQL                        : select ritr1_0.store_name,ritr1_0.review_id,ritr1_0.id,ritr1_0.rating,ritr1_0.review_text,ritr1_0.reviewer_id,ritr1_0.reviewer_name,ritr1_0.store_comment from review ritr1_0 where ritr1_0.store_name=?
2025-06-29T13:51:53.235+03:00 DEBUG 15320 --- [marketplace] [main] org.hibernate.SQL                        : select p1_0.store_name,p1_0.product_key,p1_0.product_id,a1_0.id,a1_0.end_time,a1_0.ended,hb1_0.id,hb1_0.amount,hb1_0.bidder_email,hb1_0.state,a1_0.starting_price,p1_0.minimum_quantity,p1_0.catalog_id,p1_0.description,p1_0.image_url,p1_0.name,p1_0.price,p1_0.quantity,r1_0.product_id,r1_0.user_id,r1_0.review,r1_0.score from shopping_product p1_0 left join auctions a1_0 on a1_0.id=p1_0.auction_id left join bids hb1_0 on hb1_0.id=a1_0.highest_bid_id left join product_ratings r1_0 on p1_0.product_id=r1_0.product_id where p1_0.store_name=?
2025-06-29T13:51:53.246+03:00 DEBUG 15320 --- [marketplace] [main] org.hibernate.SQL                        : select c1_0.product_id,c1_0.category from product_categories c1_0 where c1_0.product_id=?
2025-06-29T13:51:53.247+03:00 DEBUG 15320 --- [marketplace] [main] org.hibernate.SQL                        : select b1_0.product_id,b1_0.id,b1_0.amount,b1_0.bidder_email,b1_0.state from bids b1_0 where b1_0.product_id=?
2025-06-29T13:51:53.249+03:00 DEBUG 15320 --- [marketplace] [main] org.hibernate.SQL                        : select c1_0.product_id,c1_0.category from product_categories c1_0 where c1_0.product_id=?
2025-06-29T13:51:53.250+03:00 DEBUG 15320 --- [marketplace] [main] org.hibernate.SQL                        : select b1_0.product_id,b1_0.id,b1_0.amount,b1_0.bidder_email,b1_0.state from bids b1_0 where b1_0.product_id=?
2025-06-29T13:51:53.250+03:00 DEBUG 15320 --- [marketplace] [main] org.hibernate.SQL                        : select c1_0.product_id,c1_0.category from product_categories c1_0 where c1_0.product_id=?
2025-06-29T13:51:53.253+03:00 DEBUG 15320 --- [marketplace] [main] org.hibernate.SQL                        : select b1_0.product_id,b1_0.id,b1_0.amount,b1_0.bidder_email,b1_0.state from bids b1_0 where b1_0.product_id=?
2025-06-29T13:51:53.255+03:00 DEBUG 15320 --- [marketplace] [main] org.hibernate.SQL                        : select c1_0.product_id,c1_0.category from product_categories c1_0 where c1_0.product_id=?
2025-06-29T13:51:53.259+03:00 DEBUG 15320 --- [marketplace] [main] org.hibernate.SQL                        : select b1_0.product_id,b1_0.id,b1_0.amount,b1_0.bidder_email,b1_0.state from bids b1_0 where b1_0.product_id=?
2025-06-29T13:51:53.261+03:00 DEBUG 15320 --- [marketplace] [main] org.hibernate.SQL                        : select sp1_0.product_id,a1_0.id,a1_0.end_time,a1_0.ended,hb1_0.id,hb1_0.amount,hb1_0.bidder_email,hb1_0.state,a1_0.starting_price,sp1_0.minimum_quantity,sp1_0.catalog_id,sp1_0.description,sp1_0.image_url,sp1_0.name,sp1_0.price,sp1_0.quantity,r1_0.product_id,r1_0.user_id,r1_0.review,r1_0.score,sp1_0.store_name from shopping_product sp1_0 left join auctions a1_0 on a1_0.id=sp1_0.auction_id left join bids hb1_0 on hb1_0.id=a1_0.highest_bid_id left join product_ratings r1_0 on sp1_0.product_id=r1_0.product_id where sp1_0.product_id=?
2025-06-29T13:51:53.266+03:00 DEBUG 15320 --- [marketplace] [main] org.hibernate.SQL                        : insert into shopping_product (auction_id,minimum_quantity,catalog_id,description,image_url,name,price,quantity,store_name,product_id) values (?,?,?,?,?,?,?,?,?,?)
2025-06-29T13:51:53.267+03:00 DEBUG 15320 --- [marketplace] [main] org.hibernate.SQL                        : update stores set balance=?,description=?,email=?,in_store_product_id=?,is_active=?,discount_percentage=?,duration_in_days=? where name=?
2025-06-29T13:51:53.273+03:00 DEBUG 15320 --- [marketplace] [main] org.hibernate.SQL                        : update shopping_product set store_name=?,product_key=? where product_id=?
2025-06-29T13:51:53.282+03:00 DEBUG 15320 --- [marketplace] [main] org.hibernate.SQL                        : insert into product_categories (product_id,category) values (?,?)
2025-06-29T13:51:53.284+03:00 DEBUG 15320 --- [marketplace] [main] org.hibernate.SQL                        : insert into product_categories (product_id,category) values (?,?)
2025-06-29T13:51:53.289+03:00 DEBUG 15320 --- [marketplace] [main] org.hibernate.SQL                        : select s1_0.name,s1_0.balance,s1_0.description,s1_0.email,s1_0.in_store_product_id,s1_0.is_active,s1_0.discount_percentage,s1_0.duration_in_days from stores s1_0 where s1_0.name=?
2025-06-29T13:51:53.292+03:00 DEBUG 15320 --- [marketplace] [main] org.hibernate.SQL                        : select ritr1_0.store_name,ritr1_0.review_id,ritr1_0.id,ritr1_0.rating,ritr1_0.review_text,ritr1_0.reviewer_id,ritr1_0.reviewer_name,ritr1_0.store_comment from review ritr1_0 where ritr1_0.store_name=?
2025-06-29T13:51:53.294+03:00 DEBUG 15320 --- [marketplace] [main] org.hibernate.SQL                        : select r1_0.store_name,r1_0.user_id,r1_0.review,r1_0.score from store_ratings r1_0 where r1_0.store_name=?
2025-06-29T13:51:53.296+03:00 DEBUG 15320 --- [marketplace] [main] org.hibernate.SQL                        : select p1_0.store_name,p1_0.product_key,p1_0.product_id,a1_0.id,a1_0.end_time,a1_0.ended,hb1_0.id,hb1_0.amount,hb1_0.bidder_email,hb1_0.state,a1_0.starting_price,p1_0.minimum_quantity,p1_0.catalog_id,p1_0.description,p1_0.image_url,p1_0.name,p1_0.price,p1_0.quantity,r1_0.product_id,r1_0.user_id,r1_0.review,r1_0.score from shopping_product p1_0 left join auctions a1_0 on a1_0.id=p1_0.auction_id left join bids hb1_0 on hb1_0.id=a1_0.highest_bid_id left join product_ratings r1_0 on p1_0.product_id=r1_0.product_id where p1_0.store_name=?
2025-06-29T13:51:53.298+03:00 DEBUG 15320 --- [marketplace] [main] org.hibernate.SQL                        : select oa1_0.store_name,oa1_0.email,oa1_0.appointed_by from store_owners oa1_0 where oa1_0.store_name=?
2025-06-29T13:51:53.300+03:00 DEBUG 15320 --- [marketplace] [main] org.hibernate.SQL                        : select m1_0.store_name,m1_0.manager_email,m1_0.appointed_by,p1_0.manager_email,p1_0.permission from store_managers m1_0 left join manager_permissions p1_0 on m1_0.manager_email=p1_0.manager_email where m1_0.store_name=?
2025-06-29T13:51:53.302+03:00 DEBUG 15320 --- [marketplace] [main] org.hibernate.SQL                        : select s1_0.name,s1_0.balance,s1_0.description,s1_0.email,s1_0.in_store_product_id,s1_0.is_active,m1_0.store_name,m1_0.manager_email,m1_0.appointed_by,p1_0.manager_email,p1_0.permission,oa1_0.store_name,oa1_0.email,oa1_0.appointed_by,s1_0.discount_percentage,s1_0.duration_in_days,r1_0.store_name,r1_0.user_id,r1_0.review,r1_0.score from stores s1_0 left join store_managers m1_0 on s1_0.name=m1_0.store_name left join manager_permissions p1_0 on m1_0.manager_email=p1_0.manager_email left join store_owners oa1_0 on s1_0.name=oa1_0.store_name left join store_ratings r1_0 on s1_0.name=r1_0.store_name where s1_0.name=?
2025-06-29T13:51:53.304+03:00 DEBUG 15320 --- [marketplace] [main] org.hibernate.SQL                        : select ritr1_0.store_name,ritr1_0.review_id,ritr1_0.id,ritr1_0.rating,ritr1_0.review_text,ritr1_0.reviewer_id,ritr1_0.reviewer_name,ritr1_0.store_comment from review ritr1_0 where ritr1_0.store_name=?
2025-06-29T13:51:53.305+03:00 DEBUG 15320 --- [marketplace] [main] org.hibernate.SQL                        : select p1_0.store_name,p1_0.product_key,p1_0.product_id,a1_0.id,a1_0.end_time,a1_0.ended,hb1_0.id,hb1_0.amount,hb1_0.bidder_email,hb1_0.state,a1_0.starting_price,p1_0.minimum_quantity,p1_0.catalog_id,p1_0.description,p1_0.image_url,p1_0.name,p1_0.price,p1_0.quantity,r1_0.product_id,r1_0.user_id,r1_0.review,r1_0.score from shopping_product p1_0 left join auctions a1_0 on a1_0.id=p1_0.auction_id left join bids hb1_0 on hb1_0.id=a1_0.highest_bid_id left join product_ratings r1_0 on p1_0.product_id=r1_0.product_id where p1_0.store_name=?
2025-06-29T13:51:53.306+03:00 DEBUG 15320 --- [marketplace] [main] org.hibernate.SQL                        : select sp1_0.product_id,a1_0.id,a1_0.end_time,a1_0.ended,hb1_0.id,hb1_0.amount,hb1_0.bidder_email,hb1_0.state,a1_0.starting_price,sp1_0.minimum_quantity,sp1_0.catalog_id,sp1_0.description,sp1_0.image_url,sp1_0.name,sp1_0.price,sp1_0.quantity,r1_0.product_id,r1_0.user_id,r1_0.review,r1_0.score,sp1_0.store_name from shopping_product sp1_0 left join auctions a1_0 on a1_0.id=sp1_0.auction_id left join bids hb1_0 on hb1_0.id=a1_0.highest_bid_id left join product_ratings r1_0 on sp1_0.product_id=r1_0.product_id where sp1_0.product_id=?
2025-06-29T13:51:53.319+03:00 DEBUG 15320 --- [marketplace] [main] org.hibernate.SQL                        : insert into shopping_product (auction_id,minimum_quantity,catalog_id,description,image_url,name,price,quantity,store_name,product_id) values (?,?,?,?,?,?,?,?,?,?)
2025-06-29T13:51:53.321+03:00 DEBUG 15320 --- [marketplace] [main] org.hibernate.SQL                        : update stores set balance=?,description=?,email=?,in_store_product_id=?,is_active=?,discount_percentage=?,duration_in_days=? where name=?
2025-06-29T13:51:53.323+03:00 DEBUG 15320 --- [marketplace] [main] org.hibernate.SQL                        : update shopping_product set store_name=?,product_key=? where product_id=?
2025-06-29T13:51:53.325+03:00 DEBUG 15320 --- [marketplace] [main] org.hibernate.SQL                        : insert into product_categories (product_id,category) values (?,?)
2025-06-29T13:51:53.326+03:00 DEBUG 15320 --- [marketplace] [main] org.hibernate.SQL                        : insert into product_categories (product_id,category) values (?,?)
2025-06-29T13:51:53.329+03:00 DEBUG 15320 --- [marketplace] [main] org.hibernate.SQL                        : select s1_0.name,s1_0.balance,s1_0.description,s1_0.email,s1_0.in_store_product_id,s1_0.is_active,s1_0.discount_percentage,s1_0.duration_in_days from stores s1_0 where s1_0.name=?
2025-06-29T13:51:53.332+03:00 DEBUG 15320 --- [marketplace] [main] org.hibernate.SQL                        : select ritr1_0.store_name,ritr1_0.review_id,ritr1_0.id,ritr1_0.rating,ritr1_0.review_text,ritr1_0.reviewer_id,ritr1_0.reviewer_name,ritr1_0.store_comment from review ritr1_0 where ritr1_0.store_name=?
2025-06-29T13:51:53.333+03:00 DEBUG 15320 --- [marketplace] [main] org.hibernate.SQL                        : select r1_0.store_name,r1_0.user_id,r1_0.review,r1_0.score from store_ratings r1_0 where r1_0.store_name=?
2025-06-29T13:51:53.334+03:00 DEBUG 15320 --- [marketplace] [main] org.hibernate.SQL                        : select p1_0.store_name,p1_0.product_key,p1_0.product_id,a1_0.id,a1_0.end_time,a1_0.ended,hb1_0.id,hb1_0.amount,hb1_0.bidder_email,hb1_0.state,a1_0.starting_price,p1_0.minimum_quantity,p1_0.catalog_id,p1_0.description,p1_0.image_url,p1_0.name,p1_0.price,p1_0.quantity,r1_0.product_id,r1_0.user_id,r1_0.review,r1_0.score from shopping_product p1_0 left join auctions a1_0 on a1_0.id=p1_0.auction_id left join bids hb1_0 on hb1_0.id=a1_0.highest_bid_id left join product_ratings r1_0 on p1_0.product_id=r1_0.product_id where p1_0.store_name=?
2025-06-29T13:51:53.336+03:00 DEBUG 15320 --- [marketplace] [main] org.hibernate.SQL                        : select c1_0.product_id,c1_0.category from product_categories c1_0 where c1_0.product_id=?
2025-06-29T13:51:53.337+03:00 DEBUG 15320 --- [marketplace] [main] org.hibernate.SQL                        : select b1_0.product_id,b1_0.id,b1_0.amount,b1_0.bidder_email,b1_0.state from bids b1_0 where b1_0.product_id=?
2025-06-29T13:51:53.338+03:00 DEBUG 15320 --- [marketplace] [main] org.hibernate.SQL                        : select oa1_0.store_name,oa1_0.email,oa1_0.appointed_by from store_owners oa1_0 where oa1_0.store_name=?
2025-06-29T13:51:53.338+03:00 DEBUG 15320 --- [marketplace] [main] org.hibernate.SQL                        : select m1_0.store_name,m1_0.manager_email,m1_0.appointed_by,p1_0.manager_email,p1_0.permission from store_managers m1_0 left join manager_permissions p1_0 on m1_0.manager_email=p1_0.manager_email where m1_0.store_name=?
2025-06-29T13:51:53.340+03:00 DEBUG 15320 --- [marketplace] [main] org.hibernate.SQL                        : select s1_0.name,s1_0.balance,s1_0.description,s1_0.email,s1_0.in_store_product_id,s1_0.is_active,m1_0.store_name,m1_0.manager_email,m1_0.appointed_by,p1_0.manager_email,p1_0.permission,oa1_0.store_name,oa1_0.email,oa1_0.appointed_by,s1_0.discount_percentage,s1_0.duration_in_days,r1_0.store_name,r1_0.user_id,r1_0.review,r1_0.score from stores s1_0 left join store_managers m1_0 on s1_0.name=m1_0.store_name left join manager_permissions p1_0 on m1_0.manager_email=p1_0.manager_email left join store_owners oa1_0 on s1_0.name=oa1_0.store_name left join store_ratings r1_0 on s1_0.name=r1_0.store_name where s1_0.name=?
2025-06-29T13:51:53.344+03:00 DEBUG 15320 --- [marketplace] [main] org.hibernate.SQL                        : select ritr1_0.store_name,ritr1_0.review_id,ritr1_0.id,ritr1_0.rating,ritr1_0.review_text,ritr1_0.reviewer_id,ritr1_0.reviewer_name,ritr1_0.store_comment from review ritr1_0 where ritr1_0.store_name=?
2025-06-29T13:51:53.345+03:00 DEBUG 15320 --- [marketplace] [main] org.hibernate.SQL                        : select p1_0.store_name,p1_0.product_key,p1_0.product_id,a1_0.id,a1_0.end_time,a1_0.ended,hb1_0.id,hb1_0.amount,hb1_0.bidder_email,hb1_0.state,a1_0.starting_price,p1_0.minimum_quantity,p1_0.catalog_id,p1_0.description,p1_0.image_url,p1_0.name,p1_0.price,p1_0.quantity,r1_0.product_id,r1_0.user_id,r1_0.review,r1_0.score from shopping_product p1_0 left join auctions a1_0 on a1_0.id=p1_0.auction_id left join bids hb1_0 on hb1_0.id=a1_0.highest_bid_id left join product_ratings r1_0 on p1_0.product_id=r1_0.product_id where p1_0.store_name=?
2025-06-29T13:51:53.353+03:00 DEBUG 15320 --- [marketplace] [main] org.hibernate.SQL                        : select c1_0.product_id,c1_0.category from product_categories c1_0 where c1_0.product_id=?
2025-06-29T13:51:53.354+03:00 DEBUG 15320 --- [marketplace] [main] org.hibernate.SQL                        : select b1_0.product_id,b1_0.id,b1_0.amount,b1_0.bidder_email,b1_0.state from bids b1_0 where b1_0.product_id=?
2025-06-29T13:51:53.355+03:00 DEBUG 15320 --- [marketplace] [main] org.hibernate.SQL                        : select sp1_0.product_id,a1_0.id,a1_0.end_time,a1_0.ended,hb1_0.id,hb1_0.amount,hb1_0.bidder_email,hb1_0.state,a1_0.starting_price,sp1_0.minimum_quantity,sp1_0.catalog_id,sp1_0.description,sp1_0.image_url,sp1_0.name,sp1_0.price,sp1_0.quantity,r1_0.product_id,r1_0.user_id,r1_0.review,r1_0.score,sp1_0.store_name from shopping_product sp1_0 left join auctions a1_0 on a1_0.id=sp1_0.auction_id left join bids hb1_0 on hb1_0.id=a1_0.highest_bid_id left join product_ratings r1_0 on sp1_0.product_id=r1_0.product_id where sp1_0.product_id=?
2025-06-29T13:51:53.358+03:00 DEBUG 15320 --- [marketplace] [main] org.hibernate.SQL                        : insert into shopping_product (auction_id,minimum_quantity,catalog_id,description,image_url,name,price,quantity,store_name,product_id) values (?,?,?,?,?,?,?,?,?,?)
2025-06-29T13:51:53.360+03:00 DEBUG 15320 --- [marketplace] [main] org.hibernate.SQL                        : update stores set balance=?,description=?,email=?,in_store_product_id=?,is_active=?,discount_percentage=?,duration_in_days=? where name=?
2025-06-29T13:51:53.361+03:00 DEBUG 15320 --- [marketplace] [main] org.hibernate.SQL                        : update shopping_product set store_name=?,product_key=? where product_id=?
2025-06-29T13:51:53.363+03:00 DEBUG 15320 --- [marketplace] [main] org.hibernate.SQL                        : insert into product_categories (product_id,category) values (?,?)
2025-06-29T13:51:53.364+03:00 DEBUG 15320 --- [marketplace] [main] org.hibernate.SQL                        : insert into product_categories (product_id,category) values (?,?)
2025-06-29T13:51:53.367+03:00 DEBUG 15320 --- [marketplace] [main] org.hibernate.SQL                        : select s1_0.name,s1_0.balance,s1_0.description,s1_0.email,s1_0.in_store_product_id,s1_0.is_active,s1_0.discount_percentage,s1_0.duration_in_days from stores s1_0 where s1_0.name=?
2025-06-29T13:51:53.370+03:00 DEBUG 15320 --- [marketplace] [main] org.hibernate.SQL                        : select ritr1_0.store_name,ritr1_0.review_id,ritr1_0.id,ritr1_0.rating,ritr1_0.review_text,ritr1_0.reviewer_id,ritr1_0.reviewer_name,ritr1_0.store_comment from review ritr1_0 where ritr1_0.store_name=?
2025-06-29T13:51:53.370+03:00 DEBUG 15320 --- [marketplace] [main] org.hibernate.SQL                        : select r1_0.store_name,r1_0.user_id,r1_0.review,r1_0.score from store_ratings r1_0 where r1_0.store_name=?
2025-06-29T13:51:53.371+03:00 DEBUG 15320 --- [marketplace] [main] org.hibernate.SQL                        : select p1_0.store_name,p1_0.product_key,p1_0.product_id,a1_0.id,a1_0.end_time,a1_0.ended,hb1_0.id,hb1_0.amount,hb1_0.bidder_email,hb1_0.state,a1_0.starting_price,p1_0.minimum_quantity,p1_0.catalog_id,p1_0.description,p1_0.image_url,p1_0.name,p1_0.price,p1_0.quantity,r1_0.product_id,r1_0.user_id,r1_0.review,r1_0.score from shopping_product p1_0 left join auctions a1_0 on a1_0.id=p1_0.auction_id left join bids hb1_0 on hb1_0.id=a1_0.highest_bid_id left join product_ratings r1_0 on p1_0.product_id=r1_0.product_id where p1_0.store_name=?
2025-06-29T13:51:53.372+03:00 DEBUG 15320 --- [marketplace] [main] org.hibernate.SQL                        : select c1_0.product_id,c1_0.category from product_categories c1_0 where c1_0.product_id=?
2025-06-29T13:51:53.375+03:00 DEBUG 15320 --- [marketplace] [main] org.hibernate.SQL                        : select b1_0.product_id,b1_0.id,b1_0.amount,b1_0.bidder_email,b1_0.state from bids b1_0 where b1_0.product_id=?
2025-06-29T13:51:53.376+03:00 DEBUG 15320 --- [marketplace] [main] org.hibernate.SQL                        : select c1_0.product_id,c1_0.category from product_categories c1_0 where c1_0.product_id=?
2025-06-29T13:51:53.377+03:00 DEBUG 15320 --- [marketplace] [main] org.hibernate.SQL                        : select b1_0.product_id,b1_0.id,b1_0.amount,b1_0.bidder_email,b1_0.state from bids b1_0 where b1_0.product_id=?
2025-06-29T13:51:53.377+03:00 DEBUG 15320 --- [marketplace] [main] org.hibernate.SQL                        : select oa1_0.store_name,oa1_0.email,oa1_0.appointed_by from store_owners oa1_0 where oa1_0.store_name=?
2025-06-29T13:51:53.378+03:00 DEBUG 15320 --- [marketplace] [main] org.hibernate.SQL                        : select m1_0.store_name,m1_0.manager_email,m1_0.appointed_by,p1_0.manager_email,p1_0.permission from store_managers m1_0 left join manager_permissions p1_0 on m1_0.manager_email=p1_0.manager_email where m1_0.store_name=?
2025-06-29T13:51:53.381+03:00 DEBUG 15320 --- [marketplace] [main] org.hibernate.SQL                        : select s1_0.name,s1_0.balance,s1_0.description,s1_0.email,s1_0.in_store_product_id,s1_0.is_active,m1_0.store_name,m1_0.manager_email,m1_0.appointed_by,p1_0.manager_email,p1_0.permission,oa1_0.store_name,oa1_0.email,oa1_0.appointed_by,s1_0.discount_percentage,s1_0.duration_in_days,r1_0.store_name,r1_0.user_id,r1_0.review,r1_0.score from stores s1_0 left join store_managers m1_0 on s1_0.name=m1_0.store_name left join manager_permissions p1_0 on m1_0.manager_email=p1_0.manager_email left join store_owners oa1_0 on s1_0.name=oa1_0.store_name left join store_ratings r1_0 on s1_0.name=r1_0.store_name where s1_0.name=?
2025-06-29T13:51:53.384+03:00 DEBUG 15320 --- [marketplace] [main] org.hibernate.SQL                        : select ritr1_0.store_name,ritr1_0.review_id,ritr1_0.id,ritr1_0.rating,ritr1_0.review_text,ritr1_0.reviewer_id,ritr1_0.reviewer_name,ritr1_0.store_comment from review ritr1_0 where ritr1_0.store_name=?
2025-06-29T13:51:53.389+03:00 DEBUG 15320 --- [marketplace] [main] org.hibernate.SQL                        : select p1_0.store_name,p1_0.product_key,p1_0.product_id,a1_0.id,a1_0.end_time,a1_0.ended,hb1_0.id,hb1_0.amount,hb1_0.bidder_email,hb1_0.state,a1_0.starting_price,p1_0.minimum_quantity,p1_0.catalog_id,p1_0.description,p1_0.image_url,p1_0.name,p1_0.price,p1_0.quantity,r1_0.product_id,r1_0.user_id,r1_0.review,r1_0.score from shopping_product p1_0 left join auctions a1_0 on a1_0.id=p1_0.auction_id left join bids hb1_0 on hb1_0.id=a1_0.highest_bid_id left join product_ratings r1_0 on p1_0.product_id=r1_0.product_id where p1_0.store_name=?
2025-06-29T13:51:53.390+03:00 DEBUG 15320 --- [marketplace] [main] org.hibernate.SQL                        : select c1_0.product_id,c1_0.category from product_categories c1_0 where c1_0.product_id=?
2025-06-29T13:51:53.391+03:00 DEBUG 15320 --- [marketplace] [main] org.hibernate.SQL                        : select b1_0.product_id,b1_0.id,b1_0.amount,b1_0.bidder_email,b1_0.state from bids b1_0 where b1_0.product_id=?
2025-06-29T13:51:53.393+03:00 DEBUG 15320 --- [marketplace] [main] org.hibernate.SQL                        : select c1_0.product_id,c1_0.category from product_categories c1_0 where c1_0.product_id=?
2025-06-29T13:51:53.394+03:00 DEBUG 15320 --- [marketplace] [main] org.hibernate.SQL                        : select b1_0.product_id,b1_0.id,b1_0.amount,b1_0.bidder_email,b1_0.state from bids b1_0 where b1_0.product_id=?
2025-06-29T13:51:53.395+03:00 DEBUG 15320 --- [marketplace] [main] org.hibernate.SQL                        : select sp1_0.product_id,a1_0.id,a1_0.end_time,a1_0.ended,hb1_0.id,hb1_0.amount,hb1_0.bidder_email,hb1_0.state,a1_0.starting_price,sp1_0.minimum_quantity,sp1_0.catalog_id,sp1_0.description,sp1_0.image_url,sp1_0.name,sp1_0.price,sp1_0.quantity,r1_0.product_id,r1_0.user_id,r1_0.review,r1_0.score,sp1_0.store_name from shopping_product sp1_0 left join auctions a1_0 on a1_0.id=sp1_0.auction_id left join bids hb1_0 on hb1_0.id=a1_0.highest_bid_id left join product_ratings r1_0 on sp1_0.product_id=r1_0.product_id where sp1_0.product_id=?
2025-06-29T13:51:53.399+03:00 DEBUG 15320 --- [marketplace] [main] org.hibernate.SQL                        : insert into shopping_product (auction_id,minimum_quantity,catalog_id,description,image_url,name,price,quantity,store_name,product_id) values (?,?,?,?,?,?,?,?,?,?)
2025-06-29T13:51:53.400+03:00 DEBUG 15320 --- [marketplace] [main] org.hibernate.SQL                        : update stores set balance=?,description=?,email=?,in_store_product_id=?,is_active=?,discount_percentage=?,duration_in_days=? where name=?
2025-06-29T13:51:53.402+03:00 DEBUG 15320 --- [marketplace] [main] org.hibernate.SQL                        : update shopping_product set store_name=?,product_key=? where product_id=?
2025-06-29T13:51:53.403+03:00 DEBUG 15320 --- [marketplace] [main] org.hibernate.SQL                        : insert into product_categories (product_id,category) values (?,?)
2025-06-29T13:51:53.404+03:00 DEBUG 15320 --- [marketplace] [main] org.hibernate.SQL                        : insert into product_categories (product_id,category) values (?,?)
2025-06-29T13:51:53.408+03:00 DEBUG 15320 --- [marketplace] [main] org.hibernate.SQL                        : select s1_0.name,s1_0.balance,s1_0.description,s1_0.email,s1_0.in_store_product_id,s1_0.is_active,s1_0.discount_percentage,s1_0.duration_in_days from stores s1_0 where s1_0.name=?
2025-06-29T13:51:53.412+03:00 DEBUG 15320 --- [marketplace] [main] org.hibernate.SQL                        : select ritr1_0.store_name,ritr1_0.review_id,ritr1_0.id,ritr1_0.rating,ritr1_0.review_text,ritr1_0.reviewer_id,ritr1_0.reviewer_name,ritr1_0.store_comment from review ritr1_0 where ritr1_0.store_name=?
2025-06-29T13:51:53.413+03:00 DEBUG 15320 --- [marketplace] [main] org.hibernate.SQL                        : select r1_0.store_name,r1_0.user_id,r1_0.review,r1_0.score from store_ratings r1_0 where r1_0.store_name=?
2025-06-29T13:51:53.414+03:00 DEBUG 15320 --- [marketplace] [main] org.hibernate.SQL                        : select p1_0.store_name,p1_0.product_key,p1_0.product_id,a1_0.id,a1_0.end_time,a1_0.ended,hb1_0.id,hb1_0.amount,hb1_0.bidder_email,hb1_0.state,a1_0.starting_price,p1_0.minimum_quantity,p1_0.catalog_id,p1_0.description,p1_0.image_url,p1_0.name,p1_0.price,p1_0.quantity,r1_0.product_id,r1_0.user_id,r1_0.review,r1_0.score from shopping_product p1_0 left join auctions a1_0 on a1_0.id=p1_0.auction_id left join bids hb1_0 on hb1_0.id=a1_0.highest_bid_id left join product_ratings r1_0 on p1_0.product_id=r1_0.product_id where p1_0.store_name=?
2025-06-29T13:51:53.418+03:00 DEBUG 15320 --- [marketplace] [main] org.hibernate.SQL                        : select c1_0.product_id,c1_0.category from product_categories c1_0 where c1_0.product_id=?
2025-06-29T13:51:53.420+03:00 DEBUG 15320 --- [marketplace] [main] org.hibernate.SQL                        : select b1_0.product_id,b1_0.id,b1_0.amount,b1_0.bidder_email,b1_0.state from bids b1_0 where b1_0.product_id=?
2025-06-29T13:51:53.421+03:00 DEBUG 15320 --- [marketplace] [main] org.hibernate.SQL                        : select c1_0.product_id,c1_0.category from product_categories c1_0 where c1_0.product_id=?
2025-06-29T13:51:53.422+03:00 DEBUG 15320 --- [marketplace] [main] org.hibernate.SQL                        : select b1_0.product_id,b1_0.id,b1_0.amount,b1_0.bidder_email,b1_0.state from bids b1_0 where b1_0.product_id=?
2025-06-29T13:51:53.423+03:00 DEBUG 15320 --- [marketplace] [main] org.hibernate.SQL                        : select c1_0.product_id,c1_0.category from product_categories c1_0 where c1_0.product_id=?
2025-06-29T13:51:53.423+03:00 DEBUG 15320 --- [marketplace] [main] org.hibernate.SQL                        : select b1_0.product_id,b1_0.id,b1_0.amount,b1_0.bidder_email,b1_0.state from bids b1_0 where b1_0.product_id=?
2025-06-29T13:51:53.424+03:00 DEBUG 15320 --- [marketplace] [main] org.hibernate.SQL                        : select oa1_0.store_name,oa1_0.email,oa1_0.appointed_by from store_owners oa1_0 where oa1_0.store_name=?
2025-06-29T13:51:53.425+03:00 DEBUG 15320 --- [marketplace] [main] org.hibernate.SQL                        : select m1_0.store_name,m1_0.manager_email,m1_0.appointed_by,p1_0.manager_email,p1_0.permission from store_managers m1_0 left join manager_permissions p1_0 on m1_0.manager_email=p1_0.manager_email where m1_0.store_name=?
2025-06-29T13:51:53.431+03:00 DEBUG 15320 --- [marketplace] [main] org.hibernate.SQL                        : select s1_0.name,s1_0.balance,s1_0.description,s1_0.email,s1_0.in_store_product_id,s1_0.is_active,m1_0.store_name,m1_0.manager_email,m1_0.appointed_by,p1_0.manager_email,p1_0.permission,oa1_0.store_name,oa1_0.email,oa1_0.appointed_by,s1_0.discount_percentage,s1_0.duration_in_days,r1_0.store_name,r1_0.user_id,r1_0.review,r1_0.score from stores s1_0 left join store_managers m1_0 on s1_0.name=m1_0.store_name left join manager_permissions p1_0 on m1_0.manager_email=p1_0.manager_email left join store_owners oa1_0 on s1_0.name=oa1_0.store_name left join store_ratings r1_0 on s1_0.name=r1_0.store_name where s1_0.name=?
2025-06-29T13:51:53.434+03:00 DEBUG 15320 --- [marketplace] [main] org.hibernate.SQL                        : select ritr1_0.store_name,ritr1_0.review_id,ritr1_0.id,ritr1_0.rating,ritr1_0.review_text,ritr1_0.reviewer_id,ritr1_0.reviewer_name,ritr1_0.store_comment from review ritr1_0 where ritr1_0.store_name=?
2025-06-29T13:51:53.435+03:00 DEBUG 15320 --- [marketplace] [main] org.hibernate.SQL                        : select p1_0.store_name,p1_0.product_key,p1_0.product_id,a1_0.id,a1_0.end_time,a1_0.ended,hb1_0.id,hb1_0.amount,hb1_0.bidder_email,hb1_0.state,a1_0.starting_price,p1_0.minimum_quantity,p1_0.catalog_id,p1_0.description,p1_0.image_url,p1_0.name,p1_0.price,p1_0.quantity,r1_0.product_id,r1_0.user_id,r1_0.review,r1_0.score from shopping_product p1_0 left join auctions a1_0 on a1_0.id=p1_0.auction_id left join bids hb1_0 on hb1_0.id=a1_0.highest_bid_id left join product_ratings r1_0 on p1_0.product_id=r1_0.product_id where p1_0.store_name=?
2025-06-29T13:51:53.437+03:00 DEBUG 15320 --- [marketplace] [main] org.hibernate.SQL                        : select c1_0.product_id,c1_0.category from product_categories c1_0 where c1_0.product_id=?
2025-06-29T13:51:53.438+03:00 DEBUG 15320 --- [marketplace] [main] org.hibernate.SQL                        : select b1_0.product_id,b1_0.id,b1_0.amount,b1_0.bidder_email,b1_0.state from bids b1_0 where b1_0.product_id=?
2025-06-29T13:51:53.439+03:00 DEBUG 15320 --- [marketplace] [main] org.hibernate.SQL                        : select c1_0.product_id,c1_0.category from product_categories c1_0 where c1_0.product_id=?
2025-06-29T13:51:53.442+03:00 DEBUG 15320 --- [marketplace] [main] org.hibernate.SQL                        : select b1_0.product_id,b1_0.id,b1_0.amount,b1_0.bidder_email,b1_0.state from bids b1_0 where b1_0.product_id=?
2025-06-29T13:51:53.443+03:00 DEBUG 15320 --- [marketplace] [main] org.hibernate.SQL                        : select c1_0.product_id,c1_0.category from product_categories c1_0 where c1_0.product_id=?
2025-06-29T13:51:53.444+03:00 DEBUG 15320 --- [marketplace] [main] org.hibernate.SQL                        : select b1_0.product_id,b1_0.id,b1_0.amount,b1_0.bidder_email,b1_0.state from bids b1_0 where b1_0.product_id=?
2025-06-29T13:51:53.446+03:00 DEBUG 15320 --- [marketplace] [main] org.hibernate.SQL                        : select sp1_0.product_id,a1_0.id,a1_0.end_time,a1_0.ended,hb1_0.id,hb1_0.amount,hb1_0.bidder_email,hb1_0.state,a1_0.starting_price,sp1_0.minimum_quantity,sp1_0.catalog_id,sp1_0.description,sp1_0.image_url,sp1_0.name,sp1_0.price,sp1_0.quantity,r1_0.product_id,r1_0.user_id,r1_0.review,r1_0.score,sp1_0.store_name from shopping_product sp1_0 left join auctions a1_0 on a1_0.id=sp1_0.auction_id left join bids hb1_0 on hb1_0.id=a1_0.highest_bid_id left join product_ratings r1_0 on sp1_0.product_id=r1_0.product_id where sp1_0.product_id=?
2025-06-29T13:51:53.458+03:00 DEBUG 15320 --- [marketplace] [main] org.hibernate.SQL                        : insert into shopping_product (auction_id,minimum_quantity,catalog_id,description,image_url,name,price,quantity,store_name,product_id) values (?,?,?,?,?,?,?,?,?,?)
2025-06-29T13:51:53.460+03:00 DEBUG 15320 --- [marketplace] [main] org.hibernate.SQL                        : update stores set balance=?,description=?,email=?,in_store_product_id=?,is_active=?,discount_percentage=?,duration_in_days=? where name=?
2025-06-29T13:51:53.462+03:00 DEBUG 15320 --- [marketplace] [main] org.hibernate.SQL                        : update shopping_product set store_name=?,product_key=? where product_id=?
2025-06-29T13:51:53.463+03:00 DEBUG 15320 --- [marketplace] [main] org.hibernate.SQL                        : insert into product_categories (product_id,category) values (?,?)
2025-06-29T13:51:53.463+03:00 DEBUG 15320 --- [marketplace] [main] org.hibernate.SQL                        : insert into product_categories (product_id,category) values (?,?)
2025-06-29T13:51:53.466+03:00 DEBUG 15320 --- [marketplace] [main] org.hibernate.SQL                        : select s1_0.name,s1_0.balance,s1_0.description,s1_0.email,s1_0.in_store_product_id,s1_0.is_active,s1_0.discount_percentage,s1_0.duration_in_days from stores s1_0 where s1_0.name=?
2025-06-29T13:51:53.468+03:00 DEBUG 15320 --- [marketplace] [main] org.hibernate.SQL                        : select ritr1_0.store_name,ritr1_0.review_id,ritr1_0.id,ritr1_0.rating,ritr1_0.review_text,ritr1_0.reviewer_id,ritr1_0.reviewer_name,ritr1_0.store_comment from review ritr1_0 where ritr1_0.store_name=?
2025-06-29T13:51:53.470+03:00 DEBUG 15320 --- [marketplace] [main] org.hibernate.SQL                        : select r1_0.store_name,r1_0.user_id,r1_0.review,r1_0.score from store_ratings r1_0 where r1_0.store_name=?
2025-06-29T13:51:53.471+03:00 DEBUG 15320 --- [marketplace] [main] org.hibernate.SQL                        : select p1_0.store_name,p1_0.product_key,p1_0.product_id,a1_0.id,a1_0.end_time,a1_0.ended,hb1_0.id,hb1_0.amount,hb1_0.bidder_email,hb1_0.state,a1_0.starting_price,p1_0.minimum_quantity,p1_0.catalog_id,p1_0.description,p1_0.image_url,p1_0.name,p1_0.price,p1_0.quantity,r1_0.product_id,r1_0.user_id,r1_0.review,r1_0.score from shopping_product p1_0 left join auctions a1_0 on a1_0.id=p1_0.auction_id left join bids hb1_0 on hb1_0.id=a1_0.highest_bid_id left join product_ratings r1_0 on p1_0.product_id=r1_0.product_id where p1_0.store_name=?
2025-06-29T13:51:53.473+03:00 DEBUG 15320 --- [marketplace] [main] org.hibernate.SQL                        : select c1_0.product_id,c1_0.category from product_categories c1_0 where c1_0.product_id=?
2025-06-29T13:51:53.475+03:00 DEBUG 15320 --- [marketplace] [main] org.hibernate.SQL                        : select b1_0.product_id,b1_0.id,b1_0.amount,b1_0.bidder_email,b1_0.state from bids b1_0 where b1_0.product_id=?
2025-06-29T13:51:53.475+03:00 DEBUG 15320 --- [marketplace] [main] org.hibernate.SQL                        : select c1_0.product_id,c1_0.category from product_categories c1_0 where c1_0.product_id=?
2025-06-29T13:51:53.476+03:00 DEBUG 15320 --- [marketplace] [main] org.hibernate.SQL                        : select b1_0.product_id,b1_0.id,b1_0.amount,b1_0.bidder_email,b1_0.state from bids b1_0 where b1_0.product_id=?
2025-06-29T13:51:53.476+03:00 DEBUG 15320 --- [marketplace] [main] org.hibernate.SQL                        : select c1_0.product_id,c1_0.category from product_categories c1_0 where c1_0.product_id=?
2025-06-29T13:51:53.478+03:00 DEBUG 15320 --- [marketplace] [main] org.hibernate.SQL                        : select b1_0.product_id,b1_0.id,b1_0.amount,b1_0.bidder_email,b1_0.state from bids b1_0 where b1_0.product_id=?
2025-06-29T13:51:53.478+03:00 DEBUG 15320 --- [marketplace] [main] org.hibernate.SQL                        : select c1_0.product_id,c1_0.category from product_categories c1_0 where c1_0.product_id=?
2025-06-29T13:51:53.478+03:00 DEBUG 15320 --- [marketplace] [main] org.hibernate.SQL                        : select b1_0.product_id,b1_0.id,b1_0.amount,b1_0.bidder_email,b1_0.state from bids b1_0 where b1_0.product_id=?
2025-06-29T13:51:53.480+03:00 DEBUG 15320 --- [marketplace] [main] org.hibernate.SQL                        : select oa1_0.store_name,oa1_0.email,oa1_0.appointed_by from store_owners oa1_0 where oa1_0.store_name=?
2025-06-29T13:51:53.484+03:00 DEBUG 15320 --- [marketplace] [main] org.hibernate.SQL                        : select m1_0.store_name,m1_0.manager_email,m1_0.appointed_by,p1_0.manager_email,p1_0.permission from store_managers m1_0 left join manager_permissions p1_0 on m1_0.manager_email=p1_0.manager_email where m1_0.store_name=?
2025-06-29T13:51:53.491+03:00 DEBUG 15320 --- [marketplace] [main] org.hibernate.SQL                        : select s1_0.name,s1_0.balance,s1_0.description,s1_0.email,s1_0.in_store_product_id,s1_0.is_active,m1_0.store_name,m1_0.manager_email,m1_0.appointed_by,p1_0.manager_email,p1_0.permission,oa1_0.store_name,oa1_0.email,oa1_0.appointed_by,s1_0.discount_percentage,s1_0.duration_in_days,r1_0.store_name,r1_0.user_id,r1_0.review,r1_0.score from stores s1_0 left join store_managers m1_0 on s1_0.name=m1_0.store_name left join manager_permissions p1_0 on m1_0.manager_email=p1_0.manager_email left join store_owners oa1_0 on s1_0.name=oa1_0.store_name left join store_ratings r1_0 on s1_0.name=r1_0.store_name where s1_0.name=?
2025-06-29T13:51:53.495+03:00 DEBUG 15320 --- [marketplace] [main] org.hibernate.SQL                        : select ritr1_0.store_name,ritr1_0.review_id,ritr1_0.id,ritr1_0.rating,ritr1_0.review_text,ritr1_0.reviewer_id,ritr1_0.reviewer_name,ritr1_0.store_comment from review ritr1_0 where ritr1_0.store_name=?
2025-06-29T13:51:53.496+03:00 DEBUG 15320 --- [marketplace] [main] org.hibernate.SQL                        : select p1_0.store_name,p1_0.product_key,p1_0.product_id,a1_0.id,a1_0.end_time,a1_0.ended,hb1_0.id,hb1_0.amount,hb1_0.bidder_email,hb1_0.state,a1_0.starting_price,p1_0.minimum_quantity,p1_0.catalog_id,p1_0.description,p1_0.image_url,p1_0.name,p1_0.price,p1_0.quantity,r1_0.product_id,r1_0.user_id,r1_0.review,r1_0.score from shopping_product p1_0 left join auctions a1_0 on a1_0.id=p1_0.auction_id left join bids hb1_0 on hb1_0.id=a1_0.highest_bid_id left join product_ratings r1_0 on p1_0.product_id=r1_0.product_id where p1_0.store_name=?
2025-06-29T13:51:53.499+03:00 DEBUG 15320 --- [marketplace] [main] org.hibernate.SQL                        : select c1_0.product_id,c1_0.category from product_categories c1_0 where c1_0.product_id=?
2025-06-29T13:51:53.499+03:00 DEBUG 15320 --- [marketplace] [main] org.hibernate.SQL                        : select b1_0.product_id,b1_0.id,b1_0.amount,b1_0.bidder_email,b1_0.state from bids b1_0 where b1_0.product_id=?
2025-06-29T13:51:53.500+03:00 DEBUG 15320 --- [marketplace] [main] org.hibernate.SQL                        : select c1_0.product_id,c1_0.category from product_categories c1_0 where c1_0.product_id=?
2025-06-29T13:51:53.500+03:00 DEBUG 15320 --- [marketplace] [main] org.hibernate.SQL                        : select b1_0.product_id,b1_0.id,b1_0.amount,b1_0.bidder_email,b1_0.state from bids b1_0 where b1_0.product_id=?
2025-06-29T13:51:53.502+03:00 DEBUG 15320 --- [marketplace] [main] org.hibernate.SQL                        : select c1_0.product_id,c1_0.category from product_categories c1_0 where c1_0.product_id=?
2025-06-29T13:51:53.502+03:00 DEBUG 15320 --- [marketplace] [main] org.hibernate.SQL                        : select b1_0.product_id,b1_0.id,b1_0.amount,b1_0.bidder_email,b1_0.state from bids b1_0 where b1_0.product_id=?
2025-06-29T13:51:53.504+03:00 DEBUG 15320 --- [marketplace] [main] org.hibernate.SQL                        : select c1_0.product_id,c1_0.category from product_categories c1_0 where c1_0.product_id=?
2025-06-29T13:51:53.505+03:00 DEBUG 15320 --- [marketplace] [main] org.hibernate.SQL                        : select b1_0.product_id,b1_0.id,b1_0.amount,b1_0.bidder_email,b1_0.state from bids b1_0 where b1_0.product_id=?
2025-06-29T13:51:53.506+03:00 DEBUG 15320 --- [marketplace] [main] org.hibernate.SQL                        : select sp1_0.product_id,a1_0.id,a1_0.end_time,a1_0.ended,hb1_0.id,hb1_0.amount,hb1_0.bidder_email,hb1_0.state,a1_0.starting_price,sp1_0.minimum_quantity,sp1_0.catalog_id,sp1_0.description,sp1_0.image_url,sp1_0.name,sp1_0.price,sp1_0.quantity,r1_0.product_id,r1_0.user_id,r1_0.review,r1_0.score,sp1_0.store_name from shopping_product sp1_0 left join auctions a1_0 on a1_0.id=sp1_0.auction_id left join bids hb1_0 on hb1_0.id=a1_0.highest_bid_id left join product_ratings r1_0 on sp1_0.product_id=r1_0.product_id where sp1_0.product_id=?
2025-06-29T13:51:53.510+03:00 DEBUG 15320 --- [marketplace] [main] org.hibernate.SQL                        : insert into shopping_product (auction_id,minimum_quantity,catalog_id,description,image_url,name,price,quantity,store_name,product_id) values (?,?,?,?,?,?,?,?,?,?)
2025-06-29T13:51:53.511+03:00 DEBUG 15320 --- [marketplace] [main] org.hibernate.SQL                        : update stores set balance=?,description=?,email=?,in_store_product_id=?,is_active=?,discount_percentage=?,duration_in_days=? where name=?
2025-06-29T13:51:53.514+03:00 DEBUG 15320 --- [marketplace] [main] org.hibernate.SQL                        : update shopping_product set store_name=?,product_key=? where product_id=?
2025-06-29T13:51:53.515+03:00 DEBUG 15320 --- [marketplace] [main] org.hibernate.SQL                        : insert into product_categories (product_id,category) values (?,?)
2025-06-29T13:51:53.515+03:00 DEBUG 15320 --- [marketplace] [main] org.hibernate.SQL                        : insert into product_categories (product_id,category) values (?,?)
2025-06-29T13:51:53.524+03:00 DEBUG 15320 --- [marketplace] [main] org.hibernate.SQL                        : select s1_0.name,s1_0.balance,s1_0.description,s1_0.email,s1_0.in_store_product_id,s1_0.is_active,s1_0.discount_percentage,s1_0.duration_in_days from stores s1_0 where s1_0.name=?
2025-06-29T13:51:53.528+03:00 DEBUG 15320 --- [marketplace] [main] org.hibernate.SQL                        : select ritr1_0.store_name,ritr1_0.review_id,ritr1_0.id,ritr1_0.rating,ritr1_0.review_text,ritr1_0.reviewer_id,ritr1_0.reviewer_name,ritr1_0.store_comment from review ritr1_0 where ritr1_0.store_name=?
2025-06-29T13:51:53.529+03:00 DEBUG 15320 --- [marketplace] [main] org.hibernate.SQL                        : select r1_0.store_name,r1_0.user_id,r1_0.review,r1_0.score from store_ratings r1_0 where r1_0.store_name=?
2025-06-29T13:51:53.530+03:00 DEBUG 15320 --- [marketplace] [main] org.hibernate.SQL                        : select p1_0.store_name,p1_0.product_key,p1_0.product_id,a1_0.id,a1_0.end_time,a1_0.ended,hb1_0.id,hb1_0.amount,hb1_0.bidder_email,hb1_0.state,a1_0.starting_price,p1_0.minimum_quantity,p1_0.catalog_id,p1_0.description,p1_0.image_url,p1_0.name,p1_0.price,p1_0.quantity,r1_0.product_id,r1_0.user_id,r1_0.review,r1_0.score from shopping_product p1_0 left join auctions a1_0 on a1_0.id=p1_0.auction_id left join bids hb1_0 on hb1_0.id=a1_0.highest_bid_id left join product_ratings r1_0 on p1_0.product_id=r1_0.product_id where p1_0.store_name=?
2025-06-29T13:51:53.532+03:00 DEBUG 15320 --- [marketplace] [main] org.hibernate.SQL                        : select c1_0.product_id,c1_0.category from product_categories c1_0 where c1_0.product_id=?
2025-06-29T13:51:53.533+03:00 DEBUG 15320 --- [marketplace] [main] org.hibernate.SQL                        : select b1_0.product_id,b1_0.id,b1_0.amount,b1_0.bidder_email,b1_0.state from bids b1_0 where b1_0.product_id=?
2025-06-29T13:51:53.533+03:00 DEBUG 15320 --- [marketplace] [main] org.hibernate.SQL                        : select c1_0.product_id,c1_0.category from product_categories c1_0 where c1_0.product_id=?
2025-06-29T13:51:53.535+03:00 DEBUG 15320 --- [marketplace] [main] org.hibernate.SQL                        : select b1_0.product_id,b1_0.id,b1_0.amount,b1_0.bidder_email,b1_0.state from bids b1_0 where b1_0.product_id=?
2025-06-29T13:51:53.536+03:00 DEBUG 15320 --- [marketplace] [main] org.hibernate.SQL                        : select c1_0.product_id,c1_0.category from product_categories c1_0 where c1_0.product_id=?
2025-06-29T13:51:53.536+03:00 DEBUG 15320 --- [marketplace] [main] org.hibernate.SQL                        : select b1_0.product_id,b1_0.id,b1_0.amount,b1_0.bidder_email,b1_0.state from bids b1_0 where b1_0.product_id=?
2025-06-29T13:51:53.537+03:00 DEBUG 15320 --- [marketplace] [main] org.hibernate.SQL                        : select c1_0.product_id,c1_0.category from product_categories c1_0 where c1_0.product_id=?
2025-06-29T13:51:53.538+03:00 DEBUG 15320 --- [marketplace] [main] org.hibernate.SQL                        : select b1_0.product_id,b1_0.id,b1_0.amount,b1_0.bidder_email,b1_0.state from bids b1_0 where b1_0.product_id=?
2025-06-29T13:51:53.539+03:00 DEBUG 15320 --- [marketplace] [main] org.hibernate.SQL                        : select oa1_0.store_name,oa1_0.email,oa1_0.appointed_by from store_owners oa1_0 where oa1_0.store_name=?
2025-06-29T13:51:53.540+03:00 DEBUG 15320 --- [marketplace] [main] org.hibernate.SQL                        : select m1_0.store_name,m1_0.manager_email,m1_0.appointed_by,p1_0.manager_email,p1_0.permission from store_managers m1_0 left join manager_permissions p1_0 on m1_0.manager_email=p1_0.manager_email where m1_0.store_name=?
2025-06-29T13:51:53.542+03:00 DEBUG 15320 --- [marketplace] [main] org.hibernate.SQL                        : select s1_0.name,s1_0.balance,s1_0.description,s1_0.email,s1_0.in_store_product_id,s1_0.is_active,m1_0.store_name,m1_0.manager_email,m1_0.appointed_by,p1_0.manager_email,p1_0.permission,oa1_0.store_name,oa1_0.email,oa1_0.appointed_by,s1_0.discount_percentage,s1_0.duration_in_days,r1_0.store_name,r1_0.user_id,r1_0.review,r1_0.score from stores s1_0 left join store_managers m1_0 on s1_0.name=m1_0.store_name left join manager_permissions p1_0 on m1_0.manager_email=p1_0.manager_email left join store_owners oa1_0 on s1_0.name=oa1_0.store_name left join store_ratings r1_0 on s1_0.name=r1_0.store_name where s1_0.name=?
2025-06-29T13:51:53.545+03:00 DEBUG 15320 --- [marketplace] [main] org.hibernate.SQL                        : select ritr1_0.store_name,ritr1_0.review_id,ritr1_0.id,ritr1_0.rating,ritr1_0.review_text,ritr1_0.reviewer_id,ritr1_0.reviewer_name,ritr1_0.store_comment from review ritr1_0 where ritr1_0.store_name=?
2025-06-29T13:51:53.546+03:00 DEBUG 15320 --- [marketplace] [main] org.hibernate.SQL                        : select p1_0.store_name,p1_0.product_key,p1_0.product_id,a1_0.id,a1_0.end_time,a1_0.ended,hb1_0.id,hb1_0.amount,hb1_0.bidder_email,hb1_0.state,a1_0.starting_price,p1_0.minimum_quantity,p1_0.catalog_id,p1_0.description,p1_0.image_url,p1_0.name,p1_0.price,p1_0.quantity,r1_0.product_id,r1_0.user_id,r1_0.review,r1_0.score from shopping_product p1_0 left join auctions a1_0 on a1_0.id=p1_0.auction_id left join bids hb1_0 on hb1_0.id=a1_0.highest_bid_id left join product_ratings r1_0 on p1_0.product_id=r1_0.product_id where p1_0.store_name=?
2025-06-29T13:51:53.548+03:00 DEBUG 15320 --- [marketplace] [main] org.hibernate.SQL                        : select c1_0.product_id,c1_0.category from product_categories c1_0 where c1_0.product_id=?
2025-06-29T13:51:53.549+03:00 DEBUG 15320 --- [marketplace] [main] org.hibernate.SQL                        : select b1_0.product_id,b1_0.id,b1_0.amount,b1_0.bidder_email,b1_0.state from bids b1_0 where b1_0.product_id=?
2025-06-29T13:51:53.550+03:00 DEBUG 15320 --- [marketplace] [main] org.hibernate.SQL                        : select c1_0.product_id,c1_0.category from product_categories c1_0 where c1_0.product_id=?
2025-06-29T13:51:53.551+03:00 DEBUG 15320 --- [marketplace] [main] org.hibernate.SQL                        : select b1_0.product_id,b1_0.id,b1_0.amount,b1_0.bidder_email,b1_0.state from bids b1_0 where b1_0.product_id=?
2025-06-29T13:51:53.553+03:00 DEBUG 15320 --- [marketplace] [main] org.hibernate.SQL                        : select c1_0.product_id,c1_0.category from product_categories c1_0 where c1_0.product_id=?
2025-06-29T13:51:53.555+03:00 DEBUG 15320 --- [marketplace] [main] org.hibernate.SQL                        : select b1_0.product_id,b1_0.id,b1_0.amount,b1_0.bidder_email,b1_0.state from bids b1_0 where b1_0.product_id=?
2025-06-29T13:51:53.555+03:00 DEBUG 15320 --- [marketplace] [main] org.hibernate.SQL                        : select c1_0.product_id,c1_0.category from product_categories c1_0 where c1_0.product_id=?
2025-06-29T13:51:53.555+03:00 DEBUG 15320 --- [marketplace] [main] org.hibernate.SQL                        : select b1_0.product_id,b1_0.id,b1_0.amount,b1_0.bidder_email,b1_0.state from bids b1_0 where b1_0.product_id=?
2025-06-29T13:51:53.560+03:00 DEBUG 15320 --- [marketplace] [main] org.hibernate.SQL                        : insert into store_ratings (store_name,user_id,review,score) values (?,?,?,?)
2025-06-29T13:51:53.563+03:00 DEBUG 15320 --- [marketplace] [main] org.hibernate.SQL                        : select s1_0.name,s1_0.balance,s1_0.description,s1_0.email,s1_0.in_store_product_id,s1_0.is_active,s1_0.discount_percentage,s1_0.duration_in_days from stores s1_0 where s1_0.name=?
2025-06-29T13:51:53.566+03:00 DEBUG 15320 --- [marketplace] [main] org.hibernate.SQL                        : select ritr1_0.store_name,ritr1_0.review_id,ritr1_0.id,ritr1_0.rating,ritr1_0.review_text,ritr1_0.reviewer_id,ritr1_0.reviewer_name,ritr1_0.store_comment from review ritr1_0 where ritr1_0.store_name=?
2025-06-29T13:51:53.567+03:00 DEBUG 15320 --- [marketplace] [main] org.hibernate.SQL                        : select r1_0.store_name,r1_0.user_id,r1_0.review,r1_0.score from store_ratings r1_0 where r1_0.store_name=?
2025-06-29T13:51:53.568+03:00 DEBUG 15320 --- [marketplace] [main] org.hibernate.SQL                        : select p1_0.store_name,p1_0.product_key,p1_0.product_id,a1_0.id,a1_0.end_time,a1_0.ended,hb1_0.id,hb1_0.amount,hb1_0.bidder_email,hb1_0.state,a1_0.starting_price,p1_0.minimum_quantity,p1_0.catalog_id,p1_0.description,p1_0.image_url,p1_0.name,p1_0.price,p1_0.quantity,r1_0.product_id,r1_0.user_id,r1_0.review,r1_0.score from shopping_product p1_0 left join auctions a1_0 on a1_0.id=p1_0.auction_id left join bids hb1_0 on hb1_0.id=a1_0.highest_bid_id left join product_ratings r1_0 on p1_0.product_id=r1_0.product_id where p1_0.store_name=?
2025-06-29T13:51:53.570+03:00 DEBUG 15320 --- [marketplace] [main] org.hibernate.SQL                        : select c1_0.product_id,c1_0.category from product_categories c1_0 where c1_0.product_id=?
2025-06-29T13:51:53.571+03:00 DEBUG 15320 --- [marketplace] [main] org.hibernate.SQL                        : select b1_0.product_id,b1_0.id,b1_0.amount,b1_0.bidder_email,b1_0.state from bids b1_0 where b1_0.product_id=?
2025-06-29T13:51:53.571+03:00 DEBUG 15320 --- [marketplace] [main] org.hibernate.SQL                        : select c1_0.product_id,c1_0.category from product_categories c1_0 where c1_0.product_id=?
2025-06-29T13:51:53.571+03:00 DEBUG 15320 --- [marketplace] [main] org.hibernate.SQL                        : select b1_0.product_id,b1_0.id,b1_0.amount,b1_0.bidder_email,b1_0.state from bids b1_0 where b1_0.product_id=?
2025-06-29T13:51:53.572+03:00 DEBUG 15320 --- [marketplace] [main] org.hibernate.SQL                        : select c1_0.product_id,c1_0.category from product_categories c1_0 where c1_0.product_id=?
2025-06-29T13:51:53.573+03:00 DEBUG 15320 --- [marketplace] [main] org.hibernate.SQL                        : select b1_0.product_id,b1_0.id,b1_0.amount,b1_0.bidder_email,b1_0.state from bids b1_0 where b1_0.product_id=?
2025-06-29T13:51:53.573+03:00 DEBUG 15320 --- [marketplace] [main] org.hibernate.SQL                        : select c1_0.product_id,c1_0.category from product_categories c1_0 where c1_0.product_id=?
2025-06-29T13:51:53.573+03:00 DEBUG 15320 --- [marketplace] [main] org.hibernate.SQL                        : select b1_0.product_id,b1_0.id,b1_0.amount,b1_0.bidder_email,b1_0.state from bids b1_0 where b1_0.product_id=?
2025-06-29T13:51:53.574+03:00 DEBUG 15320 --- [marketplace] [main] org.hibernate.SQL                        : select oa1_0.store_name,oa1_0.email,oa1_0.appointed_by from store_owners oa1_0 where oa1_0.store_name=?
2025-06-29T13:51:53.574+03:00 DEBUG 15320 --- [marketplace] [main] org.hibernate.SQL                        : select m1_0.store_name,m1_0.manager_email,m1_0.appointed_by,p1_0.manager_email,p1_0.permission from store_managers m1_0 left join manager_permissions p1_0 on m1_0.manager_email=p1_0.manager_email where m1_0.store_name=?
2025-06-29T13:51:53.576+03:00 DEBUG 15320 --- [marketplace] [main] org.hibernate.SQL                        : select s1_0.name,s1_0.balance,s1_0.description,s1_0.email,s1_0.in_store_product_id,s1_0.is_active,m1_0.store_name,m1_0.manager_email,m1_0.appointed_by,p1_0.manager_email,p1_0.permission,oa1_0.store_name,oa1_0.email,oa1_0.appointed_by,s1_0.discount_percentage,s1_0.duration_in_days,r1_0.store_name,r1_0.user_id,r1_0.review,r1_0.score from stores s1_0 left join store_managers m1_0 on s1_0.name=m1_0.store_name left join manager_permissions p1_0 on m1_0.manager_email=p1_0.manager_email left join store_owners oa1_0 on s1_0.name=oa1_0.store_name left join store_ratings r1_0 on s1_0.name=r1_0.store_name where s1_0.name=?
2025-06-29T13:51:53.578+03:00 DEBUG 15320 --- [marketplace] [main] org.hibernate.SQL                        : select ritr1_0.store_name,ritr1_0.review_id,ritr1_0.id,ritr1_0.rating,ritr1_0.review_text,ritr1_0.reviewer_id,ritr1_0.reviewer_name,ritr1_0.store_comment from review ritr1_0 where ritr1_0.store_name=?
2025-06-29T13:51:53.580+03:00 DEBUG 15320 --- [marketplace] [main] org.hibernate.SQL                        : select p1_0.store_name,p1_0.product_key,p1_0.product_id,a1_0.id,a1_0.end_time,a1_0.ended,hb1_0.id,hb1_0.amount,hb1_0.bidder_email,hb1_0.state,a1_0.starting_price,p1_0.minimum_quantity,p1_0.catalog_id,p1_0.description,p1_0.image_url,p1_0.name,p1_0.price,p1_0.quantity,r1_0.product_id,r1_0.user_id,r1_0.review,r1_0.score from shopping_product p1_0 left join auctions a1_0 on a1_0.id=p1_0.auction_id left join bids hb1_0 on hb1_0.id=a1_0.highest_bid_id left join product_ratings r1_0 on p1_0.product_id=r1_0.product_id where p1_0.store_name=?
2025-06-29T13:51:53.581+03:00 DEBUG 15320 --- [marketplace] [main] org.hibernate.SQL                        : select c1_0.product_id,c1_0.category from product_categories c1_0 where c1_0.product_id=?
2025-06-29T13:51:53.582+03:00 DEBUG 15320 --- [marketplace] [main] org.hibernate.SQL                        : select b1_0.product_id,b1_0.id,b1_0.amount,b1_0.bidder_email,b1_0.state from bids b1_0 where b1_0.product_id=?
2025-06-29T13:51:53.584+03:00 DEBUG 15320 --- [marketplace] [main] org.hibernate.SQL                        : select c1_0.product_id,c1_0.category from product_categories c1_0 where c1_0.product_id=?
2025-06-29T13:51:53.585+03:00 DEBUG 15320 --- [marketplace] [main] org.hibernate.SQL                        : select b1_0.product_id,b1_0.id,b1_0.amount,b1_0.bidder_email,b1_0.state from bids b1_0 where b1_0.product_id=?
2025-06-29T13:51:53.585+03:00 DEBUG 15320 --- [marketplace] [main] org.hibernate.SQL                        : select c1_0.product_id,c1_0.category from product_categories c1_0 where c1_0.product_id=?
2025-06-29T13:51:53.590+03:00 DEBUG 15320 --- [marketplace] [main] org.hibernate.SQL                        : select b1_0.product_id,b1_0.id,b1_0.amount,b1_0.bidder_email,b1_0.state from bids b1_0 where b1_0.product_id=?
2025-06-29T13:51:53.592+03:00 DEBUG 15320 --- [marketplace] [main] org.hibernate.SQL                        : select c1_0.product_id,c1_0.category from product_categories c1_0 where c1_0.product_id=?
2025-06-29T13:51:53.593+03:00 DEBUG 15320 --- [marketplace] [main] org.hibernate.SQL                        : select b1_0.product_id,b1_0.id,b1_0.amount,b1_0.bidder_email,b1_0.state from bids b1_0 where b1_0.product_id=?
2025-06-29T13:51:53.597+03:00 DEBUG 15320 --- [marketplace] [main] org.hibernate.SQL                        : insert into store_ratings (store_name,user_id,review,score) values (?,?,?,?)
2025-06-29T13:51:53.600+03:00 DEBUG 15320 --- [marketplace] [main] org.hibernate.SQL                        : select s1_0.name,s1_0.balance,s1_0.description,s1_0.email,s1_0.in_store_product_id,s1_0.is_active,s1_0.discount_percentage,s1_0.duration_in_days from stores s1_0 where s1_0.name=?
2025-06-29T13:51:53.602+03:00 DEBUG 15320 --- [marketplace] [main] org.hibernate.SQL                        : select ritr1_0.store_name,ritr1_0.review_id,ritr1_0.id,ritr1_0.rating,ritr1_0.review_text,ritr1_0.reviewer_id,ritr1_0.reviewer_name,ritr1_0.store_comment from review ritr1_0 where ritr1_0.store_name=?
2025-06-29T13:51:53.603+03:00 DEBUG 15320 --- [marketplace] [main] org.hibernate.SQL                        : select r1_0.store_name,r1_0.user_id,r1_0.review,r1_0.score from store_ratings r1_0 where r1_0.store_name=?
2025-06-29T13:51:53.604+03:00 DEBUG 15320 --- [marketplace] [main] org.hibernate.SQL                        : select p1_0.store_name,p1_0.product_key,p1_0.product_id,a1_0.id,a1_0.end_time,a1_0.ended,hb1_0.id,hb1_0.amount,hb1_0.bidder_email,hb1_0.state,a1_0.starting_price,p1_0.minimum_quantity,p1_0.catalog_id,p1_0.description,p1_0.image_url,p1_0.name,p1_0.price,p1_0.quantity,r1_0.product_id,r1_0.user_id,r1_0.review,r1_0.score from shopping_product p1_0 left join auctions a1_0 on a1_0.id=p1_0.auction_id left join bids hb1_0 on hb1_0.id=a1_0.highest_bid_id left join product_ratings r1_0 on p1_0.product_id=r1_0.product_id where p1_0.store_name=?
2025-06-29T13:51:53.605+03:00 DEBUG 15320 --- [marketplace] [main] org.hibernate.SQL                        : select c1_0.product_id,c1_0.category from product_categories c1_0 where c1_0.product_id=?
2025-06-29T13:51:53.606+03:00 DEBUG 15320 --- [marketplace] [main] org.hibernate.SQL                        : select b1_0.product_id,b1_0.id,b1_0.amount,b1_0.bidder_email,b1_0.state from bids b1_0 where b1_0.product_id=?
2025-06-29T13:51:53.606+03:00 DEBUG 15320 --- [marketplace] [main] org.hibernate.SQL                        : select c1_0.product_id,c1_0.category from product_categories c1_0 where c1_0.product_id=?
2025-06-29T13:51:53.606+03:00 DEBUG 15320 --- [marketplace] [main] org.hibernate.SQL                        : select b1_0.product_id,b1_0.id,b1_0.amount,b1_0.bidder_email,b1_0.state from bids b1_0 where b1_0.product_id=?
2025-06-29T13:51:53.608+03:00 DEBUG 15320 --- [marketplace] [main] org.hibernate.SQL                        : select c1_0.product_id,c1_0.category from product_categories c1_0 where c1_0.product_id=?
2025-06-29T13:51:53.609+03:00 DEBUG 15320 --- [marketplace] [main] org.hibernate.SQL                        : select b1_0.product_id,b1_0.id,b1_0.amount,b1_0.bidder_email,b1_0.state from bids b1_0 where b1_0.product_id=?
2025-06-29T13:51:53.610+03:00 DEBUG 15320 --- [marketplace] [main] org.hibernate.SQL                        : select c1_0.product_id,c1_0.category from product_categories c1_0 where c1_0.product_id=?
2025-06-29T13:51:53.611+03:00 DEBUG 15320 --- [marketplace] [main] org.hibernate.SQL                        : select b1_0.product_id,b1_0.id,b1_0.amount,b1_0.bidder_email,b1_0.state from bids b1_0 where b1_0.product_id=?
2025-06-29T13:51:53.612+03:00 DEBUG 15320 --- [marketplace] [main] org.hibernate.SQL                        : select oa1_0.store_name,oa1_0.email,oa1_0.appointed_by from store_owners oa1_0 where oa1_0.store_name=?
2025-06-29T13:51:53.613+03:00 DEBUG 15320 --- [marketplace] [main] org.hibernate.SQL                        : select m1_0.store_name,m1_0.manager_email,m1_0.appointed_by,p1_0.manager_email,p1_0.permission from store_managers m1_0 left join manager_permissions p1_0 on m1_0.manager_email=p1_0.manager_email where m1_0.store_name=?
2025-06-29T13:51:53.614+03:00 DEBUG 15320 --- [marketplace] [main] org.hibernate.SQL                        : select s1_0.name,s1_0.balance,s1_0.description,s1_0.email,s1_0.in_store_product_id,s1_0.is_active,m1_0.store_name,m1_0.manager_email,m1_0.appointed_by,p1_0.manager_email,p1_0.permission,oa1_0.store_name,oa1_0.email,oa1_0.appointed_by,s1_0.discount_percentage,s1_0.duration_in_days,r1_0.store_name,r1_0.user_id,r1_0.review,r1_0.score from stores s1_0 left join store_managers m1_0 on s1_0.name=m1_0.store_name left join manager_permissions p1_0 on m1_0.manager_email=p1_0.manager_email left join store_owners oa1_0 on s1_0.name=oa1_0.store_name left join store_ratings r1_0 on s1_0.name=r1_0.store_name where s1_0.name=?
2025-06-29T13:51:53.617+03:00 DEBUG 15320 --- [marketplace] [main] org.hibernate.SQL                        : select ritr1_0.store_name,ritr1_0.review_id,ritr1_0.id,ritr1_0.rating,ritr1_0.review_text,ritr1_0.reviewer_id,ritr1_0.reviewer_name,ritr1_0.store_comment from review ritr1_0 where ritr1_0.store_name=?
2025-06-29T13:51:53.619+03:00 DEBUG 15320 --- [marketplace] [main] org.hibernate.SQL                        : select p1_0.store_name,p1_0.product_key,p1_0.product_id,a1_0.id,a1_0.end_time,a1_0.ended,hb1_0.id,hb1_0.amount,hb1_0.bidder_email,hb1_0.state,a1_0.starting_price,p1_0.minimum_quantity,p1_0.catalog_id,p1_0.description,p1_0.image_url,p1_0.name,p1_0.price,p1_0.quantity,r1_0.product_id,r1_0.user_id,r1_0.review,r1_0.score from shopping_product p1_0 left join auctions a1_0 on a1_0.id=p1_0.auction_id left join bids hb1_0 on hb1_0.id=a1_0.highest_bid_id left join product_ratings r1_0 on p1_0.product_id=r1_0.product_id where p1_0.store_name=?
2025-06-29T13:51:53.626+03:00 DEBUG 15320 --- [marketplace] [main] org.hibernate.SQL                        : select c1_0.product_id,c1_0.category from product_categories c1_0 where c1_0.product_id=?
2025-06-29T13:51:53.630+03:00 DEBUG 15320 --- [marketplace] [main] org.hibernate.SQL                        : select b1_0.product_id,b1_0.id,b1_0.amount,b1_0.bidder_email,b1_0.state from bids b1_0 where b1_0.product_id=?
2025-06-29T13:51:53.631+03:00 DEBUG 15320 --- [marketplace] [main] org.hibernate.SQL                        : select c1_0.product_id,c1_0.category from product_categories c1_0 where c1_0.product_id=?
2025-06-29T13:51:53.632+03:00 DEBUG 15320 --- [marketplace] [main] org.hibernate.SQL                        : select b1_0.product_id,b1_0.id,b1_0.amount,b1_0.bidder_email,b1_0.state from bids b1_0 where b1_0.product_id=?
2025-06-29T13:51:53.633+03:00 DEBUG 15320 --- [marketplace] [main] org.hibernate.SQL                        : select c1_0.product_id,c1_0.category from product_categories c1_0 where c1_0.product_id=?
2025-06-29T13:51:53.634+03:00 DEBUG 15320 --- [marketplace] [main] org.hibernate.SQL                        : select b1_0.product_id,b1_0.id,b1_0.amount,b1_0.bidder_email,b1_0.state from bids b1_0 where b1_0.product_id=?
2025-06-29T13:51:53.635+03:00 DEBUG 15320 --- [marketplace] [main] org.hibernate.SQL                        : select c1_0.product_id,c1_0.category from product_categories c1_0 where c1_0.product_id=?
2025-06-29T13:51:53.636+03:00 DEBUG 15320 --- [marketplace] [main] org.hibernate.SQL                        : select b1_0.product_id,b1_0.id,b1_0.amount,b1_0.bidder_email,b1_0.state from bids b1_0 where b1_0.product_id=?
2025-06-29T13:51:53.639+03:00 DEBUG 15320 --- [marketplace] [main] org.hibernate.SQL                        : insert into store_ratings (store_name,user_id,review,score) values (?,?,?,?)
2025-06-29T13:51:53.644+03:00 DEBUG 15320 --- [marketplace] [main] org.hibernate.SQL                        : select s1_0.name,s1_0.balance,s1_0.description,s1_0.email,s1_0.in_store_product_id,s1_0.is_active,s1_0.discount_percentage,s1_0.duration_in_days from stores s1_0 where s1_0.name=?
2025-06-29T13:51:53.647+03:00 DEBUG 15320 --- [marketplace] [main] org.hibernate.SQL                        : select ritr1_0.store_name,ritr1_0.review_id,ritr1_0.id,ritr1_0.rating,ritr1_0.review_text,ritr1_0.reviewer_id,ritr1_0.reviewer_name,ritr1_0.store_comment from review ritr1_0 where ritr1_0.store_name=?
2025-06-29T13:51:53.648+03:00 DEBUG 15320 --- [marketplace] [main] org.hibernate.SQL                        : select r1_0.store_name,r1_0.user_id,r1_0.review,r1_0.score from store_ratings r1_0 where r1_0.store_name=?
2025-06-29T13:51:53.649+03:00 DEBUG 15320 --- [marketplace] [main] org.hibernate.SQL                        : select p1_0.store_name,p1_0.product_key,p1_0.product_id,a1_0.id,a1_0.end_time,a1_0.ended,hb1_0.id,hb1_0.amount,hb1_0.bidder_email,hb1_0.state,a1_0.starting_price,p1_0.minimum_quantity,p1_0.catalog_id,p1_0.description,p1_0.image_url,p1_0.name,p1_0.price,p1_0.quantity,r1_0.product_id,r1_0.user_id,r1_0.review,r1_0.score from shopping_product p1_0 left join auctions a1_0 on a1_0.id=p1_0.auction_id left join bids hb1_0 on hb1_0.id=a1_0.highest_bid_id left join product_ratings r1_0 on p1_0.product_id=r1_0.product_id where p1_0.store_name=?
2025-06-29T13:51:53.651+03:00 DEBUG 15320 --- [marketplace] [main] org.hibernate.SQL                        : select c1_0.product_id,c1_0.category from product_categories c1_0 where c1_0.product_id=?
2025-06-29T13:51:53.653+03:00 DEBUG 15320 --- [marketplace] [main] org.hibernate.SQL                        : select b1_0.product_id,b1_0.id,b1_0.amount,b1_0.bidder_email,b1_0.state from bids b1_0 where b1_0.product_id=?
2025-06-29T13:51:53.654+03:00 DEBUG 15320 --- [marketplace] [main] org.hibernate.SQL                        : select c1_0.product_id,c1_0.category from product_categories c1_0 where c1_0.product_id=?
2025-06-29T13:51:53.657+03:00 DEBUG 15320 --- [marketplace] [main] org.hibernate.SQL                        : select b1_0.product_id,b1_0.id,b1_0.amount,b1_0.bidder_email,b1_0.state from bids b1_0 where b1_0.product_id=?
2025-06-29T13:51:53.659+03:00 DEBUG 15320 --- [marketplace] [main] org.hibernate.SQL                        : select c1_0.product_id,c1_0.category from product_categories c1_0 where c1_0.product_id=?
2025-06-29T13:51:53.660+03:00 DEBUG 15320 --- [marketplace] [main] org.hibernate.SQL                        : select b1_0.product_id,b1_0.id,b1_0.amount,b1_0.bidder_email,b1_0.state from bids b1_0 where b1_0.product_id=?
2025-06-29T13:51:53.661+03:00 DEBUG 15320 --- [marketplace] [main] org.hibernate.SQL                        : select c1_0.product_id,c1_0.category from product_categories c1_0 where c1_0.product_id=?
2025-06-29T13:51:53.661+03:00 DEBUG 15320 --- [marketplace] [main] org.hibernate.SQL                        : select b1_0.product_id,b1_0.id,b1_0.amount,b1_0.bidder_email,b1_0.state from bids b1_0 where b1_0.product_id=?
2025-06-29T13:51:53.662+03:00 DEBUG 15320 --- [marketplace] [main] org.hibernate.SQL                        : select oa1_0.store_name,oa1_0.email,oa1_0.appointed_by from store_owners oa1_0 where oa1_0.store_name=?
2025-06-29T13:51:53.663+03:00 DEBUG 15320 --- [marketplace] [main] org.hibernate.SQL                        : select m1_0.store_name,m1_0.manager_email,m1_0.appointed_by,p1_0.manager_email,p1_0.permission from store_managers m1_0 left join manager_permissions p1_0 on m1_0.manager_email=p1_0.manager_email where m1_0.store_name=?
2025-06-29T13:51:53.665+03:00 DEBUG 15320 --- [marketplace] [main] org.hibernate.SQL                        : select s1_0.name,s1_0.balance,s1_0.description,s1_0.email,s1_0.in_store_product_id,s1_0.is_active,m1_0.store_name,m1_0.manager_email,m1_0.appointed_by,p1_0.manager_email,p1_0.permission,oa1_0.store_name,oa1_0.email,oa1_0.appointed_by,s1_0.discount_percentage,s1_0.duration_in_days,r1_0.store_name,r1_0.user_id,r1_0.review,r1_0.score from stores s1_0 left join store_managers m1_0 on s1_0.name=m1_0.store_name left join manager_permissions p1_0 on m1_0.manager_email=p1_0.manager_email left join store_owners oa1_0 on s1_0.name=oa1_0.store_name left join store_ratings r1_0 on s1_0.name=r1_0.store_name where s1_0.name=?
2025-06-29T13:51:53.667+03:00 DEBUG 15320 --- [marketplace] [main] org.hibernate.SQL                        : select ritr1_0.store_name,ritr1_0.review_id,ritr1_0.id,ritr1_0.rating,ritr1_0.review_text,ritr1_0.reviewer_id,ritr1_0.reviewer_name,ritr1_0.store_comment from review ritr1_0 where ritr1_0.store_name=?
2025-06-29T13:51:53.668+03:00 DEBUG 15320 --- [marketplace] [main] org.hibernate.SQL                        : select p1_0.store_name,p1_0.product_key,p1_0.product_id,a1_0.id,a1_0.end_time,a1_0.ended,hb1_0.id,hb1_0.amount,hb1_0.bidder_email,hb1_0.state,a1_0.starting_price,p1_0.minimum_quantity,p1_0.catalog_id,p1_0.description,p1_0.image_url,p1_0.name,p1_0.price,p1_0.quantity,r1_0.product_id,r1_0.user_id,r1_0.review,r1_0.score from shopping_product p1_0 left join auctions a1_0 on a1_0.id=p1_0.auction_id left join bids hb1_0 on hb1_0.id=a1_0.highest_bid_id left join product_ratings r1_0 on p1_0.product_id=r1_0.product_id where p1_0.store_name=?
2025-06-29T13:51:53.669+03:00 DEBUG 15320 --- [marketplace] [main] org.hibernate.SQL                        : select c1_0.product_id,c1_0.category from product_categories c1_0 where c1_0.product_id=?
2025-06-29T13:51:53.669+03:00 DEBUG 15320 --- [marketplace] [main] org.hibernate.SQL                        : select b1_0.product_id,b1_0.id,b1_0.amount,b1_0.bidder_email,b1_0.state from bids b1_0 where b1_0.product_id=?
2025-06-29T13:51:53.670+03:00 DEBUG 15320 --- [marketplace] [main] org.hibernate.SQL                        : select c1_0.product_id,c1_0.category from product_categories c1_0 where c1_0.product_id=?
2025-06-29T13:51:53.670+03:00 DEBUG 15320 --- [marketplace] [main] org.hibernate.SQL                        : select b1_0.product_id,b1_0.id,b1_0.amount,b1_0.bidder_email,b1_0.state from bids b1_0 where b1_0.product_id=?
2025-06-29T13:51:53.670+03:00 DEBUG 15320 --- [marketplace] [main] org.hibernate.SQL                        : select c1_0.product_id,c1_0.category from product_categories c1_0 where c1_0.product_id=?
2025-06-29T13:51:53.670+03:00 DEBUG 15320 --- [marketplace] [main] org.hibernate.SQL                        : select b1_0.product_id,b1_0.id,b1_0.amount,b1_0.bidder_email,b1_0.state from bids b1_0 where b1_0.product_id=?
2025-06-29T13:51:53.670+03:00 DEBUG 15320 --- [marketplace] [main] org.hibernate.SQL                        : select c1_0.product_id,c1_0.category from product_categories c1_0 where c1_0.product_id=?
2025-06-29T13:51:53.671+03:00 DEBUG 15320 --- [marketplace] [main] org.hibernate.SQL                        : select b1_0.product_id,b1_0.id,b1_0.amount,b1_0.bidder_email,b1_0.state from bids b1_0 where b1_0.product_id=?
2025-06-29T13:51:53.673+03:00 DEBUG 15320 --- [marketplace] [main] org.hibernate.SQL                        : insert into store_ratings (store_name,user_id,review,score) values (?,?,?,?)
2025-06-29T13:51:53.677+03:00 DEBUG 15320 --- [marketplace] [main] org.hibernate.SQL                        : select s1_0.name,s1_0.balance,s1_0.description,s1_0.email,s1_0.in_store_product_id,s1_0.is_active,s1_0.discount_percentage,s1_0.duration_in_days from stores s1_0 where s1_0.name=?
2025-06-29T13:51:53.678+03:00 DEBUG 15320 --- [marketplace] [main] org.hibernate.SQL                        : select ritr1_0.store_name,ritr1_0.review_id,ritr1_0.id,ritr1_0.rating,ritr1_0.review_text,ritr1_0.reviewer_id,ritr1_0.reviewer_name,ritr1_0.store_comment from review ritr1_0 where ritr1_0.store_name=?
2025-06-29T13:51:53.679+03:00 DEBUG 15320 --- [marketplace] [main] org.hibernate.SQL                        : select r1_0.store_name,r1_0.user_id,r1_0.review,r1_0.score from store_ratings r1_0 where r1_0.store_name=?
2025-06-29T13:51:53.679+03:00 DEBUG 15320 --- [marketplace] [main] org.hibernate.SQL                        : select p1_0.store_name,p1_0.product_key,p1_0.product_id,a1_0.id,a1_0.end_time,a1_0.ended,hb1_0.id,hb1_0.amount,hb1_0.bidder_email,hb1_0.state,a1_0.starting_price,p1_0.minimum_quantity,p1_0.catalog_id,p1_0.description,p1_0.image_url,p1_0.name,p1_0.price,p1_0.quantity,r1_0.product_id,r1_0.user_id,r1_0.review,r1_0.score from shopping_product p1_0 left join auctions a1_0 on a1_0.id=p1_0.auction_id left join bids hb1_0 on hb1_0.id=a1_0.highest_bid_id left join product_ratings r1_0 on p1_0.product_id=r1_0.product_id where p1_0.store_name=?
2025-06-29T13:51:53.681+03:00 DEBUG 15320 --- [marketplace] [main] org.hibernate.SQL                        : select c1_0.product_id,c1_0.category from product_categories c1_0 where c1_0.product_id=?
2025-06-29T13:51:53.683+03:00 DEBUG 15320 --- [marketplace] [main] org.hibernate.SQL                        : select b1_0.product_id,b1_0.id,b1_0.amount,b1_0.bidder_email,b1_0.state from bids b1_0 where b1_0.product_id=?
2025-06-29T13:51:53.683+03:00 DEBUG 15320 --- [marketplace] [main] org.hibernate.SQL                        : select c1_0.product_id,c1_0.category from product_categories c1_0 where c1_0.product_id=?
2025-06-29T13:51:53.683+03:00 DEBUG 15320 --- [marketplace] [main] org.hibernate.SQL                        : select b1_0.product_id,b1_0.id,b1_0.amount,b1_0.bidder_email,b1_0.state from bids b1_0 where b1_0.product_id=?
2025-06-29T13:51:53.684+03:00 DEBUG 15320 --- [marketplace] [main] org.hibernate.SQL                        : select c1_0.product_id,c1_0.category from product_categories c1_0 where c1_0.product_id=?
2025-06-29T13:51:53.684+03:00 DEBUG 15320 --- [marketplace] [main] org.hibernate.SQL                        : select b1_0.product_id,b1_0.id,b1_0.amount,b1_0.bidder_email,b1_0.state from bids b1_0 where b1_0.product_id=?
2025-06-29T13:51:53.684+03:00 DEBUG 15320 --- [marketplace] [main] org.hibernate.SQL                        : select c1_0.product_id,c1_0.category from product_categories c1_0 where c1_0.product_id=?
2025-06-29T13:51:53.685+03:00 DEBUG 15320 --- [marketplace] [main] org.hibernate.SQL                        : select b1_0.product_id,b1_0.id,b1_0.amount,b1_0.bidder_email,b1_0.state from bids b1_0 where b1_0.product_id=?
2025-06-29T13:51:53.685+03:00 DEBUG 15320 --- [marketplace] [main] org.hibernate.SQL                        : select c1_0.product_id,c1_0.category from product_categories c1_0 where c1_0.product_id=?
2025-06-29T13:51:53.685+03:00 DEBUG 15320 --- [marketplace] [main] org.hibernate.SQL                        : select b1_0.product_id,b1_0.id,b1_0.amount,b1_0.bidder_email,b1_0.state from bids b1_0 where b1_0.product_id=?
2025-06-29T13:51:53.686+03:00 DEBUG 15320 --- [marketplace] [main] org.hibernate.SQL                        : select oa1_0.store_name,oa1_0.email,oa1_0.appointed_by from store_owners oa1_0 where oa1_0.store_name=?
2025-06-29T13:51:53.686+03:00 DEBUG 15320 --- [marketplace] [main] org.hibernate.SQL                        : select m1_0.store_name,m1_0.manager_email,m1_0.appointed_by,p1_0.manager_email,p1_0.permission from store_managers m1_0 left join manager_permissions p1_0 on m1_0.manager_email=p1_0.manager_email where m1_0.store_name=?
2025-06-29T13:51:53.690+03:00 DEBUG 15320 --- [marketplace] [main] org.hibernate.SQL                        : select s1_0.name,s1_0.balance,s1_0.description,s1_0.email,s1_0.in_store_product_id,s1_0.is_active,m1_0.store_name,m1_0.manager_email,m1_0.appointed_by,p1_0.manager_email,p1_0.permission,oa1_0.store_name,oa1_0.email,oa1_0.appointed_by,s1_0.discount_percentage,s1_0.duration_in_days,r1_0.store_name,r1_0.user_id,r1_0.review,r1_0.score from stores s1_0 left join store_managers m1_0 on s1_0.name=m1_0.store_name left join manager_permissions p1_0 on m1_0.manager_email=p1_0.manager_email left join store_owners oa1_0 on s1_0.name=oa1_0.store_name left join store_ratings r1_0 on s1_0.name=r1_0.store_name where s1_0.name=?
2025-06-29T13:51:53.695+03:00 DEBUG 15320 --- [marketplace] [main] org.hibernate.SQL                        : select ritr1_0.store_name,ritr1_0.review_id,ritr1_0.id,ritr1_0.rating,ritr1_0.review_text,ritr1_0.reviewer_id,ritr1_0.reviewer_name,ritr1_0.store_comment from review ritr1_0 where ritr1_0.store_name=?
2025-06-29T13:51:53.696+03:00 DEBUG 15320 --- [marketplace] [main] org.hibernate.SQL                        : select p1_0.store_name,p1_0.product_key,p1_0.product_id,a1_0.id,a1_0.end_time,a1_0.ended,hb1_0.id,hb1_0.amount,hb1_0.bidder_email,hb1_0.state,a1_0.starting_price,p1_0.minimum_quantity,p1_0.catalog_id,p1_0.description,p1_0.image_url,p1_0.name,p1_0.price,p1_0.quantity,r1_0.product_id,r1_0.user_id,r1_0.review,r1_0.score from shopping_product p1_0 left join auctions a1_0 on a1_0.id=p1_0.auction_id left join bids hb1_0 on hb1_0.id=a1_0.highest_bid_id left join product_ratings r1_0 on p1_0.product_id=r1_0.product_id where p1_0.store_name=?
2025-06-29T13:51:53.698+03:00 DEBUG 15320 --- [marketplace] [main] org.hibernate.SQL                        : select c1_0.product_id,c1_0.category from product_categories c1_0 where c1_0.product_id=?
2025-06-29T13:51:53.698+03:00 DEBUG 15320 --- [marketplace] [main] org.hibernate.SQL                        : select b1_0.product_id,b1_0.id,b1_0.amount,b1_0.bidder_email,b1_0.state from bids b1_0 where b1_0.product_id=?
2025-06-29T13:51:53.699+03:00 DEBUG 15320 --- [marketplace] [main] org.hibernate.SQL                        : select c1_0.product_id,c1_0.category from product_categories c1_0 where c1_0.product_id=?
2025-06-29T13:51:53.699+03:00 DEBUG 15320 --- [marketplace] [main] org.hibernate.SQL                        : select b1_0.product_id,b1_0.id,b1_0.amount,b1_0.bidder_email,b1_0.state from bids b1_0 where b1_0.product_id=?
2025-06-29T13:51:53.700+03:00 DEBUG 15320 --- [marketplace] [main] org.hibernate.SQL                        : select c1_0.product_id,c1_0.category from product_categories c1_0 where c1_0.product_id=?
2025-06-29T13:51:53.700+03:00 DEBUG 15320 --- [marketplace] [main] org.hibernate.SQL                        : select b1_0.product_id,b1_0.id,b1_0.amount,b1_0.bidder_email,b1_0.state from bids b1_0 where b1_0.product_id=?
2025-06-29T13:51:53.701+03:00 DEBUG 15320 --- [marketplace] [main] org.hibernate.SQL                        : select c1_0.product_id,c1_0.category from product_categories c1_0 where c1_0.product_id=?
2025-06-29T13:51:53.701+03:00 DEBUG 15320 --- [marketplace] [main] org.hibernate.SQL                        : select b1_0.product_id,b1_0.id,b1_0.amount,b1_0.bidder_email,b1_0.state from bids b1_0 where b1_0.product_id=?
2025-06-29T13:51:53.701+03:00 DEBUG 15320 --- [marketplace] [main] org.hibernate.SQL                        : select c1_0.product_id,c1_0.category from product_categories c1_0 where c1_0.product_id=?
2025-06-29T13:51:53.701+03:00 DEBUG 15320 --- [marketplace] [main] org.hibernate.SQL                        : select b1_0.product_id,b1_0.id,b1_0.amount,b1_0.bidder_email,b1_0.state from bids b1_0 where b1_0.product_id=?
2025-06-29T13:51:53.704+03:00 DEBUG 15320 --- [marketplace] [main] org.hibernate.SQL                        : insert into store_ratings (store_name,user_id,review,score) values (?,?,?,?)
2025-06-29T13:51:53.708+03:00 DEBUG 15320 --- [marketplace] [main] org.hibernate.SQL                        : select s1_0.name,s1_0.balance,s1_0.description,s1_0.email,s1_0.in_store_product_id,s1_0.is_active,s1_0.discount_percentage,s1_0.duration_in_days from stores s1_0 where s1_0.name=?
2025-06-29T13:51:53.710+03:00 DEBUG 15320 --- [marketplace] [main] org.hibernate.SQL                        : select ritr1_0.store_name,ritr1_0.review_id,ritr1_0.id,ritr1_0.rating,ritr1_0.review_text,ritr1_0.reviewer_id,ritr1_0.reviewer_name,ritr1_0.store_comment from review ritr1_0 where ritr1_0.store_name=?
2025-06-29T13:51:53.710+03:00 DEBUG 15320 --- [marketplace] [main] org.hibernate.SQL                        : select r1_0.store_name,r1_0.user_id,r1_0.review,r1_0.score from store_ratings r1_0 where r1_0.store_name=?
2025-06-29T13:51:53.711+03:00 DEBUG 15320 --- [marketplace] [main] org.hibernate.SQL                        : select p1_0.store_name,p1_0.product_key,p1_0.product_id,a1_0.id,a1_0.end_time,a1_0.ended,hb1_0.id,hb1_0.amount,hb1_0.bidder_email,hb1_0.state,a1_0.starting_price,p1_0.minimum_quantity,p1_0.catalog_id,p1_0.description,p1_0.image_url,p1_0.name,p1_0.price,p1_0.quantity,r1_0.product_id,r1_0.user_id,r1_0.review,r1_0.score from shopping_product p1_0 left join auctions a1_0 on a1_0.id=p1_0.auction_id left join bids hb1_0 on hb1_0.id=a1_0.highest_bid_id left join product_ratings r1_0 on p1_0.product_id=r1_0.product_id where p1_0.store_name=?
2025-06-29T13:51:53.713+03:00 DEBUG 15320 --- [marketplace] [main] org.hibernate.SQL                        : select c1_0.product_id,c1_0.category from product_categories c1_0 where c1_0.product_id=?
2025-06-29T13:51:53.713+03:00 DEBUG 15320 --- [marketplace] [main] org.hibernate.SQL                        : select b1_0.product_id,b1_0.id,b1_0.amount,b1_0.bidder_email,b1_0.state from bids b1_0 where b1_0.product_id=?
2025-06-29T13:51:53.713+03:00 DEBUG 15320 --- [marketplace] [main] org.hibernate.SQL                        : select c1_0.product_id,c1_0.category from product_categories c1_0 where c1_0.product_id=?
2025-06-29T13:51:53.715+03:00 DEBUG 15320 --- [marketplace] [main] org.hibernate.SQL                        : select b1_0.product_id,b1_0.id,b1_0.amount,b1_0.bidder_email,b1_0.state from bids b1_0 where b1_0.product_id=?
2025-06-29T13:51:53.715+03:00 DEBUG 15320 --- [marketplace] [main] org.hibernate.SQL                        : select c1_0.product_id,c1_0.category from product_categories c1_0 where c1_0.product_id=?
2025-06-29T13:51:53.715+03:00 DEBUG 15320 --- [marketplace] [main] org.hibernate.SQL                        : select b1_0.product_id,b1_0.id,b1_0.amount,b1_0.bidder_email,b1_0.state from bids b1_0 where b1_0.product_id=?
2025-06-29T13:51:53.716+03:00 DEBUG 15320 --- [marketplace] [main] org.hibernate.SQL                        : select c1_0.product_id,c1_0.category from product_categories c1_0 where c1_0.product_id=?
2025-06-29T13:51:53.716+03:00 DEBUG 15320 --- [marketplace] [main] org.hibernate.SQL                        : select b1_0.product_id,b1_0.id,b1_0.amount,b1_0.bidder_email,b1_0.state from bids b1_0 where b1_0.product_id=?
2025-06-29T13:51:53.717+03:00 DEBUG 15320 --- [marketplace] [main] org.hibernate.SQL                        : select c1_0.product_id,c1_0.category from product_categories c1_0 where c1_0.product_id=?
2025-06-29T13:51:53.718+03:00 DEBUG 15320 --- [marketplace] [main] org.hibernate.SQL                        : select b1_0.product_id,b1_0.id,b1_0.amount,b1_0.bidder_email,b1_0.state from bids b1_0 where b1_0.product_id=?
2025-06-29T13:51:53.718+03:00 DEBUG 15320 --- [marketplace] [main] org.hibernate.SQL                        : select oa1_0.store_name,oa1_0.email,oa1_0.appointed_by from store_owners oa1_0 where oa1_0.store_name=?
2025-06-29T13:51:53.720+03:00 DEBUG 15320 --- [marketplace] [main] org.hibernate.SQL                        : select m1_0.store_name,m1_0.manager_email,m1_0.appointed_by,p1_0.manager_email,p1_0.permission from store_managers m1_0 left join manager_permissions p1_0 on m1_0.manager_email=p1_0.manager_email where m1_0.store_name=?
2025-06-29T13:51:53.723+03:00 DEBUG 15320 --- [marketplace] [main] org.hibernate.SQL                        : select s1_0.name,s1_0.balance,s1_0.description,s1_0.email,s1_0.in_store_product_id,s1_0.is_active,m1_0.store_name,m1_0.manager_email,m1_0.appointed_by,p1_0.manager_email,p1_0.permission,oa1_0.store_name,oa1_0.email,oa1_0.appointed_by,s1_0.discount_percentage,s1_0.duration_in_days,r1_0.store_name,r1_0.user_id,r1_0.review,r1_0.score from stores s1_0 left join store_managers m1_0 on s1_0.name=m1_0.store_name left join manager_permissions p1_0 on m1_0.manager_email=p1_0.manager_email left join store_owners oa1_0 on s1_0.name=oa1_0.store_name left join store_ratings r1_0 on s1_0.name=r1_0.store_name where s1_0.name=?
2025-06-29T13:51:53.728+03:00 DEBUG 15320 --- [marketplace] [main] org.hibernate.SQL                        : select ritr1_0.store_name,ritr1_0.review_id,ritr1_0.id,ritr1_0.rating,ritr1_0.review_text,ritr1_0.reviewer_id,ritr1_0.reviewer_name,ritr1_0.store_comment from review ritr1_0 where ritr1_0.store_name=?
2025-06-29T13:51:53.729+03:00 DEBUG 15320 --- [marketplace] [main] org.hibernate.SQL                        : select p1_0.store_name,p1_0.product_key,p1_0.product_id,a1_0.id,a1_0.end_time,a1_0.ended,hb1_0.id,hb1_0.amount,hb1_0.bidder_email,hb1_0.state,a1_0.starting_price,p1_0.minimum_quantity,p1_0.catalog_id,p1_0.description,p1_0.image_url,p1_0.name,p1_0.price,p1_0.quantity,r1_0.product_id,r1_0.user_id,r1_0.review,r1_0.score from shopping_product p1_0 left join auctions a1_0 on a1_0.id=p1_0.auction_id left join bids hb1_0 on hb1_0.id=a1_0.highest_bid_id left join product_ratings r1_0 on p1_0.product_id=r1_0.product_id where p1_0.store_name=?
2025-06-29T13:51:53.731+03:00 DEBUG 15320 --- [marketplace] [main] org.hibernate.SQL                        : select c1_0.product_id,c1_0.category from product_categories c1_0 where c1_0.product_id=?
2025-06-29T13:51:53.731+03:00 DEBUG 15320 --- [marketplace] [main] org.hibernate.SQL                        : select b1_0.product_id,b1_0.id,b1_0.amount,b1_0.bidder_email,b1_0.state from bids b1_0 where b1_0.product_id=?
2025-06-29T13:51:53.731+03:00 DEBUG 15320 --- [marketplace] [main] org.hibernate.SQL                        : select c1_0.product_id,c1_0.category from product_categories c1_0 where c1_0.product_id=?
2025-06-29T13:51:53.732+03:00 DEBUG 15320 --- [marketplace] [main] org.hibernate.SQL                        : select b1_0.product_id,b1_0.id,b1_0.amount,b1_0.bidder_email,b1_0.state from bids b1_0 where b1_0.product_id=?
2025-06-29T13:51:53.732+03:00 DEBUG 15320 --- [marketplace] [main] org.hibernate.SQL                        : select c1_0.product_id,c1_0.category from product_categories c1_0 where c1_0.product_id=?
2025-06-29T13:51:53.732+03:00 DEBUG 15320 --- [marketplace] [main] org.hibernate.SQL                        : select b1_0.product_id,b1_0.id,b1_0.amount,b1_0.bidder_email,b1_0.state from bids b1_0 where b1_0.product_id=?
2025-06-29T13:51:53.733+03:00 DEBUG 15320 --- [marketplace] [main] org.hibernate.SQL                        : select c1_0.product_id,c1_0.category from product_categories c1_0 where c1_0.product_id=?
2025-06-29T13:51:53.733+03:00 DEBUG 15320 --- [marketplace] [main] org.hibernate.SQL                        : select b1_0.product_id,b1_0.id,b1_0.amount,b1_0.bidder_email,b1_0.state from bids b1_0 where b1_0.product_id=?
2025-06-29T13:51:53.733+03:00 DEBUG 15320 --- [marketplace] [main] org.hibernate.SQL                        : select c1_0.product_id,c1_0.category from product_categories c1_0 where c1_0.product_id=?
2025-06-29T13:51:53.733+03:00 DEBUG 15320 --- [marketplace] [main] org.hibernate.SQL                        : select b1_0.product_id,b1_0.id,b1_0.amount,b1_0.bidder_email,b1_0.state from bids b1_0 where b1_0.product_id=?
2025-06-29T13:51:53.736+03:00 DEBUG 15320 --- [marketplace] [main] org.hibernate.SQL                        : insert into store_ratings (store_name,user_id,review,score) values (?,?,?,?)
2025-06-29T13:51:53.740+03:00 DEBUG 15320 --- [marketplace] [main] org.hibernate.SQL                        : select s1_0.name,s1_0.balance,s1_0.description,s1_0.email,s1_0.in_store_product_id,s1_0.is_active,s1_0.discount_percentage,s1_0.duration_in_days from stores s1_0 where s1_0.name=?
2025-06-29T13:51:53.742+03:00 DEBUG 15320 --- [marketplace] [main] org.hibernate.SQL                        : select ritr1_0.store_name,ritr1_0.review_id,ritr1_0.id,ritr1_0.rating,ritr1_0.review_text,ritr1_0.reviewer_id,ritr1_0.reviewer_name,ritr1_0.store_comment from review ritr1_0 where ritr1_0.store_name=?
2025-06-29T13:51:53.742+03:00 DEBUG 15320 --- [marketplace] [main] org.hibernate.SQL                        : select r1_0.store_name,r1_0.user_id,r1_0.review,r1_0.score from store_ratings r1_0 where r1_0.store_name=?
2025-06-29T13:51:53.743+03:00 DEBUG 15320 --- [marketplace] [main] org.hibernate.SQL                        : select p1_0.store_name,p1_0.product_key,p1_0.product_id,a1_0.id,a1_0.end_time,a1_0.ended,hb1_0.id,hb1_0.amount,hb1_0.bidder_email,hb1_0.state,a1_0.starting_price,p1_0.minimum_quantity,p1_0.catalog_id,p1_0.description,p1_0.image_url,p1_0.name,p1_0.price,p1_0.quantity,r1_0.product_id,r1_0.user_id,r1_0.review,r1_0.score from shopping_product p1_0 left join auctions a1_0 on a1_0.id=p1_0.auction_id left join bids hb1_0 on hb1_0.id=a1_0.highest_bid_id left join product_ratings r1_0 on p1_0.product_id=r1_0.product_id where p1_0.store_name=?
2025-06-29T13:51:53.744+03:00 DEBUG 15320 --- [marketplace] [main] org.hibernate.SQL                        : select c1_0.product_id,c1_0.category from product_categories c1_0 where c1_0.product_id=?
2025-06-29T13:51:53.744+03:00 DEBUG 15320 --- [marketplace] [main] org.hibernate.SQL                        : select b1_0.product_id,b1_0.id,b1_0.amount,b1_0.bidder_email,b1_0.state from bids b1_0 where b1_0.product_id=?
2025-06-29T13:51:53.744+03:00 DEBUG 15320 --- [marketplace] [main] org.hibernate.SQL                        : select c1_0.product_id,c1_0.category from product_categories c1_0 where c1_0.product_id=?
2025-06-29T13:51:53.744+03:00 DEBUG 15320 --- [marketplace] [main] org.hibernate.SQL                        : select b1_0.product_id,b1_0.id,b1_0.amount,b1_0.bidder_email,b1_0.state from bids b1_0 where b1_0.product_id=?
2025-06-29T13:51:53.745+03:00 DEBUG 15320 --- [marketplace] [main] org.hibernate.SQL                        : select c1_0.product_id,c1_0.category from product_categories c1_0 where c1_0.product_id=?
2025-06-29T13:51:53.745+03:00 DEBUG 15320 --- [marketplace] [main] org.hibernate.SQL                        : select b1_0.product_id,b1_0.id,b1_0.amount,b1_0.bidder_email,b1_0.state from bids b1_0 where b1_0.product_id=?
2025-06-29T13:51:53.745+03:00 DEBUG 15320 --- [marketplace] [main] org.hibernate.SQL                        : select c1_0.product_id,c1_0.category from product_categories c1_0 where c1_0.product_id=?
2025-06-29T13:51:53.746+03:00 DEBUG 15320 --- [marketplace] [main] org.hibernate.SQL                        : select b1_0.product_id,b1_0.id,b1_0.amount,b1_0.bidder_email,b1_0.state from bids b1_0 where b1_0.product_id=?
2025-06-29T13:51:53.746+03:00 DEBUG 15320 --- [marketplace] [main] org.hibernate.SQL                        : select c1_0.product_id,c1_0.category from product_categories c1_0 where c1_0.product_id=?
2025-06-29T13:51:53.746+03:00 DEBUG 15320 --- [marketplace] [main] org.hibernate.SQL                        : select b1_0.product_id,b1_0.id,b1_0.amount,b1_0.bidder_email,b1_0.state from bids b1_0 where b1_0.product_id=?
2025-06-29T13:51:53.747+03:00 DEBUG 15320 --- [marketplace] [main] org.hibernate.SQL                        : select oa1_0.store_name,oa1_0.email,oa1_0.appointed_by from store_owners oa1_0 where oa1_0.store_name=?
2025-06-29T13:51:53.749+03:00 DEBUG 15320 --- [marketplace] [main] org.hibernate.SQL                        : select m1_0.store_name,m1_0.manager_email,m1_0.appointed_by,p1_0.manager_email,p1_0.permission from store_managers m1_0 left join manager_permissions p1_0 on m1_0.manager_email=p1_0.manager_email where m1_0.store_name=?
2025-06-29T13:51:53.752+03:00 DEBUG 15320 --- [marketplace] [main] org.hibernate.SQL                        : select s1_0.name,s1_0.balance,s1_0.description,s1_0.email,s1_0.in_store_product_id,s1_0.is_active,m1_0.store_name,m1_0.manager_email,m1_0.appointed_by,p1_0.manager_email,p1_0.permission,oa1_0.store_name,oa1_0.email,oa1_0.appointed_by,s1_0.discount_percentage,s1_0.duration_in_days,r1_0.store_name,r1_0.user_id,r1_0.review,r1_0.score from stores s1_0 left join store_managers m1_0 on s1_0.name=m1_0.store_name left join manager_permissions p1_0 on m1_0.manager_email=p1_0.manager_email left join store_owners oa1_0 on s1_0.name=oa1_0.store_name left join store_ratings r1_0 on s1_0.name=r1_0.store_name where s1_0.name=?
2025-06-29T13:51:53.755+03:00 DEBUG 15320 --- [marketplace] [main] org.hibernate.SQL                        : select ritr1_0.store_name,ritr1_0.review_id,ritr1_0.id,ritr1_0.rating,ritr1_0.review_text,ritr1_0.reviewer_id,ritr1_0.reviewer_name,ritr1_0.store_comment from review ritr1_0 where ritr1_0.store_name=?
2025-06-29T13:51:53.756+03:00 DEBUG 15320 --- [marketplace] [main] org.hibernate.SQL                        : select p1_0.store_name,p1_0.product_key,p1_0.product_id,a1_0.id,a1_0.end_time,a1_0.ended,hb1_0.id,hb1_0.amount,hb1_0.bidder_email,hb1_0.state,a1_0.starting_price,p1_0.minimum_quantity,p1_0.catalog_id,p1_0.description,p1_0.image_url,p1_0.name,p1_0.price,p1_0.quantity,r1_0.product_id,r1_0.user_id,r1_0.review,r1_0.score from shopping_product p1_0 left join auctions a1_0 on a1_0.id=p1_0.auction_id left join bids hb1_0 on hb1_0.id=a1_0.highest_bid_id left join product_ratings r1_0 on p1_0.product_id=r1_0.product_id where p1_0.store_name=?
2025-06-29T13:51:53.762+03:00 DEBUG 15320 --- [marketplace] [main] org.hibernate.SQL                        : select c1_0.product_id,c1_0.category from product_categories c1_0 where c1_0.product_id=?
2025-06-29T13:51:53.762+03:00 DEBUG 15320 --- [marketplace] [main] org.hibernate.SQL                        : select b1_0.product_id,b1_0.id,b1_0.amount,b1_0.bidder_email,b1_0.state from bids b1_0 where b1_0.product_id=?
2025-06-29T13:51:53.763+03:00 DEBUG 15320 --- [marketplace] [main] org.hibernate.SQL                        : select c1_0.product_id,c1_0.category from product_categories c1_0 where c1_0.product_id=?
2025-06-29T13:51:53.763+03:00 DEBUG 15320 --- [marketplace] [main] org.hibernate.SQL                        : select b1_0.product_id,b1_0.id,b1_0.amount,b1_0.bidder_email,b1_0.state from bids b1_0 where b1_0.product_id=?
2025-06-29T13:51:53.764+03:00 DEBUG 15320 --- [marketplace] [main] org.hibernate.SQL                        : select c1_0.product_id,c1_0.category from product_categories c1_0 where c1_0.product_id=?
2025-06-29T13:51:53.764+03:00 DEBUG 15320 --- [marketplace] [main] org.hibernate.SQL                        : select b1_0.product_id,b1_0.id,b1_0.amount,b1_0.bidder_email,b1_0.state from bids b1_0 where b1_0.product_id=?
2025-06-29T13:51:53.765+03:00 DEBUG 15320 --- [marketplace] [main] org.hibernate.SQL                        : select c1_0.product_id,c1_0.category from product_categories c1_0 where c1_0.product_id=?
2025-06-29T13:51:53.765+03:00 DEBUG 15320 --- [marketplace] [main] org.hibernate.SQL                        : select b1_0.product_id,b1_0.id,b1_0.amount,b1_0.bidder_email,b1_0.state from bids b1_0 where b1_0.product_id=?
2025-06-29T13:51:53.765+03:00 DEBUG 15320 --- [marketplace] [main] org.hibernate.SQL                        : select c1_0.product_id,c1_0.category from product_categories c1_0 where c1_0.product_id=?
2025-06-29T13:51:53.766+03:00 DEBUG 15320 --- [marketplace] [main] org.hibernate.SQL                        : select b1_0.product_id,b1_0.id,b1_0.amount,b1_0.bidder_email,b1_0.state from bids b1_0 where b1_0.product_id=?
2025-06-29T13:51:53.767+03:00 DEBUG 15320 --- [marketplace] [main] org.hibernate.SQL                        : insert into store_ratings (store_name,user_id,review,score) values (?,?,?,?)
2025-06-29T13:51:53.771+03:00 DEBUG 15320 --- [marketplace] [main] org.hibernate.SQL                        : select s1_0.name,s1_0.balance,s1_0.description,s1_0.email,s1_0.in_store_product_id,s1_0.is_active,s1_0.discount_percentage,s1_0.duration_in_days from stores s1_0 where s1_0.name=?
2025-06-29T13:51:53.774+03:00 DEBUG 15320 --- [marketplace] [main] org.hibernate.SQL                        : select ritr1_0.store_name,ritr1_0.review_id,ritr1_0.id,ritr1_0.rating,ritr1_0.review_text,ritr1_0.reviewer_id,ritr1_0.reviewer_name,ritr1_0.store_comment from review ritr1_0 where ritr1_0.store_name=?
2025-06-29T13:51:53.775+03:00 DEBUG 15320 --- [marketplace] [main] org.hibernate.SQL                        : select r1_0.store_name,r1_0.user_id,r1_0.review,r1_0.score from store_ratings r1_0 where r1_0.store_name=?
2025-06-29T13:51:53.776+03:00 DEBUG 15320 --- [marketplace] [main] org.hibernate.SQL                        : select p1_0.store_name,p1_0.product_key,p1_0.product_id,a1_0.id,a1_0.end_time,a1_0.ended,hb1_0.id,hb1_0.amount,hb1_0.bidder_email,hb1_0.state,a1_0.starting_price,p1_0.minimum_quantity,p1_0.catalog_id,p1_0.description,p1_0.image_url,p1_0.name,p1_0.price,p1_0.quantity,r1_0.product_id,r1_0.user_id,r1_0.review,r1_0.score from shopping_product p1_0 left join auctions a1_0 on a1_0.id=p1_0.auction_id left join bids hb1_0 on hb1_0.id=a1_0.highest_bid_id left join product_ratings r1_0 on p1_0.product_id=r1_0.product_id where p1_0.store_name=?
2025-06-29T13:51:53.777+03:00 DEBUG 15320 --- [marketplace] [main] org.hibernate.SQL                        : select c1_0.product_id,c1_0.category from product_categories c1_0 where c1_0.product_id=?
2025-06-29T13:51:53.779+03:00 DEBUG 15320 --- [marketplace] [main] org.hibernate.SQL                        : select b1_0.product_id,b1_0.id,b1_0.amount,b1_0.bidder_email,b1_0.state from bids b1_0 where b1_0.product_id=?
2025-06-29T13:51:53.780+03:00 DEBUG 15320 --- [marketplace] [main] org.hibernate.SQL                        : select c1_0.product_id,c1_0.category from product_categories c1_0 where c1_0.product_id=?
2025-06-29T13:51:53.781+03:00 DEBUG 15320 --- [marketplace] [main] org.hibernate.SQL                        : select b1_0.product_id,b1_0.id,b1_0.amount,b1_0.bidder_email,b1_0.state from bids b1_0 where b1_0.product_id=?
2025-06-29T13:51:53.782+03:00 DEBUG 15320 --- [marketplace] [main] org.hibernate.SQL                        : select c1_0.product_id,c1_0.category from product_categories c1_0 where c1_0.product_id=?
2025-06-29T13:51:53.782+03:00 DEBUG 15320 --- [marketplace] [main] org.hibernate.SQL                        : select b1_0.product_id,b1_0.id,b1_0.amount,b1_0.bidder_email,b1_0.state from bids b1_0 where b1_0.product_id=?
2025-06-29T13:51:53.783+03:00 DEBUG 15320 --- [marketplace] [main] org.hibernate.SQL                        : select c1_0.product_id,c1_0.category from product_categories c1_0 where c1_0.product_id=?
2025-06-29T13:51:53.783+03:00 DEBUG 15320 --- [marketplace] [main] org.hibernate.SQL                        : select b1_0.product_id,b1_0.id,b1_0.amount,b1_0.bidder_email,b1_0.state from bids b1_0 where b1_0.product_id=?
2025-06-29T13:51:53.783+03:00 DEBUG 15320 --- [marketplace] [main] org.hibernate.SQL                        : select c1_0.product_id,c1_0.category from product_categories c1_0 where c1_0.product_id=?
2025-06-29T13:51:53.784+03:00 DEBUG 15320 --- [marketplace] [main] org.hibernate.SQL                        : select b1_0.product_id,b1_0.id,b1_0.amount,b1_0.bidder_email,b1_0.state from bids b1_0 where b1_0.product_id=?
2025-06-29T13:51:53.784+03:00 DEBUG 15320 --- [marketplace] [main] org.hibernate.SQL                        : select oa1_0.store_name,oa1_0.email,oa1_0.appointed_by from store_owners oa1_0 where oa1_0.store_name=?
2025-06-29T13:51:53.785+03:00 DEBUG 15320 --- [marketplace] [main] org.hibernate.SQL                        : select m1_0.store_name,m1_0.manager_email,m1_0.appointed_by,p1_0.manager_email,p1_0.permission from store_managers m1_0 left join manager_permissions p1_0 on m1_0.manager_email=p1_0.manager_email where m1_0.store_name=?
2025-06-29T13:51:53.787+03:00 DEBUG 15320 --- [marketplace] [main] org.hibernate.SQL                        : select s1_0.name,s1_0.balance,s1_0.description,s1_0.email,s1_0.in_store_product_id,s1_0.is_active,m1_0.store_name,m1_0.manager_email,m1_0.appointed_by,p1_0.manager_email,p1_0.permission,oa1_0.store_name,oa1_0.email,oa1_0.appointed_by,s1_0.discount_percentage,s1_0.duration_in_days,r1_0.store_name,r1_0.user_id,r1_0.review,r1_0.score from stores s1_0 left join store_managers m1_0 on s1_0.name=m1_0.store_name left join manager_permissions p1_0 on m1_0.manager_email=p1_0.manager_email left join store_owners oa1_0 on s1_0.name=oa1_0.store_name left join store_ratings r1_0 on s1_0.name=r1_0.store_name where s1_0.name=?
2025-06-29T13:51:53.790+03:00 DEBUG 15320 --- [marketplace] [main] org.hibernate.SQL                        : select ritr1_0.store_name,ritr1_0.review_id,ritr1_0.id,ritr1_0.rating,ritr1_0.review_text,ritr1_0.reviewer_id,ritr1_0.reviewer_name,ritr1_0.store_comment from review ritr1_0 where ritr1_0.store_name=?
2025-06-29T13:51:53.791+03:00 DEBUG 15320 --- [marketplace] [main] org.hibernate.SQL                        : select p1_0.store_name,p1_0.product_key,p1_0.product_id,a1_0.id,a1_0.end_time,a1_0.ended,hb1_0.id,hb1_0.amount,hb1_0.bidder_email,hb1_0.state,a1_0.starting_price,p1_0.minimum_quantity,p1_0.catalog_id,p1_0.description,p1_0.image_url,p1_0.name,p1_0.price,p1_0.quantity,r1_0.product_id,r1_0.user_id,r1_0.review,r1_0.score from shopping_product p1_0 left join auctions a1_0 on a1_0.id=p1_0.auction_id left join bids hb1_0 on hb1_0.id=a1_0.highest_bid_id left join product_ratings r1_0 on p1_0.product_id=r1_0.product_id where p1_0.store_name=?
2025-06-29T13:51:53.794+03:00 DEBUG 15320 --- [marketplace] [main] org.hibernate.SQL                        : select c1_0.product_id,c1_0.category from product_categories c1_0 where c1_0.product_id=?
2025-06-29T13:51:53.795+03:00 DEBUG 15320 --- [marketplace] [main] org.hibernate.SQL                        : select b1_0.product_id,b1_0.id,b1_0.amount,b1_0.bidder_email,b1_0.state from bids b1_0 where b1_0.product_id=?
2025-06-29T13:51:53.796+03:00 DEBUG 15320 --- [marketplace] [main] org.hibernate.SQL                        : select c1_0.product_id,c1_0.category from product_categories c1_0 where c1_0.product_id=?
2025-06-29T13:51:53.797+03:00 DEBUG 15320 --- [marketplace] [main] org.hibernate.SQL                        : select b1_0.product_id,b1_0.id,b1_0.amount,b1_0.bidder_email,b1_0.state from bids b1_0 where b1_0.product_id=?
2025-06-29T13:51:53.798+03:00 DEBUG 15320 --- [marketplace] [main] org.hibernate.SQL                        : select c1_0.product_id,c1_0.category from product_categories c1_0 where c1_0.product_id=?
2025-06-29T13:51:53.800+03:00 DEBUG 15320 --- [marketplace] [main] org.hibernate.SQL                        : select b1_0.product_id,b1_0.id,b1_0.amount,b1_0.bidder_email,b1_0.state from bids b1_0 where b1_0.product_id=?
2025-06-29T13:51:53.800+03:00 DEBUG 15320 --- [marketplace] [main] org.hibernate.SQL                        : select c1_0.product_id,c1_0.category from product_categories c1_0 where c1_0.product_id=?
2025-06-29T13:51:53.801+03:00 DEBUG 15320 --- [marketplace] [main] org.hibernate.SQL                        : select b1_0.product_id,b1_0.id,b1_0.amount,b1_0.bidder_email,b1_0.state from bids b1_0 where b1_0.product_id=?
2025-06-29T13:51:53.802+03:00 DEBUG 15320 --- [marketplace] [main] org.hibernate.SQL                        : select c1_0.product_id,c1_0.category from product_categories c1_0 where c1_0.product_id=?
2025-06-29T13:51:53.803+03:00 DEBUG 15320 --- [marketplace] [main] org.hibernate.SQL                        : select b1_0.product_id,b1_0.id,b1_0.amount,b1_0.bidder_email,b1_0.state from bids b1_0 where b1_0.product_id=?
2025-06-29T13:51:53.806+03:00 DEBUG 15320 --- [marketplace] [main] org.hibernate.SQL                        : insert into store_ratings (store_name,user_id,review,score) values (?,?,?,?)
2025-06-29T13:51:53.810+03:00 DEBUG 15320 --- [marketplace] [main] org.hibernate.SQL                        : select s1_0.name,s1_0.balance,s1_0.description,s1_0.email,s1_0.in_store_product_id,s1_0.is_active,s1_0.discount_percentage,s1_0.duration_in_days from stores s1_0 where s1_0.name=?
2025-06-29T13:51:53.814+03:00 DEBUG 15320 --- [marketplace] [main] org.hibernate.SQL                        : select ritr1_0.store_name,ritr1_0.review_id,ritr1_0.id,ritr1_0.rating,ritr1_0.review_text,ritr1_0.reviewer_id,ritr1_0.reviewer_name,ritr1_0.store_comment from review ritr1_0 where ritr1_0.store_name=?
2025-06-29T13:51:53.814+03:00 DEBUG 15320 --- [marketplace] [main] org.hibernate.SQL                        : select r1_0.store_name,r1_0.user_id,r1_0.review,r1_0.score from store_ratings r1_0 where r1_0.store_name=?
2025-06-29T13:51:53.815+03:00 DEBUG 15320 --- [marketplace] [main] org.hibernate.SQL                        : select p1_0.store_name,p1_0.product_key,p1_0.product_id,a1_0.id,a1_0.end_time,a1_0.ended,hb1_0.id,hb1_0.amount,hb1_0.bidder_email,hb1_0.state,a1_0.starting_price,p1_0.minimum_quantity,p1_0.catalog_id,p1_0.description,p1_0.image_url,p1_0.name,p1_0.price,p1_0.quantity,r1_0.product_id,r1_0.user_id,r1_0.review,r1_0.score from shopping_product p1_0 left join auctions a1_0 on a1_0.id=p1_0.auction_id left join bids hb1_0 on hb1_0.id=a1_0.highest_bid_id left join product_ratings r1_0 on p1_0.product_id=r1_0.product_id where p1_0.store_name=?
2025-06-29T13:51:53.816+03:00 DEBUG 15320 --- [marketplace] [main] org.hibernate.SQL                        : select c1_0.product_id,c1_0.category from product_categories c1_0 where c1_0.product_id=?
2025-06-29T13:51:53.817+03:00 DEBUG 15320 --- [marketplace] [main] org.hibernate.SQL                        : select b1_0.product_id,b1_0.id,b1_0.amount,b1_0.bidder_email,b1_0.state from bids b1_0 where b1_0.product_id=?
2025-06-29T13:51:53.817+03:00 DEBUG 15320 --- [marketplace] [main] org.hibernate.SQL                        : select c1_0.product_id,c1_0.category from product_categories c1_0 where c1_0.product_id=?
2025-06-29T13:51:53.817+03:00 DEBUG 15320 --- [marketplace] [main] org.hibernate.SQL                        : select b1_0.product_id,b1_0.id,b1_0.amount,b1_0.bidder_email,b1_0.state from bids b1_0 where b1_0.product_id=?
2025-06-29T13:51:53.817+03:00 DEBUG 15320 --- [marketplace] [main] org.hibernate.SQL                        : select c1_0.product_id,c1_0.category from product_categories c1_0 where c1_0.product_id=?
2025-06-29T13:51:53.818+03:00 DEBUG 15320 --- [marketplace] [main] org.hibernate.SQL                        : select b1_0.product_id,b1_0.id,b1_0.amount,b1_0.bidder_email,b1_0.state from bids b1_0 where b1_0.product_id=?
2025-06-29T13:51:53.818+03:00 DEBUG 15320 --- [marketplace] [main] org.hibernate.SQL                        : select c1_0.product_id,c1_0.category from product_categories c1_0 where c1_0.product_id=?
2025-06-29T13:51:53.818+03:00 DEBUG 15320 --- [marketplace] [main] org.hibernate.SQL                        : select b1_0.product_id,b1_0.id,b1_0.amount,b1_0.bidder_email,b1_0.state from bids b1_0 where b1_0.product_id=?
2025-06-29T13:51:53.818+03:00 DEBUG 15320 --- [marketplace] [main] org.hibernate.SQL                        : select c1_0.product_id,c1_0.category from product_categories c1_0 where c1_0.product_id=?
2025-06-29T13:51:53.819+03:00 DEBUG 15320 --- [marketplace] [main] org.hibernate.SQL                        : select b1_0.product_id,b1_0.id,b1_0.amount,b1_0.bidder_email,b1_0.state from bids b1_0 where b1_0.product_id=?
2025-06-29T13:51:53.819+03:00 DEBUG 15320 --- [marketplace] [main] org.hibernate.SQL                        : select oa1_0.store_name,oa1_0.email,oa1_0.appointed_by from store_owners oa1_0 where oa1_0.store_name=?
2025-06-29T13:51:53.819+03:00 DEBUG 15320 --- [marketplace] [main] org.hibernate.SQL                        : select m1_0.store_name,m1_0.manager_email,m1_0.appointed_by,p1_0.manager_email,p1_0.permission from store_managers m1_0 left join manager_permissions p1_0 on m1_0.manager_email=p1_0.manager_email where m1_0.store_name=?
2025-06-29T13:51:53.822+03:00 DEBUG 15320 --- [marketplace] [main] org.hibernate.SQL                        : select s1_0.name,s1_0.balance,s1_0.description,s1_0.email,s1_0.in_store_product_id,s1_0.is_active,m1_0.store_name,m1_0.manager_email,m1_0.appointed_by,p1_0.manager_email,p1_0.permission,oa1_0.store_name,oa1_0.email,oa1_0.appointed_by,s1_0.discount_percentage,s1_0.duration_in_days,r1_0.store_name,r1_0.user_id,r1_0.review,r1_0.score from stores s1_0 left join store_managers m1_0 on s1_0.name=m1_0.store_name left join manager_permissions p1_0 on m1_0.manager_email=p1_0.manager_email left join store_owners oa1_0 on s1_0.name=oa1_0.store_name left join store_ratings r1_0 on s1_0.name=r1_0.store_name where s1_0.name=?
2025-06-29T13:51:53.829+03:00 DEBUG 15320 --- [marketplace] [main] org.hibernate.SQL                        : select ritr1_0.store_name,ritr1_0.review_id,ritr1_0.id,ritr1_0.rating,ritr1_0.review_text,ritr1_0.reviewer_id,ritr1_0.reviewer_name,ritr1_0.store_comment from review ritr1_0 where ritr1_0.store_name=?
2025-06-29T13:51:53.830+03:00 DEBUG 15320 --- [marketplace] [main] org.hibernate.SQL                        : select p1_0.store_name,p1_0.product_key,p1_0.product_id,a1_0.id,a1_0.end_time,a1_0.ended,hb1_0.id,hb1_0.amount,hb1_0.bidder_email,hb1_0.state,a1_0.starting_price,p1_0.minimum_quantity,p1_0.catalog_id,p1_0.description,p1_0.image_url,p1_0.name,p1_0.price,p1_0.quantity,r1_0.product_id,r1_0.user_id,r1_0.review,r1_0.score from shopping_product p1_0 left join auctions a1_0 on a1_0.id=p1_0.auction_id left join bids hb1_0 on hb1_0.id=a1_0.highest_bid_id left join product_ratings r1_0 on p1_0.product_id=r1_0.product_id where p1_0.store_name=?
2025-06-29T13:51:53.831+03:00 DEBUG 15320 --- [marketplace] [main] org.hibernate.SQL                        : select c1_0.product_id,c1_0.category from product_categories c1_0 where c1_0.product_id=?
2025-06-29T13:51:53.832+03:00 DEBUG 15320 --- [marketplace] [main] org.hibernate.SQL                        : select b1_0.product_id,b1_0.id,b1_0.amount,b1_0.bidder_email,b1_0.state from bids b1_0 where b1_0.product_id=?
2025-06-29T13:51:53.833+03:00 DEBUG 15320 --- [marketplace] [main] org.hibernate.SQL                        : select c1_0.product_id,c1_0.category from product_categories c1_0 where c1_0.product_id=?
2025-06-29T13:51:53.834+03:00 DEBUG 15320 --- [marketplace] [main] org.hibernate.SQL                        : select b1_0.product_id,b1_0.id,b1_0.amount,b1_0.bidder_email,b1_0.state from bids b1_0 where b1_0.product_id=?
2025-06-29T13:51:53.834+03:00 DEBUG 15320 --- [marketplace] [main] org.hibernate.SQL                        : select c1_0.product_id,c1_0.category from product_categories c1_0 where c1_0.product_id=?
2025-06-29T13:51:53.835+03:00 DEBUG 15320 --- [marketplace] [main] org.hibernate.SQL                        : select b1_0.product_id,b1_0.id,b1_0.amount,b1_0.bidder_email,b1_0.state from bids b1_0 where b1_0.product_id=?
2025-06-29T13:51:53.836+03:00 DEBUG 15320 --- [marketplace] [main] org.hibernate.SQL                        : select c1_0.product_id,c1_0.category from product_categories c1_0 where c1_0.product_id=?
2025-06-29T13:51:53.836+03:00 DEBUG 15320 --- [marketplace] [main] org.hibernate.SQL                        : select b1_0.product_id,b1_0.id,b1_0.amount,b1_0.bidder_email,b1_0.state from bids b1_0 where b1_0.product_id=?
2025-06-29T13:51:53.836+03:00 DEBUG 15320 --- [marketplace] [main] org.hibernate.SQL                        : select c1_0.product_id,c1_0.category from product_categories c1_0 where c1_0.product_id=?
2025-06-29T13:51:53.836+03:00 DEBUG 15320 --- [marketplace] [main] org.hibernate.SQL                        : select b1_0.product_id,b1_0.id,b1_0.amount,b1_0.bidder_email,b1_0.state from bids b1_0 where b1_0.product_id=?
2025-06-29T13:51:53.838+03:00 DEBUG 15320 --- [marketplace] [main] org.hibernate.SQL                        : insert into store_ratings (store_name,user_id,review,score) values (?,?,?,?)
2025-06-29T13:51:53.841+03:00 DEBUG 15320 --- [marketplace] [main] org.hibernate.SQL                        : select s1_0.name,s1_0.balance,s1_0.description,s1_0.email,s1_0.in_store_product_id,s1_0.is_active,s1_0.discount_percentage,s1_0.duration_in_days from stores s1_0 where s1_0.name=?
2025-06-29T13:51:53.845+03:00 DEBUG 15320 --- [marketplace] [main] org.hibernate.SQL                        : select ritr1_0.store_name,ritr1_0.review_id,ritr1_0.id,ritr1_0.rating,ritr1_0.review_text,ritr1_0.reviewer_id,ritr1_0.reviewer_name,ritr1_0.store_comment from review ritr1_0 where ritr1_0.store_name=?
2025-06-29T13:51:53.846+03:00 DEBUG 15320 --- [marketplace] [main] org.hibernate.SQL                        : select r1_0.store_name,r1_0.user_id,r1_0.review,r1_0.score from store_ratings r1_0 where r1_0.store_name=?
2025-06-29T13:51:53.847+03:00 DEBUG 15320 --- [marketplace] [main] org.hibernate.SQL                        : select p1_0.store_name,p1_0.product_key,p1_0.product_id,a1_0.id,a1_0.end_time,a1_0.ended,hb1_0.id,hb1_0.amount,hb1_0.bidder_email,hb1_0.state,a1_0.starting_price,p1_0.minimum_quantity,p1_0.catalog_id,p1_0.description,p1_0.image_url,p1_0.name,p1_0.price,p1_0.quantity,r1_0.product_id,r1_0.user_id,r1_0.review,r1_0.score from shopping_product p1_0 left join auctions a1_0 on a1_0.id=p1_0.auction_id left join bids hb1_0 on hb1_0.id=a1_0.highest_bid_id left join product_ratings r1_0 on p1_0.product_id=r1_0.product_id where p1_0.store_name=?
2025-06-29T13:51:53.848+03:00 DEBUG 15320 --- [marketplace] [main] org.hibernate.SQL                        : select c1_0.product_id,c1_0.category from product_categories c1_0 where c1_0.product_id=?
2025-06-29T13:51:53.849+03:00 DEBUG 15320 --- [marketplace] [main] org.hibernate.SQL                        : select b1_0.product_id,b1_0.id,b1_0.amount,b1_0.bidder_email,b1_0.state from bids b1_0 where b1_0.product_id=?
2025-06-29T13:51:53.849+03:00 DEBUG 15320 --- [marketplace] [main] org.hibernate.SQL                        : select c1_0.product_id,c1_0.category from product_categories c1_0 where c1_0.product_id=?
2025-06-29T13:51:53.850+03:00 DEBUG 15320 --- [marketplace] [main] org.hibernate.SQL                        : select b1_0.product_id,b1_0.id,b1_0.amount,b1_0.bidder_email,b1_0.state from bids b1_0 where b1_0.product_id=?
2025-06-29T13:51:53.850+03:00 DEBUG 15320 --- [marketplace] [main] org.hibernate.SQL                        : select c1_0.product_id,c1_0.category from product_categories c1_0 where c1_0.product_id=?
2025-06-29T13:51:53.850+03:00 DEBUG 15320 --- [marketplace] [main] org.hibernate.SQL                        : select b1_0.product_id,b1_0.id,b1_0.amount,b1_0.bidder_email,b1_0.state from bids b1_0 where b1_0.product_id=?
2025-06-29T13:51:53.851+03:00 DEBUG 15320 --- [marketplace] [main] org.hibernate.SQL                        : select c1_0.product_id,c1_0.category from product_categories c1_0 where c1_0.product_id=?
2025-06-29T13:51:53.851+03:00 DEBUG 15320 --- [marketplace] [main] org.hibernate.SQL                        : select b1_0.product_id,b1_0.id,b1_0.amount,b1_0.bidder_email,b1_0.state from bids b1_0 where b1_0.product_id=?
2025-06-29T13:51:53.852+03:00 DEBUG 15320 --- [marketplace] [main] org.hibernate.SQL                        : select c1_0.product_id,c1_0.category from product_categories c1_0 where c1_0.product_id=?
2025-06-29T13:51:53.852+03:00 DEBUG 15320 --- [marketplace] [main] org.hibernate.SQL                        : select b1_0.product_id,b1_0.id,b1_0.amount,b1_0.bidder_email,b1_0.state from bids b1_0 where b1_0.product_id=?
2025-06-29T13:51:53.852+03:00 DEBUG 15320 --- [marketplace] [main] org.hibernate.SQL                        : select oa1_0.store_name,oa1_0.email,oa1_0.appointed_by from store_owners oa1_0 where oa1_0.store_name=?
2025-06-29T13:51:53.852+03:00 DEBUG 15320 --- [marketplace] [main] org.hibernate.SQL                        : select m1_0.store_name,m1_0.manager_email,m1_0.appointed_by,p1_0.manager_email,p1_0.permission from store_managers m1_0 left join manager_permissions p1_0 on m1_0.manager_email=p1_0.manager_email where m1_0.store_name=?
2025-06-29T13:51:53.856+03:00 DEBUG 15320 --- [marketplace] [main] org.hibernate.SQL                        : select s1_0.name,s1_0.balance,s1_0.description,s1_0.email,s1_0.in_store_product_id,s1_0.is_active,m1_0.store_name,m1_0.manager_email,m1_0.appointed_by,p1_0.manager_email,p1_0.permission,oa1_0.store_name,oa1_0.email,oa1_0.appointed_by,s1_0.discount_percentage,s1_0.duration_in_days,r1_0.store_name,r1_0.user_id,r1_0.review,r1_0.score from stores s1_0 left join store_managers m1_0 on s1_0.name=m1_0.store_name left join manager_permissions p1_0 on m1_0.manager_email=p1_0.manager_email left join store_owners oa1_0 on s1_0.name=oa1_0.store_name left join store_ratings r1_0 on s1_0.name=r1_0.store_name where s1_0.name=?
2025-06-29T13:51:53.863+03:00 DEBUG 15320 --- [marketplace] [main] org.hibernate.SQL                        : select ritr1_0.store_name,ritr1_0.review_id,ritr1_0.id,ritr1_0.rating,ritr1_0.review_text,ritr1_0.reviewer_id,ritr1_0.reviewer_name,ritr1_0.store_comment from review ritr1_0 where ritr1_0.store_name=?
2025-06-29T13:51:53.863+03:00 DEBUG 15320 --- [marketplace] [main] org.hibernate.SQL                        : select p1_0.store_name,p1_0.product_key,p1_0.product_id,a1_0.id,a1_0.end_time,a1_0.ended,hb1_0.id,hb1_0.amount,hb1_0.bidder_email,hb1_0.state,a1_0.starting_price,p1_0.minimum_quantity,p1_0.catalog_id,p1_0.description,p1_0.image_url,p1_0.name,p1_0.price,p1_0.quantity,r1_0.product_id,r1_0.user_id,r1_0.review,r1_0.score from shopping_product p1_0 left join auctions a1_0 on a1_0.id=p1_0.auction_id left join bids hb1_0 on hb1_0.id=a1_0.highest_bid_id left join product_ratings r1_0 on p1_0.product_id=r1_0.product_id where p1_0.store_name=?
2025-06-29T13:51:53.864+03:00 DEBUG 15320 --- [marketplace] [main] org.hibernate.SQL                        : select c1_0.product_id,c1_0.category from product_categories c1_0 where c1_0.product_id=?
2025-06-29T13:51:53.865+03:00 DEBUG 15320 --- [marketplace] [main] org.hibernate.SQL                        : select b1_0.product_id,b1_0.id,b1_0.amount,b1_0.bidder_email,b1_0.state from bids b1_0 where b1_0.product_id=?
2025-06-29T13:51:53.865+03:00 DEBUG 15320 --- [marketplace] [main] org.hibernate.SQL                        : select c1_0.product_id,c1_0.category from product_categories c1_0 where c1_0.product_id=?
2025-06-29T13:51:53.865+03:00 DEBUG 15320 --- [marketplace] [main] org.hibernate.SQL                        : select b1_0.product_id,b1_0.id,b1_0.amount,b1_0.bidder_email,b1_0.state from bids b1_0 where b1_0.product_id=?
2025-06-29T13:51:53.866+03:00 DEBUG 15320 --- [marketplace] [main] org.hibernate.SQL                        : select c1_0.product_id,c1_0.category from product_categories c1_0 where c1_0.product_id=?
2025-06-29T13:51:53.866+03:00 DEBUG 15320 --- [marketplace] [main] org.hibernate.SQL                        : select b1_0.product_id,b1_0.id,b1_0.amount,b1_0.bidder_email,b1_0.state from bids b1_0 where b1_0.product_id=?
2025-06-29T13:51:53.867+03:00 DEBUG 15320 --- [marketplace] [main] org.hibernate.SQL                        : select c1_0.product_id,c1_0.category from product_categories c1_0 where c1_0.product_id=?
2025-06-29T13:51:53.867+03:00 DEBUG 15320 --- [marketplace] [main] org.hibernate.SQL                        : select b1_0.product_id,b1_0.id,b1_0.amount,b1_0.bidder_email,b1_0.state from bids b1_0 where b1_0.product_id=?
2025-06-29T13:51:53.867+03:00 DEBUG 15320 --- [marketplace] [main] org.hibernate.SQL                        : select c1_0.product_id,c1_0.category from product_categories c1_0 where c1_0.product_id=?
2025-06-29T13:51:53.868+03:00 DEBUG 15320 --- [marketplace] [main] org.hibernate.SQL                        : select b1_0.product_id,b1_0.id,b1_0.amount,b1_0.bidder_email,b1_0.state from bids b1_0 where b1_0.product_id=?
2025-06-29T13:51:53.871+03:00 DEBUG 15320 --- [marketplace] [main] org.hibernate.SQL                        : insert into store_ratings (store_name,user_id,review,score) values (?,?,?,?)
2025-06-29T13:51:53.876+03:00 DEBUG 15320 --- [marketplace] [main] org.hibernate.SQL                        : select s1_0.name,s1_0.balance,s1_0.description,s1_0.email,s1_0.in_store_product_id,s1_0.is_active,s1_0.discount_percentage,s1_0.duration_in_days from stores s1_0 where s1_0.name=?
2025-06-29T13:51:53.878+03:00 DEBUG 15320 --- [marketplace] [main] org.hibernate.SQL                        : select ritr1_0.store_name,ritr1_0.review_id,ritr1_0.id,ritr1_0.rating,ritr1_0.review_text,ritr1_0.reviewer_id,ritr1_0.reviewer_name,ritr1_0.store_comment from review ritr1_0 where ritr1_0.store_name=?
2025-06-29T13:51:53.878+03:00 DEBUG 15320 --- [marketplace] [main] org.hibernate.SQL                        : select r1_0.store_name,r1_0.user_id,r1_0.review,r1_0.score from store_ratings r1_0 where r1_0.store_name=?
2025-06-29T13:51:53.879+03:00 DEBUG 15320 --- [marketplace] [main] org.hibernate.SQL                        : select p1_0.store_name,p1_0.product_key,p1_0.product_id,a1_0.id,a1_0.end_time,a1_0.ended,hb1_0.id,hb1_0.amount,hb1_0.bidder_email,hb1_0.state,a1_0.starting_price,p1_0.minimum_quantity,p1_0.catalog_id,p1_0.description,p1_0.image_url,p1_0.name,p1_0.price,p1_0.quantity,r1_0.product_id,r1_0.user_id,r1_0.review,r1_0.score from shopping_product p1_0 left join auctions a1_0 on a1_0.id=p1_0.auction_id left join bids hb1_0 on hb1_0.id=a1_0.highest_bid_id left join product_ratings r1_0 on p1_0.product_id=r1_0.product_id where p1_0.store_name=?
2025-06-29T13:51:53.880+03:00 DEBUG 15320 --- [marketplace] [main] org.hibernate.SQL                        : select c1_0.product_id,c1_0.category from product_categories c1_0 where c1_0.product_id=?
2025-06-29T13:51:53.881+03:00 DEBUG 15320 --- [marketplace] [main] org.hibernate.SQL                        : select b1_0.product_id,b1_0.id,b1_0.amount,b1_0.bidder_email,b1_0.state from bids b1_0 where b1_0.product_id=?
2025-06-29T13:51:53.881+03:00 DEBUG 15320 --- [marketplace] [main] org.hibernate.SQL                        : select c1_0.product_id,c1_0.category from product_categories c1_0 where c1_0.product_id=?
2025-06-29T13:51:53.882+03:00 DEBUG 15320 --- [marketplace] [main] org.hibernate.SQL                        : select b1_0.product_id,b1_0.id,b1_0.amount,b1_0.bidder_email,b1_0.state from bids b1_0 where b1_0.product_id=?
2025-06-29T13:51:53.882+03:00 DEBUG 15320 --- [marketplace] [main] org.hibernate.SQL                        : select c1_0.product_id,c1_0.category from product_categories c1_0 where c1_0.product_id=?
2025-06-29T13:51:53.882+03:00 DEBUG 15320 --- [marketplace] [main] org.hibernate.SQL                        : select b1_0.product_id,b1_0.id,b1_0.amount,b1_0.bidder_email,b1_0.state from bids b1_0 where b1_0.product_id=?
2025-06-29T13:51:53.882+03:00 DEBUG 15320 --- [marketplace] [main] org.hibernate.SQL                        : select c1_0.product_id,c1_0.category from product_categories c1_0 where c1_0.product_id=?
2025-06-29T13:51:53.883+03:00 DEBUG 15320 --- [marketplace] [main] org.hibernate.SQL                        : select b1_0.product_id,b1_0.id,b1_0.amount,b1_0.bidder_email,b1_0.state from bids b1_0 where b1_0.product_id=?
2025-06-29T13:51:53.883+03:00 DEBUG 15320 --- [marketplace] [main] org.hibernate.SQL                        : select c1_0.product_id,c1_0.category from product_categories c1_0 where c1_0.product_id=?
2025-06-29T13:51:53.883+03:00 DEBUG 15320 --- [marketplace] [main] org.hibernate.SQL                        : select b1_0.product_id,b1_0.id,b1_0.amount,b1_0.bidder_email,b1_0.state from bids b1_0 where b1_0.product_id=?
2025-06-29T13:51:53.883+03:00 DEBUG 15320 --- [marketplace] [main] org.hibernate.SQL                        : select oa1_0.store_name,oa1_0.email,oa1_0.appointed_by from store_owners oa1_0 where oa1_0.store_name=?
2025-06-29T13:51:53.884+03:00 DEBUG 15320 --- [marketplace] [main] org.hibernate.SQL                        : select m1_0.store_name,m1_0.manager_email,m1_0.appointed_by,p1_0.manager_email,p1_0.permission from store_managers m1_0 left join manager_permissions p1_0 on m1_0.manager_email=p1_0.manager_email where m1_0.store_name=?
2025-06-29T13:51:53.886+03:00 DEBUG 15320 --- [marketplace] [main] org.hibernate.SQL                        : select s1_0.name,s1_0.balance,s1_0.description,s1_0.email,s1_0.in_store_product_id,s1_0.is_active,m1_0.store_name,m1_0.manager_email,m1_0.appointed_by,p1_0.manager_email,p1_0.permission,oa1_0.store_name,oa1_0.email,oa1_0.appointed_by,s1_0.discount_percentage,s1_0.duration_in_days,r1_0.store_name,r1_0.user_id,r1_0.review,r1_0.score from stores s1_0 left join store_managers m1_0 on s1_0.name=m1_0.store_name left join manager_permissions p1_0 on m1_0.manager_email=p1_0.manager_email left join store_owners oa1_0 on s1_0.name=oa1_0.store_name left join store_ratings r1_0 on s1_0.name=r1_0.store_name where s1_0.name=?
2025-06-29T13:51:53.889+03:00 DEBUG 15320 --- [marketplace] [main] org.hibernate.SQL                        : select ritr1_0.store_name,ritr1_0.review_id,ritr1_0.id,ritr1_0.rating,ritr1_0.review_text,ritr1_0.reviewer_id,ritr1_0.reviewer_name,ritr1_0.store_comment from review ritr1_0 where ritr1_0.store_name=?
2025-06-29T13:51:53.890+03:00 DEBUG 15320 --- [marketplace] [main] org.hibernate.SQL                        : select p1_0.store_name,p1_0.product_key,p1_0.product_id,a1_0.id,a1_0.end_time,a1_0.ended,hb1_0.id,hb1_0.amount,hb1_0.bidder_email,hb1_0.state,a1_0.starting_price,p1_0.minimum_quantity,p1_0.catalog_id,p1_0.description,p1_0.image_url,p1_0.name,p1_0.price,p1_0.quantity,r1_0.product_id,r1_0.user_id,r1_0.review,r1_0.score from shopping_product p1_0 left join auctions a1_0 on a1_0.id=p1_0.auction_id left join bids hb1_0 on hb1_0.id=a1_0.highest_bid_id left join product_ratings r1_0 on p1_0.product_id=r1_0.product_id where p1_0.store_name=?
2025-06-29T13:51:53.893+03:00 DEBUG 15320 --- [marketplace] [main] org.hibernate.SQL                        : select c1_0.product_id,c1_0.category from product_categories c1_0 where c1_0.product_id=?
2025-06-29T13:51:53.894+03:00 DEBUG 15320 --- [marketplace] [main] org.hibernate.SQL                        : select b1_0.product_id,b1_0.id,b1_0.amount,b1_0.bidder_email,b1_0.state from bids b1_0 where b1_0.product_id=?
2025-06-29T13:51:53.894+03:00 DEBUG 15320 --- [marketplace] [main] org.hibernate.SQL                        : select c1_0.product_id,c1_0.category from product_categories c1_0 where c1_0.product_id=?
2025-06-29T13:51:53.895+03:00 DEBUG 15320 --- [marketplace] [main] org.hibernate.SQL                        : select b1_0.product_id,b1_0.id,b1_0.amount,b1_0.bidder_email,b1_0.state from bids b1_0 where b1_0.product_id=?
2025-06-29T13:51:53.896+03:00 DEBUG 15320 --- [marketplace] [main] org.hibernate.SQL                        : select c1_0.product_id,c1_0.category from product_categories c1_0 where c1_0.product_id=?
2025-06-29T13:51:53.896+03:00 DEBUG 15320 --- [marketplace] [main] org.hibernate.SQL                        : select b1_0.product_id,b1_0.id,b1_0.amount,b1_0.bidder_email,b1_0.state from bids b1_0 where b1_0.product_id=?
2025-06-29T13:51:53.897+03:00 DEBUG 15320 --- [marketplace] [main] org.hibernate.SQL                        : select c1_0.product_id,c1_0.category from product_categories c1_0 where c1_0.product_id=?
2025-06-29T13:51:53.897+03:00 DEBUG 15320 --- [marketplace] [main] org.hibernate.SQL                        : select b1_0.product_id,b1_0.id,b1_0.amount,b1_0.bidder_email,b1_0.state from bids b1_0 where b1_0.product_id=?
2025-06-29T13:51:53.897+03:00 DEBUG 15320 --- [marketplace] [main] org.hibernate.SQL                        : select c1_0.product_id,c1_0.category from product_categories c1_0 where c1_0.product_id=?
2025-06-29T13:51:53.898+03:00 DEBUG 15320 --- [marketplace] [main] org.hibernate.SQL                        : select b1_0.product_id,b1_0.id,b1_0.amount,b1_0.bidder_email,b1_0.state from bids b1_0 where b1_0.product_id=?
2025-06-29T13:51:53.900+03:00 DEBUG 15320 --- [marketplace] [main] org.hibernate.SQL                        : insert into store_ratings (store_name,user_id,review,score) values (?,?,?,?)
2025-06-29T13:51:53.903+03:00 DEBUG 15320 --- [marketplace] [main] org.hibernate.SQL                        : select s1_0.name,s1_0.balance,s1_0.description,s1_0.email,s1_0.in_store_product_id,s1_0.is_active,s1_0.discount_percentage,s1_0.duration_in_days from stores s1_0 where s1_0.name=?
2025-06-29T13:51:53.905+03:00 DEBUG 15320 --- [marketplace] [main] org.hibernate.SQL                        : select ritr1_0.store_name,ritr1_0.review_id,ritr1_0.id,ritr1_0.rating,ritr1_0.review_text,ritr1_0.reviewer_id,ritr1_0.reviewer_name,ritr1_0.store_comment from review ritr1_0 where ritr1_0.store_name=?
2025-06-29T13:51:53.905+03:00 DEBUG 15320 --- [marketplace] [main] org.hibernate.SQL                        : select r1_0.store_name,r1_0.user_id,r1_0.review,r1_0.score from store_ratings r1_0 where r1_0.store_name=?
2025-06-29T13:51:53.905+03:00 DEBUG 15320 --- [marketplace] [main] org.hibernate.SQL                        : select p1_0.store_name,p1_0.product_key,p1_0.product_id,a1_0.id,a1_0.end_time,a1_0.ended,hb1_0.id,hb1_0.amount,hb1_0.bidder_email,hb1_0.state,a1_0.starting_price,p1_0.minimum_quantity,p1_0.catalog_id,p1_0.description,p1_0.image_url,p1_0.name,p1_0.price,p1_0.quantity,r1_0.product_id,r1_0.user_id,r1_0.review,r1_0.score from shopping_product p1_0 left join auctions a1_0 on a1_0.id=p1_0.auction_id left join bids hb1_0 on hb1_0.id=a1_0.highest_bid_id left join product_ratings r1_0 on p1_0.product_id=r1_0.product_id where p1_0.store_name=?
2025-06-29T13:51:53.907+03:00 DEBUG 15320 --- [marketplace] [main] org.hibernate.SQL                        : select c1_0.product_id,c1_0.category from product_categories c1_0 where c1_0.product_id=?
2025-06-29T13:51:53.909+03:00 DEBUG 15320 --- [marketplace] [main] org.hibernate.SQL                        : select b1_0.product_id,b1_0.id,b1_0.amount,b1_0.bidder_email,b1_0.state from bids b1_0 where b1_0.product_id=?
2025-06-29T13:51:53.909+03:00 DEBUG 15320 --- [marketplace] [main] org.hibernate.SQL                        : select c1_0.product_id,c1_0.category from product_categories c1_0 where c1_0.product_id=?
2025-06-29T13:51:53.910+03:00 DEBUG 15320 --- [marketplace] [main] org.hibernate.SQL                        : select b1_0.product_id,b1_0.id,b1_0.amount,b1_0.bidder_email,b1_0.state from bids b1_0 where b1_0.product_id=?
2025-06-29T13:51:53.910+03:00 DEBUG 15320 --- [marketplace] [main] org.hibernate.SQL                        : select c1_0.product_id,c1_0.category from product_categories c1_0 where c1_0.product_id=?
2025-06-29T13:51:53.910+03:00 DEBUG 15320 --- [marketplace] [main] org.hibernate.SQL                        : select b1_0.product_id,b1_0.id,b1_0.amount,b1_0.bidder_email,b1_0.state from bids b1_0 where b1_0.product_id=?
2025-06-29T13:51:53.911+03:00 DEBUG 15320 --- [marketplace] [main] org.hibernate.SQL                        : select c1_0.product_id,c1_0.category from product_categories c1_0 where c1_0.product_id=?
2025-06-29T13:51:53.911+03:00 DEBUG 15320 --- [marketplace] [main] org.hibernate.SQL                        : select b1_0.product_id,b1_0.id,b1_0.amount,b1_0.bidder_email,b1_0.state from bids b1_0 where b1_0.product_id=?
2025-06-29T13:51:53.911+03:00 DEBUG 15320 --- [marketplace] [main] org.hibernate.SQL                        : select c1_0.product_id,c1_0.category from product_categories c1_0 where c1_0.product_id=?
2025-06-29T13:51:53.911+03:00 DEBUG 15320 --- [marketplace] [main] org.hibernate.SQL                        : select b1_0.product_id,b1_0.id,b1_0.amount,b1_0.bidder_email,b1_0.state from bids b1_0 where b1_0.product_id=?
2025-06-29T13:51:53.911+03:00 DEBUG 15320 --- [marketplace] [main] org.hibernate.SQL                        : select oa1_0.store_name,oa1_0.email,oa1_0.appointed_by from store_owners oa1_0 where oa1_0.store_name=?
2025-06-29T13:51:53.912+03:00 DEBUG 15320 --- [marketplace] [main] org.hibernate.SQL                        : select m1_0.store_name,m1_0.manager_email,m1_0.appointed_by,p1_0.manager_email,p1_0.permission from store_managers m1_0 left join manager_permissions p1_0 on m1_0.manager_email=p1_0.manager_email where m1_0.store_name=?
2025-06-29T13:51:53.914+03:00 DEBUG 15320 --- [marketplace] [main] org.hibernate.SQL                        : select s1_0.name,s1_0.balance,s1_0.description,s1_0.email,s1_0.in_store_product_id,s1_0.is_active,m1_0.store_name,m1_0.manager_email,m1_0.appointed_by,p1_0.manager_email,p1_0.permission,oa1_0.store_name,oa1_0.email,oa1_0.appointed_by,s1_0.discount_percentage,s1_0.duration_in_days,r1_0.store_name,r1_0.user_id,r1_0.review,r1_0.score from stores s1_0 left join store_managers m1_0 on s1_0.name=m1_0.store_name left join manager_permissions p1_0 on m1_0.manager_email=p1_0.manager_email left join store_owners oa1_0 on s1_0.name=oa1_0.store_name left join store_ratings r1_0 on s1_0.name=r1_0.store_name where s1_0.name=?
2025-06-29T13:51:53.915+03:00 DEBUG 15320 --- [marketplace] [main] org.hibernate.SQL                        : select ritr1_0.store_name,ritr1_0.review_id,ritr1_0.id,ritr1_0.rating,ritr1_0.review_text,ritr1_0.reviewer_id,ritr1_0.reviewer_name,ritr1_0.store_comment from review ritr1_0 where ritr1_0.store_name=?
2025-06-29T13:51:53.916+03:00 DEBUG 15320 --- [marketplace] [main] org.hibernate.SQL                        : select p1_0.store_name,p1_0.product_key,p1_0.product_id,a1_0.id,a1_0.end_time,a1_0.ended,hb1_0.id,hb1_0.amount,hb1_0.bidder_email,hb1_0.state,a1_0.starting_price,p1_0.minimum_quantity,p1_0.catalog_id,p1_0.description,p1_0.image_url,p1_0.name,p1_0.price,p1_0.quantity,r1_0.product_id,r1_0.user_id,r1_0.review,r1_0.score from shopping_product p1_0 left join auctions a1_0 on a1_0.id=p1_0.auction_id left join bids hb1_0 on hb1_0.id=a1_0.highest_bid_id left join product_ratings r1_0 on p1_0.product_id=r1_0.product_id where p1_0.store_name=?
2025-06-29T13:51:53.917+03:00 DEBUG 15320 --- [marketplace] [main] org.hibernate.SQL                        : select c1_0.product_id,c1_0.category from product_categories c1_0 where c1_0.product_id=?
2025-06-29T13:51:53.918+03:00 DEBUG 15320 --- [marketplace] [main] org.hibernate.SQL                        : select b1_0.product_id,b1_0.id,b1_0.amount,b1_0.bidder_email,b1_0.state from bids b1_0 where b1_0.product_id=?
2025-06-29T13:51:53.919+03:00 DEBUG 15320 --- [marketplace] [main] org.hibernate.SQL                        : select c1_0.product_id,c1_0.category from product_categories c1_0 where c1_0.product_id=?
2025-06-29T13:51:53.920+03:00 DEBUG 15320 --- [marketplace] [main] org.hibernate.SQL                        : select b1_0.product_id,b1_0.id,b1_0.amount,b1_0.bidder_email,b1_0.state from bids b1_0 where b1_0.product_id=?
2025-06-29T13:51:53.921+03:00 DEBUG 15320 --- [marketplace] [main] org.hibernate.SQL                        : select c1_0.product_id,c1_0.category from product_categories c1_0 where c1_0.product_id=?
2025-06-29T13:51:53.922+03:00 DEBUG 15320 --- [marketplace] [main] org.hibernate.SQL                        : select b1_0.product_id,b1_0.id,b1_0.amount,b1_0.bidder_email,b1_0.state from bids b1_0 where b1_0.product_id=?
2025-06-29T13:51:53.923+03:00 DEBUG 15320 --- [marketplace] [main] org.hibernate.SQL                        : select c1_0.product_id,c1_0.category from product_categories c1_0 where c1_0.product_id=?
2025-06-29T13:51:53.923+03:00 DEBUG 15320 --- [marketplace] [main] org.hibernate.SQL                        : select b1_0.product_id,b1_0.id,b1_0.amount,b1_0.bidder_email,b1_0.state from bids b1_0 where b1_0.product_id=?
2025-06-29T13:51:53.923+03:00 DEBUG 15320 --- [marketplace] [main] org.hibernate.SQL                        : select c1_0.product_id,c1_0.category from product_categories c1_0 where c1_0.product_id=?
2025-06-29T13:51:53.924+03:00 DEBUG 15320 --- [marketplace] [main] org.hibernate.SQL                        : select b1_0.product_id,b1_0.id,b1_0.amount,b1_0.bidder_email,b1_0.state from bids b1_0 where b1_0.product_id=?
2025-06-29T13:51:53.931+03:00 DEBUG 15320 --- [marketplace] [main] org.hibernate.SQL                        : insert into store_ratings (store_name,user_id,review,score) values (?,?,?,?)
2025-06-29T13:51:53.933+03:00 DEBUG 15320 --- [marketplace] [main] org.hibernate.SQL                        : select s1_0.name,s1_0.balance,s1_0.description,s1_0.email,s1_0.in_store_product_id,s1_0.is_active,s1_0.discount_percentage,s1_0.duration_in_days from stores s1_0 where s1_0.name=?
2025-06-29T13:51:53.935+03:00 DEBUG 15320 --- [marketplace] [main] org.hibernate.SQL                        : select ritr1_0.store_name,ritr1_0.review_id,ritr1_0.id,ritr1_0.rating,ritr1_0.review_text,ritr1_0.reviewer_id,ritr1_0.reviewer_name,ritr1_0.store_comment from review ritr1_0 where ritr1_0.store_name=?
2025-06-29T13:51:53.936+03:00 DEBUG 15320 --- [marketplace] [main] org.hibernate.SQL                        : select r1_0.store_name,r1_0.user_id,r1_0.review,r1_0.score from store_ratings r1_0 where r1_0.store_name=?
2025-06-29T13:51:53.937+03:00 DEBUG 15320 --- [marketplace] [main] org.hibernate.SQL                        : select p1_0.store_name,p1_0.product_key,p1_0.product_id,a1_0.id,a1_0.end_time,a1_0.ended,hb1_0.id,hb1_0.amount,hb1_0.bidder_email,hb1_0.state,a1_0.starting_price,p1_0.minimum_quantity,p1_0.catalog_id,p1_0.description,p1_0.image_url,p1_0.name,p1_0.price,p1_0.quantity,r1_0.product_id,r1_0.user_id,r1_0.review,r1_0.score from shopping_product p1_0 left join auctions a1_0 on a1_0.id=p1_0.auction_id left join bids hb1_0 on hb1_0.id=a1_0.highest_bid_id left join product_ratings r1_0 on p1_0.product_id=r1_0.product_id where p1_0.store_name=?
2025-06-29T13:51:53.939+03:00 DEBUG 15320 --- [marketplace] [main] org.hibernate.SQL                        : select c1_0.product_id,c1_0.category from product_categories c1_0 where c1_0.product_id=?
2025-06-29T13:51:53.940+03:00 DEBUG 15320 --- [marketplace] [main] org.hibernate.SQL                        : select b1_0.product_id,b1_0.id,b1_0.amount,b1_0.bidder_email,b1_0.state from bids b1_0 where b1_0.product_id=?
2025-06-29T13:51:53.940+03:00 DEBUG 15320 --- [marketplace] [main] org.hibernate.SQL                        : select c1_0.product_id,c1_0.category from product_categories c1_0 where c1_0.product_id=?
2025-06-29T13:51:53.941+03:00 DEBUG 15320 --- [marketplace] [main] org.hibernate.SQL                        : select b1_0.product_id,b1_0.id,b1_0.amount,b1_0.bidder_email,b1_0.state from bids b1_0 where b1_0.product_id=?
2025-06-29T13:51:53.941+03:00 DEBUG 15320 --- [marketplace] [main] org.hibernate.SQL                        : select c1_0.product_id,c1_0.category from product_categories c1_0 where c1_0.product_id=?
2025-06-29T13:51:53.941+03:00 DEBUG 15320 --- [marketplace] [main] org.hibernate.SQL                        : select b1_0.product_id,b1_0.id,b1_0.amount,b1_0.bidder_email,b1_0.state from bids b1_0 where b1_0.product_id=?
2025-06-29T13:51:53.942+03:00 DEBUG 15320 --- [marketplace] [main] org.hibernate.SQL                        : select c1_0.product_id,c1_0.category from product_categories c1_0 where c1_0.product_id=?
2025-06-29T13:51:53.942+03:00 DEBUG 15320 --- [marketplace] [main] org.hibernate.SQL                        : select b1_0.product_id,b1_0.id,b1_0.amount,b1_0.bidder_email,b1_0.state from bids b1_0 where b1_0.product_id=?
2025-06-29T13:51:53.942+03:00 DEBUG 15320 --- [marketplace] [main] org.hibernate.SQL                        : select oa1_0.store_name,oa1_0.email,oa1_0.appointed_by from store_owners oa1_0 where oa1_0.store_name=?
2025-06-29T13:51:53.943+03:00 DEBUG 15320 --- [marketplace] [main] org.hibernate.SQL                        : select m1_0.store_name,m1_0.manager_email,m1_0.appointed_by,p1_0.manager_email,p1_0.permission from store_managers m1_0 left join manager_permissions p1_0 on m1_0.manager_email=p1_0.manager_email where m1_0.store_name=?
2025-06-29T13:51:53.950+03:00 DEBUG 15320 --- [marketplace] [main] org.hibernate.SQL                        : select s1_0.name,s1_0.balance,s1_0.description,s1_0.email,s1_0.in_store_product_id,s1_0.is_active,m1_0.store_name,m1_0.manager_email,m1_0.appointed_by,p1_0.manager_email,p1_0.permission,oa1_0.store_name,oa1_0.email,oa1_0.appointed_by,s1_0.discount_percentage,s1_0.duration_in_days,r1_0.store_name,r1_0.user_id,r1_0.review,r1_0.score from stores s1_0 left join store_managers m1_0 on s1_0.name=m1_0.store_name left join manager_permissions p1_0 on m1_0.manager_email=p1_0.manager_email left join store_owners oa1_0 on s1_0.name=oa1_0.store_name left join store_ratings r1_0 on s1_0.name=r1_0.store_name where s1_0.name=?
2025-06-29T13:51:53.956+03:00 DEBUG 15320 --- [marketplace] [main] org.hibernate.SQL                        : select ritr1_0.store_name,ritr1_0.review_id,ritr1_0.id,ritr1_0.rating,ritr1_0.review_text,ritr1_0.reviewer_id,ritr1_0.reviewer_name,ritr1_0.store_comment from review ritr1_0 where ritr1_0.store_name=?
2025-06-29T13:51:53.957+03:00 DEBUG 15320 --- [marketplace] [main] org.hibernate.SQL                        : select p1_0.store_name,p1_0.product_key,p1_0.product_id,a1_0.id,a1_0.end_time,a1_0.ended,hb1_0.id,hb1_0.amount,hb1_0.bidder_email,hb1_0.state,a1_0.starting_price,p1_0.minimum_quantity,p1_0.catalog_id,p1_0.description,p1_0.image_url,p1_0.name,p1_0.price,p1_0.quantity,r1_0.product_id,r1_0.user_id,r1_0.review,r1_0.score from shopping_product p1_0 left join auctions a1_0 on a1_0.id=p1_0.auction_id left join bids hb1_0 on hb1_0.id=a1_0.highest_bid_id left join product_ratings r1_0 on p1_0.product_id=r1_0.product_id where p1_0.store_name=?
2025-06-29T13:51:53.958+03:00 DEBUG 15320 --- [marketplace] [main] org.hibernate.SQL                        : select c1_0.product_id,c1_0.category from product_categories c1_0 where c1_0.product_id=?
2025-06-29T13:51:53.958+03:00 DEBUG 15320 --- [marketplace] [main] org.hibernate.SQL                        : select b1_0.product_id,b1_0.id,b1_0.amount,b1_0.bidder_email,b1_0.state from bids b1_0 where b1_0.product_id=?
2025-06-29T13:51:53.959+03:00 DEBUG 15320 --- [marketplace] [main] org.hibernate.SQL                        : select c1_0.product_id,c1_0.category from product_categories c1_0 where c1_0.product_id=?
2025-06-29T13:51:53.959+03:00 DEBUG 15320 --- [marketplace] [main] org.hibernate.SQL                        : select b1_0.product_id,b1_0.id,b1_0.amount,b1_0.bidder_email,b1_0.state from bids b1_0 where b1_0.product_id=?
2025-06-29T13:51:53.959+03:00 DEBUG 15320 --- [marketplace] [main] org.hibernate.SQL                        : select c1_0.product_id,c1_0.category from product_categories c1_0 where c1_0.product_id=?
2025-06-29T13:51:53.959+03:00 DEBUG 15320 --- [marketplace] [main] org.hibernate.SQL                        : select b1_0.product_id,b1_0.id,b1_0.amount,b1_0.bidder_email,b1_0.state from bids b1_0 where b1_0.product_id=?
2025-06-29T13:51:53.960+03:00 DEBUG 15320 --- [marketplace] [main] org.hibernate.SQL                        : select c1_0.product_id,c1_0.category from product_categories c1_0 where c1_0.product_id=?
2025-06-29T13:51:53.961+03:00 DEBUG 15320 --- [marketplace] [main] org.hibernate.SQL                        : select b1_0.product_id,b1_0.id,b1_0.amount,b1_0.bidder_email,b1_0.state from bids b1_0 where b1_0.product_id=?
2025-06-29T13:51:53.969+03:00 DEBUG 15320 --- [marketplace] [main] org.hibernate.SQL                        : insert into product_ratings (product_id,user_id,review,score) values (?,?,?,?)
2025-06-29T13:51:53.972+03:00 DEBUG 15320 --- [marketplace] [main] org.hibernate.SQL                        : select s1_0.name,s1_0.balance,s1_0.description,s1_0.email,s1_0.in_store_product_id,s1_0.is_active,s1_0.discount_percentage,s1_0.duration_in_days from stores s1_0 where s1_0.name=?
2025-06-29T13:51:53.974+03:00 DEBUG 15320 --- [marketplace] [main] org.hibernate.SQL                        : select ritr1_0.store_name,ritr1_0.review_id,ritr1_0.id,ritr1_0.rating,ritr1_0.review_text,ritr1_0.reviewer_id,ritr1_0.reviewer_name,ritr1_0.store_comment from review ritr1_0 where ritr1_0.store_name=?
2025-06-29T13:51:53.974+03:00 DEBUG 15320 --- [marketplace] [main] org.hibernate.SQL                        : select r1_0.store_name,r1_0.user_id,r1_0.review,r1_0.score from store_ratings r1_0 where r1_0.store_name=?
2025-06-29T13:51:53.975+03:00 DEBUG 15320 --- [marketplace] [main] org.hibernate.SQL                        : select p1_0.store_name,p1_0.product_key,p1_0.product_id,a1_0.id,a1_0.end_time,a1_0.ended,hb1_0.id,hb1_0.amount,hb1_0.bidder_email,hb1_0.state,a1_0.starting_price,p1_0.minimum_quantity,p1_0.catalog_id,p1_0.description,p1_0.image_url,p1_0.name,p1_0.price,p1_0.quantity,r1_0.product_id,r1_0.user_id,r1_0.review,r1_0.score from shopping_product p1_0 left join auctions a1_0 on a1_0.id=p1_0.auction_id left join bids hb1_0 on hb1_0.id=a1_0.highest_bid_id left join product_ratings r1_0 on p1_0.product_id=r1_0.product_id where p1_0.store_name=?
2025-06-29T13:51:53.977+03:00 DEBUG 15320 --- [marketplace] [main] org.hibernate.SQL                        : select c1_0.product_id,c1_0.category from product_categories c1_0 where c1_0.product_id=?
2025-06-29T13:51:53.978+03:00 DEBUG 15320 --- [marketplace] [main] org.hibernate.SQL                        : select b1_0.product_id,b1_0.id,b1_0.amount,b1_0.bidder_email,b1_0.state from bids b1_0 where b1_0.product_id=?
2025-06-29T13:51:53.978+03:00 DEBUG 15320 --- [marketplace] [main] org.hibernate.SQL                        : select c1_0.product_id,c1_0.category from product_categories c1_0 where c1_0.product_id=?
2025-06-29T13:51:53.979+03:00 DEBUG 15320 --- [marketplace] [main] org.hibernate.SQL                        : select b1_0.product_id,b1_0.id,b1_0.amount,b1_0.bidder_email,b1_0.state from bids b1_0 where b1_0.product_id=?
2025-06-29T13:51:53.979+03:00 DEBUG 15320 --- [marketplace] [main] org.hibernate.SQL                        : select c1_0.product_id,c1_0.category from product_categories c1_0 where c1_0.product_id=?
2025-06-29T13:51:53.979+03:00 DEBUG 15320 --- [marketplace] [main] org.hibernate.SQL                        : select b1_0.product_id,b1_0.id,b1_0.amount,b1_0.bidder_email,b1_0.state from bids b1_0 where b1_0.product_id=?
2025-06-29T13:51:53.979+03:00 DEBUG 15320 --- [marketplace] [main] org.hibernate.SQL                        : select c1_0.product_id,c1_0.category from product_categories c1_0 where c1_0.product_id=?
2025-06-29T13:51:53.979+03:00 DEBUG 15320 --- [marketplace] [main] org.hibernate.SQL                        : select b1_0.product_id,b1_0.id,b1_0.amount,b1_0.bidder_email,b1_0.state from bids b1_0 where b1_0.product_id=?
2025-06-29T13:51:53.979+03:00 DEBUG 15320 --- [marketplace] [main] org.hibernate.SQL                        : select oa1_0.store_name,oa1_0.email,oa1_0.appointed_by from store_owners oa1_0 where oa1_0.store_name=?
2025-06-29T13:51:53.980+03:00 DEBUG 15320 --- [marketplace] [main] org.hibernate.SQL                        : select m1_0.store_name,m1_0.manager_email,m1_0.appointed_by,p1_0.manager_email,p1_0.permission from store_managers m1_0 left join manager_permissions p1_0 on m1_0.manager_email=p1_0.manager_email where m1_0.store_name=?
2025-06-29T13:51:53.980+03:00 DEBUG 15320 --- [marketplace] [main] org.hibernate.SQL                        : select s1_0.name,s1_0.balance,s1_0.description,s1_0.email,s1_0.in_store_product_id,s1_0.is_active,m1_0.store_name,m1_0.manager_email,m1_0.appointed_by,p1_0.manager_email,p1_0.permission,oa1_0.store_name,oa1_0.email,oa1_0.appointed_by,s1_0.discount_percentage,s1_0.duration_in_days,r1_0.store_name,r1_0.user_id,r1_0.review,r1_0.score from stores s1_0 left join store_managers m1_0 on s1_0.name=m1_0.store_name left join manager_permissions p1_0 on m1_0.manager_email=p1_0.manager_email left join store_owners oa1_0 on s1_0.name=oa1_0.store_name left join store_ratings r1_0 on s1_0.name=r1_0.store_name where s1_0.name=?
2025-06-29T13:51:53.983+03:00 DEBUG 15320 --- [marketplace] [main] org.hibernate.SQL                        : select ritr1_0.store_name,ritr1_0.review_id,ritr1_0.id,ritr1_0.rating,ritr1_0.review_text,ritr1_0.reviewer_id,ritr1_0.reviewer_name,ritr1_0.store_comment from review ritr1_0 where ritr1_0.store_name=?
2025-06-29T13:51:53.984+03:00 DEBUG 15320 --- [marketplace] [main] org.hibernate.SQL                        : select p1_0.store_name,p1_0.product_key,p1_0.product_id,a1_0.id,a1_0.end_time,a1_0.ended,hb1_0.id,hb1_0.amount,hb1_0.bidder_email,hb1_0.state,a1_0.starting_price,p1_0.minimum_quantity,p1_0.catalog_id,p1_0.description,p1_0.image_url,p1_0.name,p1_0.price,p1_0.quantity,r1_0.product_id,r1_0.user_id,r1_0.review,r1_0.score from shopping_product p1_0 left join auctions a1_0 on a1_0.id=p1_0.auction_id left join bids hb1_0 on hb1_0.id=a1_0.highest_bid_id left join product_ratings r1_0 on p1_0.product_id=r1_0.product_id where p1_0.store_name=?
2025-06-29T13:51:53.985+03:00 DEBUG 15320 --- [marketplace] [main] org.hibernate.SQL                        : select c1_0.product_id,c1_0.category from product_categories c1_0 where c1_0.product_id=?
2025-06-29T13:51:53.986+03:00 DEBUG 15320 --- [marketplace] [main] org.hibernate.SQL                        : select b1_0.product_id,b1_0.id,b1_0.amount,b1_0.bidder_email,b1_0.state from bids b1_0 where b1_0.product_id=?
2025-06-29T13:51:53.986+03:00 DEBUG 15320 --- [marketplace] [main] org.hibernate.SQL                        : select c1_0.product_id,c1_0.category from product_categories c1_0 where c1_0.product_id=?
2025-06-29T13:51:53.986+03:00 DEBUG 15320 --- [marketplace] [main] org.hibernate.SQL                        : select b1_0.product_id,b1_0.id,b1_0.amount,b1_0.bidder_email,b1_0.state from bids b1_0 where b1_0.product_id=?
2025-06-29T13:51:53.987+03:00 DEBUG 15320 --- [marketplace] [main] org.hibernate.SQL                        : select c1_0.product_id,c1_0.category from product_categories c1_0 where c1_0.product_id=?
2025-06-29T13:51:53.987+03:00 DEBUG 15320 --- [marketplace] [main] org.hibernate.SQL                        : select b1_0.product_id,b1_0.id,b1_0.amount,b1_0.bidder_email,b1_0.state from bids b1_0 where b1_0.product_id=?
2025-06-29T13:51:53.987+03:00 DEBUG 15320 --- [marketplace] [main] org.hibernate.SQL                        : select c1_0.product_id,c1_0.category from product_categories c1_0 where c1_0.product_id=?
2025-06-29T13:51:53.987+03:00 DEBUG 15320 --- [marketplace] [main] org.hibernate.SQL                        : select b1_0.product_id,b1_0.id,b1_0.amount,b1_0.bidder_email,b1_0.state from bids b1_0 where b1_0.product_id=?
2025-06-29T13:51:53.990+03:00 DEBUG 15320 --- [marketplace] [main] org.hibernate.SQL                        : insert into product_ratings (product_id,user_id,review,score) values (?,?,?,?)
2025-06-29T13:51:54.003+03:00 DEBUG 15320 --- [marketplace] [main] org.hibernate.SQL                        : select s1_0.name,s1_0.balance,s1_0.description,s1_0.email,s1_0.in_store_product_id,s1_0.is_active,s1_0.discount_percentage,s1_0.duration_in_days from stores s1_0 where s1_0.name=?
2025-06-29T13:51:54.006+03:00 DEBUG 15320 --- [marketplace] [main] org.hibernate.SQL                        : select ritr1_0.store_name,ritr1_0.review_id,ritr1_0.id,ritr1_0.rating,ritr1_0.review_text,ritr1_0.reviewer_id,ritr1_0.reviewer_name,ritr1_0.store_comment from review ritr1_0 where ritr1_0.store_name=?
2025-06-29T13:51:54.006+03:00 DEBUG 15320 --- [marketplace] [main] org.hibernate.SQL                        : select r1_0.store_name,r1_0.user_id,r1_0.review,r1_0.score from store_ratings r1_0 where r1_0.store_name=?
2025-06-29T13:51:54.007+03:00 DEBUG 15320 --- [marketplace] [main] org.hibernate.SQL                        : select p1_0.store_name,p1_0.product_key,p1_0.product_id,a1_0.id,a1_0.end_time,a1_0.ended,hb1_0.id,hb1_0.amount,hb1_0.bidder_email,hb1_0.state,a1_0.starting_price,p1_0.minimum_quantity,p1_0.catalog_id,p1_0.description,p1_0.image_url,p1_0.name,p1_0.price,p1_0.quantity,r1_0.product_id,r1_0.user_id,r1_0.review,r1_0.score from shopping_product p1_0 left join auctions a1_0 on a1_0.id=p1_0.auction_id left join bids hb1_0 on hb1_0.id=a1_0.highest_bid_id left join product_ratings r1_0 on p1_0.product_id=r1_0.product_id where p1_0.store_name=?
2025-06-29T13:51:54.009+03:00 DEBUG 15320 --- [marketplace] [main] org.hibernate.SQL                        : select c1_0.product_id,c1_0.category from product_categories c1_0 where c1_0.product_id=?
2025-06-29T13:51:54.010+03:00 DEBUG 15320 --- [marketplace] [main] org.hibernate.SQL                        : select b1_0.product_id,b1_0.id,b1_0.amount,b1_0.bidder_email,b1_0.state from bids b1_0 where b1_0.product_id=?
2025-06-29T13:51:54.010+03:00 DEBUG 15320 --- [marketplace] [main] org.hibernate.SQL                        : select c1_0.product_id,c1_0.category from product_categories c1_0 where c1_0.product_id=?
2025-06-29T13:51:54.011+03:00 DEBUG 15320 --- [marketplace] [main] org.hibernate.SQL                        : select b1_0.product_id,b1_0.id,b1_0.amount,b1_0.bidder_email,b1_0.state from bids b1_0 where b1_0.product_id=?
2025-06-29T13:51:54.011+03:00 DEBUG 15320 --- [marketplace] [main] org.hibernate.SQL                        : select c1_0.product_id,c1_0.category from product_categories c1_0 where c1_0.product_id=?
2025-06-29T13:51:54.011+03:00 DEBUG 15320 --- [marketplace] [main] org.hibernate.SQL                        : select b1_0.product_id,b1_0.id,b1_0.amount,b1_0.bidder_email,b1_0.state from bids b1_0 where b1_0.product_id=?
2025-06-29T13:51:54.011+03:00 DEBUG 15320 --- [marketplace] [main] org.hibernate.SQL                        : select c1_0.product_id,c1_0.category from product_categories c1_0 where c1_0.product_id=?
2025-06-29T13:51:54.012+03:00 DEBUG 15320 --- [marketplace] [main] org.hibernate.SQL                        : select b1_0.product_id,b1_0.id,b1_0.amount,b1_0.bidder_email,b1_0.state from bids b1_0 where b1_0.product_id=?
2025-06-29T13:51:54.012+03:00 DEBUG 15320 --- [marketplace] [main] org.hibernate.SQL                        : select oa1_0.store_name,oa1_0.email,oa1_0.appointed_by from store_owners oa1_0 where oa1_0.store_name=?
2025-06-29T13:51:54.012+03:00 DEBUG 15320 --- [marketplace] [main] org.hibernate.SQL                        : select m1_0.store_name,m1_0.manager_email,m1_0.appointed_by,p1_0.manager_email,p1_0.permission from store_managers m1_0 left join manager_permissions p1_0 on m1_0.manager_email=p1_0.manager_email where m1_0.store_name=?
2025-06-29T13:51:54.017+03:00 DEBUG 15320 --- [marketplace] [main] org.hibernate.SQL                        : select s1_0.name,s1_0.balance,s1_0.description,s1_0.email,s1_0.in_store_product_id,s1_0.is_active,m1_0.store_name,m1_0.manager_email,m1_0.appointed_by,p1_0.manager_email,p1_0.permission,oa1_0.store_name,oa1_0.email,oa1_0.appointed_by,s1_0.discount_percentage,s1_0.duration_in_days,r1_0.store_name,r1_0.user_id,r1_0.review,r1_0.score from stores s1_0 left join store_managers m1_0 on s1_0.name=m1_0.store_name left join manager_permissions p1_0 on m1_0.manager_email=p1_0.manager_email left join store_owners oa1_0 on s1_0.name=oa1_0.store_name left join store_ratings r1_0 on s1_0.name=r1_0.store_name where s1_0.name=?
2025-06-29T13:51:54.019+03:00 DEBUG 15320 --- [marketplace] [main] org.hibernate.SQL                        : select ritr1_0.store_name,ritr1_0.review_id,ritr1_0.id,ritr1_0.rating,ritr1_0.review_text,ritr1_0.reviewer_id,ritr1_0.reviewer_name,ritr1_0.store_comment from review ritr1_0 where ritr1_0.store_name=?
2025-06-29T13:51:54.020+03:00 DEBUG 15320 --- [marketplace] [main] org.hibernate.SQL                        : select p1_0.store_name,p1_0.product_key,p1_0.product_id,a1_0.id,a1_0.end_time,a1_0.ended,hb1_0.id,hb1_0.amount,hb1_0.bidder_email,hb1_0.state,a1_0.starting_price,p1_0.minimum_quantity,p1_0.catalog_id,p1_0.description,p1_0.image_url,p1_0.name,p1_0.price,p1_0.quantity,r1_0.product_id,r1_0.user_id,r1_0.review,r1_0.score from shopping_product p1_0 left join auctions a1_0 on a1_0.id=p1_0.auction_id left join bids hb1_0 on hb1_0.id=a1_0.highest_bid_id left join product_ratings r1_0 on p1_0.product_id=r1_0.product_id where p1_0.store_name=?
2025-06-29T13:51:54.021+03:00 DEBUG 15320 --- [marketplace] [main] org.hibernate.SQL                        : select c1_0.product_id,c1_0.category from product_categories c1_0 where c1_0.product_id=?
2025-06-29T13:51:54.022+03:00 DEBUG 15320 --- [marketplace] [main] org.hibernate.SQL                        : select b1_0.product_id,b1_0.id,b1_0.amount,b1_0.bidder_email,b1_0.state from bids b1_0 where b1_0.product_id=?
2025-06-29T13:51:54.022+03:00 DEBUG 15320 --- [marketplace] [main] org.hibernate.SQL                        : select c1_0.product_id,c1_0.category from product_categories c1_0 where c1_0.product_id=?
2025-06-29T13:51:54.022+03:00 DEBUG 15320 --- [marketplace] [main] org.hibernate.SQL                        : select b1_0.product_id,b1_0.id,b1_0.amount,b1_0.bidder_email,b1_0.state from bids b1_0 where b1_0.product_id=?
2025-06-29T13:51:54.023+03:00 DEBUG 15320 --- [marketplace] [main] org.hibernate.SQL                        : select c1_0.product_id,c1_0.category from product_categories c1_0 where c1_0.product_id=?
2025-06-29T13:51:54.023+03:00 DEBUG 15320 --- [marketplace] [main] org.hibernate.SQL                        : select b1_0.product_id,b1_0.id,b1_0.amount,b1_0.bidder_email,b1_0.state from bids b1_0 where b1_0.product_id=?
2025-06-29T13:51:54.023+03:00 DEBUG 15320 --- [marketplace] [main] org.hibernate.SQL                        : select c1_0.product_id,c1_0.category from product_categories c1_0 where c1_0.product_id=?
2025-06-29T13:51:54.023+03:00 DEBUG 15320 --- [marketplace] [main] org.hibernate.SQL                        : select b1_0.product_id,b1_0.id,b1_0.amount,b1_0.bidder_email,b1_0.state from bids b1_0 where b1_0.product_id=?
2025-06-29T13:51:54.031+03:00 DEBUG 15320 --- [marketplace] [main] org.hibernate.SQL                        : insert into product_ratings (product_id,user_id,review,score) values (?,?,?,?)
2025-06-29T13:51:54.035+03:00 DEBUG 15320 --- [marketplace] [main] org.hibernate.SQL                        : select s1_0.name,s1_0.balance,s1_0.description,s1_0.email,s1_0.in_store_product_id,s1_0.is_active,s1_0.discount_percentage,s1_0.duration_in_days from stores s1_0 where s1_0.name=?
2025-06-29T13:51:54.037+03:00 DEBUG 15320 --- [marketplace] [main] org.hibernate.SQL                        : select ritr1_0.store_name,ritr1_0.review_id,ritr1_0.id,ritr1_0.rating,ritr1_0.review_text,ritr1_0.reviewer_id,ritr1_0.reviewer_name,ritr1_0.store_comment from review ritr1_0 where ritr1_0.store_name=?
2025-06-29T13:51:54.038+03:00 DEBUG 15320 --- [marketplace] [main] org.hibernate.SQL                        : select r1_0.store_name,r1_0.user_id,r1_0.review,r1_0.score from store_ratings r1_0 where r1_0.store_name=?
2025-06-29T13:51:54.039+03:00 DEBUG 15320 --- [marketplace] [main] org.hibernate.SQL                        : select p1_0.store_name,p1_0.product_key,p1_0.product_id,a1_0.id,a1_0.end_time,a1_0.ended,hb1_0.id,hb1_0.amount,hb1_0.bidder_email,hb1_0.state,a1_0.starting_price,p1_0.minimum_quantity,p1_0.catalog_id,p1_0.description,p1_0.image_url,p1_0.name,p1_0.price,p1_0.quantity,r1_0.product_id,r1_0.user_id,r1_0.review,r1_0.score from shopping_product p1_0 left join auctions a1_0 on a1_0.id=p1_0.auction_id left join bids hb1_0 on hb1_0.id=a1_0.highest_bid_id left join product_ratings r1_0 on p1_0.product_id=r1_0.product_id where p1_0.store_name=?
2025-06-29T13:51:54.040+03:00 DEBUG 15320 --- [marketplace] [main] org.hibernate.SQL                        : select c1_0.product_id,c1_0.category from product_categories c1_0 where c1_0.product_id=?
2025-06-29T13:51:54.041+03:00 DEBUG 15320 --- [marketplace] [main] org.hibernate.SQL                        : select b1_0.product_id,b1_0.id,b1_0.amount,b1_0.bidder_email,b1_0.state from bids b1_0 where b1_0.product_id=?
2025-06-29T13:51:54.042+03:00 DEBUG 15320 --- [marketplace] [main] org.hibernate.SQL                        : select c1_0.product_id,c1_0.category from product_categories c1_0 where c1_0.product_id=?
2025-06-29T13:51:54.042+03:00 DEBUG 15320 --- [marketplace] [main] org.hibernate.SQL                        : select b1_0.product_id,b1_0.id,b1_0.amount,b1_0.bidder_email,b1_0.state from bids b1_0 where b1_0.product_id=?
2025-06-29T13:51:54.042+03:00 DEBUG 15320 --- [marketplace] [main] org.hibernate.SQL                        : select c1_0.product_id,c1_0.category from product_categories c1_0 where c1_0.product_id=?
2025-06-29T13:51:54.042+03:00 DEBUG 15320 --- [marketplace] [main] org.hibernate.SQL                        : select b1_0.product_id,b1_0.id,b1_0.amount,b1_0.bidder_email,b1_0.state from bids b1_0 where b1_0.product_id=?
2025-06-29T13:51:54.042+03:00 DEBUG 15320 --- [marketplace] [main] org.hibernate.SQL                        : select c1_0.product_id,c1_0.category from product_categories c1_0 where c1_0.product_id=?
2025-06-29T13:51:54.043+03:00 DEBUG 15320 --- [marketplace] [main] org.hibernate.SQL                        : select b1_0.product_id,b1_0.id,b1_0.amount,b1_0.bidder_email,b1_0.state from bids b1_0 where b1_0.product_id=?
2025-06-29T13:51:54.043+03:00 DEBUG 15320 --- [marketplace] [main] org.hibernate.SQL                        : select oa1_0.store_name,oa1_0.email,oa1_0.appointed_by from store_owners oa1_0 where oa1_0.store_name=?
2025-06-29T13:51:54.043+03:00 DEBUG 15320 --- [marketplace] [main] org.hibernate.SQL                        : select m1_0.store_name,m1_0.manager_email,m1_0.appointed_by,p1_0.manager_email,p1_0.permission from store_managers m1_0 left join manager_permissions p1_0 on m1_0.manager_email=p1_0.manager_email where m1_0.store_name=?
2025-06-29T13:51:54.045+03:00 DEBUG 15320 --- [marketplace] [main] org.hibernate.SQL                        : select s1_0.name,s1_0.balance,s1_0.description,s1_0.email,s1_0.in_store_product_id,s1_0.is_active,m1_0.store_name,m1_0.manager_email,m1_0.appointed_by,p1_0.manager_email,p1_0.permission,oa1_0.store_name,oa1_0.email,oa1_0.appointed_by,s1_0.discount_percentage,s1_0.duration_in_days,r1_0.store_name,r1_0.user_id,r1_0.review,r1_0.score from stores s1_0 left join store_managers m1_0 on s1_0.name=m1_0.store_name left join manager_permissions p1_0 on m1_0.manager_email=p1_0.manager_email left join store_owners oa1_0 on s1_0.name=oa1_0.store_name left join store_ratings r1_0 on s1_0.name=r1_0.store_name where s1_0.name=?
2025-06-29T13:51:54.049+03:00 DEBUG 15320 --- [marketplace] [main] org.hibernate.SQL                        : select ritr1_0.store_name,ritr1_0.review_id,ritr1_0.id,ritr1_0.rating,ritr1_0.review_text,ritr1_0.reviewer_id,ritr1_0.reviewer_name,ritr1_0.store_comment from review ritr1_0 where ritr1_0.store_name=?
2025-06-29T13:51:54.049+03:00 DEBUG 15320 --- [marketplace] [main] org.hibernate.SQL                        : select p1_0.store_name,p1_0.product_key,p1_0.product_id,a1_0.id,a1_0.end_time,a1_0.ended,hb1_0.id,hb1_0.amount,hb1_0.bidder_email,hb1_0.state,a1_0.starting_price,p1_0.minimum_quantity,p1_0.catalog_id,p1_0.description,p1_0.image_url,p1_0.name,p1_0.price,p1_0.quantity,r1_0.product_id,r1_0.user_id,r1_0.review,r1_0.score from shopping_product p1_0 left join auctions a1_0 on a1_0.id=p1_0.auction_id left join bids hb1_0 on hb1_0.id=a1_0.highest_bid_id left join product_ratings r1_0 on p1_0.product_id=r1_0.product_id where p1_0.store_name=?
2025-06-29T13:51:54.050+03:00 DEBUG 15320 --- [marketplace] [main] org.hibernate.SQL                        : select c1_0.product_id,c1_0.category from product_categories c1_0 where c1_0.product_id=?
2025-06-29T13:51:54.050+03:00 DEBUG 15320 --- [marketplace] [main] org.hibernate.SQL                        : select b1_0.product_id,b1_0.id,b1_0.amount,b1_0.bidder_email,b1_0.state from bids b1_0 where b1_0.product_id=?
2025-06-29T13:51:54.051+03:00 DEBUG 15320 --- [marketplace] [main] org.hibernate.SQL                        : select c1_0.product_id,c1_0.category from product_categories c1_0 where c1_0.product_id=?
2025-06-29T13:51:54.051+03:00 DEBUG 15320 --- [marketplace] [main] org.hibernate.SQL                        : select b1_0.product_id,b1_0.id,b1_0.amount,b1_0.bidder_email,b1_0.state from bids b1_0 where b1_0.product_id=?
2025-06-29T13:51:54.051+03:00 DEBUG 15320 --- [marketplace] [main] org.hibernate.SQL                        : select c1_0.product_id,c1_0.category from product_categories c1_0 where c1_0.product_id=?
2025-06-29T13:51:54.051+03:00 DEBUG 15320 --- [marketplace] [main] org.hibernate.SQL                        : select b1_0.product_id,b1_0.id,b1_0.amount,b1_0.bidder_email,b1_0.state from bids b1_0 where b1_0.product_id=?
2025-06-29T13:51:54.051+03:00 DEBUG 15320 --- [marketplace] [main] org.hibernate.SQL                        : select c1_0.product_id,c1_0.category from product_categories c1_0 where c1_0.product_id=?
2025-06-29T13:51:54.052+03:00 DEBUG 15320 --- [marketplace] [main] org.hibernate.SQL                        : select b1_0.product_id,b1_0.id,b1_0.amount,b1_0.bidder_email,b1_0.state from bids b1_0 where b1_0.product_id=?
2025-06-29T13:51:54.054+03:00 DEBUG 15320 --- [marketplace] [main] org.hibernate.SQL                        : insert into product_ratings (product_id,user_id,review,score) values (?,?,?,?)
2025-06-29T13:51:54.056+03:00 DEBUG 15320 --- [marketplace] [main] org.hibernate.SQL                        : select s1_0.name,s1_0.balance,s1_0.description,s1_0.email,s1_0.in_store_product_id,s1_0.is_active,s1_0.discount_percentage,s1_0.duration_in_days from stores s1_0 where s1_0.name=?
2025-06-29T13:51:54.060+03:00 DEBUG 15320 --- [marketplace] [main] org.hibernate.SQL                        : select ritr1_0.store_name,ritr1_0.review_id,ritr1_0.id,ritr1_0.rating,ritr1_0.review_text,ritr1_0.reviewer_id,ritr1_0.reviewer_name,ritr1_0.store_comment from review ritr1_0 where ritr1_0.store_name=?
2025-06-29T13:51:54.061+03:00 DEBUG 15320 --- [marketplace] [main] org.hibernate.SQL                        : select r1_0.store_name,r1_0.user_id,r1_0.review,r1_0.score from store_ratings r1_0 where r1_0.store_name=?
2025-06-29T13:51:54.063+03:00 DEBUG 15320 --- [marketplace] [main] org.hibernate.SQL                        : select p1_0.store_name,p1_0.product_key,p1_0.product_id,a1_0.id,a1_0.end_time,a1_0.ended,hb1_0.id,hb1_0.amount,hb1_0.bidder_email,hb1_0.state,a1_0.starting_price,p1_0.minimum_quantity,p1_0.catalog_id,p1_0.description,p1_0.image_url,p1_0.name,p1_0.price,p1_0.quantity,r1_0.product_id,r1_0.user_id,r1_0.review,r1_0.score from shopping_product p1_0 left join auctions a1_0 on a1_0.id=p1_0.auction_id left join bids hb1_0 on hb1_0.id=a1_0.highest_bid_id left join product_ratings r1_0 on p1_0.product_id=r1_0.product_id where p1_0.store_name=?
2025-06-29T13:51:54.068+03:00 DEBUG 15320 --- [marketplace] [main] org.hibernate.SQL                        : select c1_0.product_id,c1_0.category from product_categories c1_0 where c1_0.product_id=?
2025-06-29T13:51:54.069+03:00 DEBUG 15320 --- [marketplace] [main] org.hibernate.SQL                        : select b1_0.product_id,b1_0.id,b1_0.amount,b1_0.bidder_email,b1_0.state from bids b1_0 where b1_0.product_id=?
2025-06-29T13:51:54.070+03:00 DEBUG 15320 --- [marketplace] [main] org.hibernate.SQL                        : select c1_0.product_id,c1_0.category from product_categories c1_0 where c1_0.product_id=?
2025-06-29T13:51:54.070+03:00 DEBUG 15320 --- [marketplace] [main] org.hibernate.SQL                        : select b1_0.product_id,b1_0.id,b1_0.amount,b1_0.bidder_email,b1_0.state from bids b1_0 where b1_0.product_id=?
2025-06-29T13:51:54.071+03:00 DEBUG 15320 --- [marketplace] [main] org.hibernate.SQL                        : select c1_0.product_id,c1_0.category from product_categories c1_0 where c1_0.product_id=?
2025-06-29T13:51:54.071+03:00 DEBUG 15320 --- [marketplace] [main] org.hibernate.SQL                        : select b1_0.product_id,b1_0.id,b1_0.amount,b1_0.bidder_email,b1_0.state from bids b1_0 where b1_0.product_id=?
2025-06-29T13:51:54.071+03:00 DEBUG 15320 --- [marketplace] [main] org.hibernate.SQL                        : select c1_0.product_id,c1_0.category from product_categories c1_0 where c1_0.product_id=?
2025-06-29T13:51:54.071+03:00 DEBUG 15320 --- [marketplace] [main] org.hibernate.SQL                        : select b1_0.product_id,b1_0.id,b1_0.amount,b1_0.bidder_email,b1_0.state from bids b1_0 where b1_0.product_id=?
2025-06-29T13:51:54.071+03:00 DEBUG 15320 --- [marketplace] [main] org.hibernate.SQL                        : select oa1_0.store_name,oa1_0.email,oa1_0.appointed_by from store_owners oa1_0 where oa1_0.store_name=?
2025-06-29T13:51:54.072+03:00 DEBUG 15320 --- [marketplace] [main] org.hibernate.SQL                        : select m1_0.store_name,m1_0.manager_email,m1_0.appointed_by,p1_0.manager_email,p1_0.permission from store_managers m1_0 left join manager_permissions p1_0 on m1_0.manager_email=p1_0.manager_email where m1_0.store_name=?
2025-06-29T13:51:54.073+03:00 DEBUG 15320 --- [marketplace] [main] org.hibernate.SQL                        : select s1_0.name,s1_0.balance,s1_0.description,s1_0.email,s1_0.in_store_product_id,s1_0.is_active,m1_0.store_name,m1_0.manager_email,m1_0.appointed_by,p1_0.manager_email,p1_0.permission,oa1_0.store_name,oa1_0.email,oa1_0.appointed_by,s1_0.discount_percentage,s1_0.duration_in_days,r1_0.store_name,r1_0.user_id,r1_0.review,r1_0.score from stores s1_0 left join store_managers m1_0 on s1_0.name=m1_0.store_name left join manager_permissions p1_0 on m1_0.manager_email=p1_0.manager_email left join store_owners oa1_0 on s1_0.name=oa1_0.store_name left join store_ratings r1_0 on s1_0.name=r1_0.store_name where s1_0.name=?
2025-06-29T13:51:54.075+03:00 DEBUG 15320 --- [marketplace] [main] org.hibernate.SQL                        : select ritr1_0.store_name,ritr1_0.review_id,ritr1_0.id,ritr1_0.rating,ritr1_0.review_text,ritr1_0.reviewer_id,ritr1_0.reviewer_name,ritr1_0.store_comment from review ritr1_0 where ritr1_0.store_name=?
2025-06-29T13:51:54.076+03:00 DEBUG 15320 --- [marketplace] [main] org.hibernate.SQL                        : select p1_0.store_name,p1_0.product_key,p1_0.product_id,a1_0.id,a1_0.end_time,a1_0.ended,hb1_0.id,hb1_0.amount,hb1_0.bidder_email,hb1_0.state,a1_0.starting_price,p1_0.minimum_quantity,p1_0.catalog_id,p1_0.description,p1_0.image_url,p1_0.name,p1_0.price,p1_0.quantity,r1_0.product_id,r1_0.user_id,r1_0.review,r1_0.score from shopping_product p1_0 left join auctions a1_0 on a1_0.id=p1_0.auction_id left join bids hb1_0 on hb1_0.id=a1_0.highest_bid_id left join product_ratings r1_0 on p1_0.product_id=r1_0.product_id where p1_0.store_name=?
2025-06-29T13:51:54.077+03:00 DEBUG 15320 --- [marketplace] [main] org.hibernate.SQL                        : select c1_0.product_id,c1_0.category from product_categories c1_0 where c1_0.product_id=?
2025-06-29T13:51:54.080+03:00 DEBUG 15320 --- [marketplace] [main] org.hibernate.SQL                        : select b1_0.product_id,b1_0.id,b1_0.amount,b1_0.bidder_email,b1_0.state from bids b1_0 where b1_0.product_id=?
2025-06-29T13:51:54.080+03:00 DEBUG 15320 --- [marketplace] [main] org.hibernate.SQL                        : select c1_0.product_id,c1_0.category from product_categories c1_0 where c1_0.product_id=?
2025-06-29T13:51:54.081+03:00 DEBUG 15320 --- [marketplace] [main] org.hibernate.SQL                        : select b1_0.product_id,b1_0.id,b1_0.amount,b1_0.bidder_email,b1_0.state from bids b1_0 where b1_0.product_id=?
2025-06-29T13:51:54.081+03:00 DEBUG 15320 --- [marketplace] [main] org.hibernate.SQL                        : select c1_0.product_id,c1_0.category from product_categories c1_0 where c1_0.product_id=?
2025-06-29T13:51:54.082+03:00 DEBUG 15320 --- [marketplace] [main] org.hibernate.SQL                        : select b1_0.product_id,b1_0.id,b1_0.amount,b1_0.bidder_email,b1_0.state from bids b1_0 where b1_0.product_id=?
2025-06-29T13:51:54.083+03:00 DEBUG 15320 --- [marketplace] [main] org.hibernate.SQL                        : select c1_0.product_id,c1_0.category from product_categories c1_0 where c1_0.product_id=?
2025-06-29T13:51:54.083+03:00 DEBUG 15320 --- [marketplace] [main] org.hibernate.SQL                        : select b1_0.product_id,b1_0.id,b1_0.amount,b1_0.bidder_email,b1_0.state from bids b1_0 where b1_0.product_id=?
2025-06-29T13:51:54.086+03:00 DEBUG 15320 --- [marketplace] [main] org.hibernate.SQL                        : insert into product_ratings (product_id,user_id,review,score) values (?,?,?,?)
2025-06-29T13:51:54.090+03:00 DEBUG 15320 --- [marketplace] [main] org.hibernate.SQL                        : select s1_0.name,s1_0.balance,s1_0.description,s1_0.email,s1_0.in_store_product_id,s1_0.is_active,s1_0.discount_percentage,s1_0.duration_in_days from stores s1_0 where s1_0.name=?
2025-06-29T13:51:54.093+03:00 DEBUG 15320 --- [marketplace] [main] org.hibernate.SQL                        : select ritr1_0.store_name,ritr1_0.review_id,ritr1_0.id,ritr1_0.rating,ritr1_0.review_text,ritr1_0.reviewer_id,ritr1_0.reviewer_name,ritr1_0.store_comment from review ritr1_0 where ritr1_0.store_name=?
2025-06-29T13:51:54.094+03:00 DEBUG 15320 --- [marketplace] [main] org.hibernate.SQL                        : select r1_0.store_name,r1_0.user_id,r1_0.review,r1_0.score from store_ratings r1_0 where r1_0.store_name=?
2025-06-29T13:51:54.095+03:00 DEBUG 15320 --- [marketplace] [main] org.hibernate.SQL                        : select p1_0.store_name,p1_0.product_key,p1_0.product_id,a1_0.id,a1_0.end_time,a1_0.ended,hb1_0.id,hb1_0.amount,hb1_0.bidder_email,hb1_0.state,a1_0.starting_price,p1_0.minimum_quantity,p1_0.catalog_id,p1_0.description,p1_0.image_url,p1_0.name,p1_0.price,p1_0.quantity,r1_0.product_id,r1_0.user_id,r1_0.review,r1_0.score from shopping_product p1_0 left join auctions a1_0 on a1_0.id=p1_0.auction_id left join bids hb1_0 on hb1_0.id=a1_0.highest_bid_id left join product_ratings r1_0 on p1_0.product_id=r1_0.product_id where p1_0.store_name=?
2025-06-29T13:51:54.097+03:00 DEBUG 15320 --- [marketplace] [main] org.hibernate.SQL                        : select c1_0.product_id,c1_0.category from product_categories c1_0 where c1_0.product_id=?
2025-06-29T13:51:54.100+03:00 DEBUG 15320 --- [marketplace] [main] org.hibernate.SQL                        : select b1_0.product_id,b1_0.id,b1_0.amount,b1_0.bidder_email,b1_0.state from bids b1_0 where b1_0.product_id=?
2025-06-29T13:51:54.100+03:00 DEBUG 15320 --- [marketplace] [main] org.hibernate.SQL                        : select c1_0.product_id,c1_0.category from product_categories c1_0 where c1_0.product_id=?
2025-06-29T13:51:54.101+03:00 DEBUG 15320 --- [marketplace] [main] org.hibernate.SQL                        : select b1_0.product_id,b1_0.id,b1_0.amount,b1_0.bidder_email,b1_0.state from bids b1_0 where b1_0.product_id=?
2025-06-29T13:51:54.101+03:00 DEBUG 15320 --- [marketplace] [main] org.hibernate.SQL                        : select c1_0.product_id,c1_0.category from product_categories c1_0 where c1_0.product_id=?
2025-06-29T13:51:54.102+03:00 DEBUG 15320 --- [marketplace] [main] org.hibernate.SQL                        : select b1_0.product_id,b1_0.id,b1_0.amount,b1_0.bidder_email,b1_0.state from bids b1_0 where b1_0.product_id=?
2025-06-29T13:51:54.102+03:00 DEBUG 15320 --- [marketplace] [main] org.hibernate.SQL                        : select c1_0.product_id,c1_0.category from product_categories c1_0 where c1_0.product_id=?
2025-06-29T13:51:54.102+03:00 DEBUG 15320 --- [marketplace] [main] org.hibernate.SQL                        : select b1_0.product_id,b1_0.id,b1_0.amount,b1_0.bidder_email,b1_0.state from bids b1_0 where b1_0.product_id=?
2025-06-29T13:51:54.102+03:00 DEBUG 15320 --- [marketplace] [main] org.hibernate.SQL                        : select oa1_0.store_name,oa1_0.email,oa1_0.appointed_by from store_owners oa1_0 where oa1_0.store_name=?
2025-06-29T13:51:54.103+03:00 DEBUG 15320 --- [marketplace] [main] org.hibernate.SQL                        : select m1_0.store_name,m1_0.manager_email,m1_0.appointed_by,p1_0.manager_email,p1_0.permission from store_managers m1_0 left join manager_permissions p1_0 on m1_0.manager_email=p1_0.manager_email where m1_0.store_name=?
2025-06-29T13:51:54.105+03:00 DEBUG 15320 --- [marketplace] [main] org.hibernate.SQL                        : select s1_0.name,s1_0.balance,s1_0.description,s1_0.email,s1_0.in_store_product_id,s1_0.is_active,m1_0.store_name,m1_0.manager_email,m1_0.appointed_by,p1_0.manager_email,p1_0.permission,oa1_0.store_name,oa1_0.email,oa1_0.appointed_by,s1_0.discount_percentage,s1_0.duration_in_days,r1_0.store_name,r1_0.user_id,r1_0.review,r1_0.score from stores s1_0 left join store_managers m1_0 on s1_0.name=m1_0.store_name left join manager_permissions p1_0 on m1_0.manager_email=p1_0.manager_email left join store_owners oa1_0 on s1_0.name=oa1_0.store_name left join store_ratings r1_0 on s1_0.name=r1_0.store_name where s1_0.name=?
2025-06-29T13:51:54.107+03:00 DEBUG 15320 --- [marketplace] [main] org.hibernate.SQL                        : select ritr1_0.store_name,ritr1_0.review_id,ritr1_0.id,ritr1_0.rating,ritr1_0.review_text,ritr1_0.reviewer_id,ritr1_0.reviewer_name,ritr1_0.store_comment from review ritr1_0 where ritr1_0.store_name=?
2025-06-29T13:51:54.109+03:00 DEBUG 15320 --- [marketplace] [main] org.hibernate.SQL                        : select p1_0.store_name,p1_0.product_key,p1_0.product_id,a1_0.id,a1_0.end_time,a1_0.ended,hb1_0.id,hb1_0.amount,hb1_0.bidder_email,hb1_0.state,a1_0.starting_price,p1_0.minimum_quantity,p1_0.catalog_id,p1_0.description,p1_0.image_url,p1_0.name,p1_0.price,p1_0.quantity,r1_0.product_id,r1_0.user_id,r1_0.review,r1_0.score from shopping_product p1_0 left join auctions a1_0 on a1_0.id=p1_0.auction_id left join bids hb1_0 on hb1_0.id=a1_0.highest_bid_id left join product_ratings r1_0 on p1_0.product_id=r1_0.product_id where p1_0.store_name=?
2025-06-29T13:51:54.111+03:00 DEBUG 15320 --- [marketplace] [main] org.hibernate.SQL                        : select c1_0.product_id,c1_0.category from product_categories c1_0 where c1_0.product_id=?
2025-06-29T13:51:54.112+03:00 DEBUG 15320 --- [marketplace] [main] org.hibernate.SQL                        : select b1_0.product_id,b1_0.id,b1_0.amount,b1_0.bidder_email,b1_0.state from bids b1_0 where b1_0.product_id=?
2025-06-29T13:51:54.112+03:00 DEBUG 15320 --- [marketplace] [main] org.hibernate.SQL                        : select c1_0.product_id,c1_0.category from product_categories c1_0 where c1_0.product_id=?
2025-06-29T13:51:54.113+03:00 DEBUG 15320 --- [marketplace] [main] org.hibernate.SQL                        : select b1_0.product_id,b1_0.id,b1_0.amount,b1_0.bidder_email,b1_0.state from bids b1_0 where b1_0.product_id=?
2025-06-29T13:51:54.115+03:00 DEBUG 15320 --- [marketplace] [main] org.hibernate.SQL                        : select c1_0.product_id,c1_0.category from product_categories c1_0 where c1_0.product_id=?
2025-06-29T13:51:54.115+03:00 DEBUG 15320 --- [marketplace] [main] org.hibernate.SQL                        : select b1_0.product_id,b1_0.id,b1_0.amount,b1_0.bidder_email,b1_0.state from bids b1_0 where b1_0.product_id=?
2025-06-29T13:51:54.116+03:00 DEBUG 15320 --- [marketplace] [main] org.hibernate.SQL                        : select c1_0.product_id,c1_0.category from product_categories c1_0 where c1_0.product_id=?
2025-06-29T13:51:54.117+03:00 DEBUG 15320 --- [marketplace] [main] org.hibernate.SQL                        : select b1_0.product_id,b1_0.id,b1_0.amount,b1_0.bidder_email,b1_0.state from bids b1_0 where b1_0.product_id=?
2025-06-29T13:51:54.123+03:00 DEBUG 15320 --- [marketplace] [main] org.hibernate.SQL                        : insert into product_ratings (product_id,user_id,review,score) values (?,?,?,?)
2025-06-29T13:51:54.129+03:00 DEBUG 15320 --- [marketplace] [main] org.hibernate.SQL                        : select s1_0.name,s1_0.balance,s1_0.description,s1_0.email,s1_0.in_store_product_id,s1_0.is_active,s1_0.discount_percentage,s1_0.duration_in_days from stores s1_0 where s1_0.name=?
2025-06-29T13:51:54.134+03:00 DEBUG 15320 --- [marketplace] [main] org.hibernate.SQL                        : select ritr1_0.store_name,ritr1_0.review_id,ritr1_0.id,ritr1_0.rating,ritr1_0.review_text,ritr1_0.reviewer_id,ritr1_0.reviewer_name,ritr1_0.store_comment from review ritr1_0 where ritr1_0.store_name=?
2025-06-29T13:51:54.135+03:00 DEBUG 15320 --- [marketplace] [main] org.hibernate.SQL                        : select r1_0.store_name,r1_0.user_id,r1_0.review,r1_0.score from store_ratings r1_0 where r1_0.store_name=?
2025-06-29T13:51:54.135+03:00 DEBUG 15320 --- [marketplace] [main] org.hibernate.SQL                        : select p1_0.store_name,p1_0.product_key,p1_0.product_id,a1_0.id,a1_0.end_time,a1_0.ended,hb1_0.id,hb1_0.amount,hb1_0.bidder_email,hb1_0.state,a1_0.starting_price,p1_0.minimum_quantity,p1_0.catalog_id,p1_0.description,p1_0.image_url,p1_0.name,p1_0.price,p1_0.quantity,r1_0.product_id,r1_0.user_id,r1_0.review,r1_0.score from shopping_product p1_0 left join auctions a1_0 on a1_0.id=p1_0.auction_id left join bids hb1_0 on hb1_0.id=a1_0.highest_bid_id left join product_ratings r1_0 on p1_0.product_id=r1_0.product_id where p1_0.store_name=?
2025-06-29T13:51:54.140+03:00 DEBUG 15320 --- [marketplace] [main] org.hibernate.SQL                        : select c1_0.product_id,c1_0.category from product_categories c1_0 where c1_0.product_id=?
2025-06-29T13:51:54.140+03:00 DEBUG 15320 --- [marketplace] [main] org.hibernate.SQL                        : select b1_0.product_id,b1_0.id,b1_0.amount,b1_0.bidder_email,b1_0.state from bids b1_0 where b1_0.product_id=?
2025-06-29T13:51:54.140+03:00 DEBUG 15320 --- [marketplace] [main] org.hibernate.SQL                        : select c1_0.product_id,c1_0.category from product_categories c1_0 where c1_0.product_id=?
2025-06-29T13:51:54.142+03:00 DEBUG 15320 --- [marketplace] [main] org.hibernate.SQL                        : select b1_0.product_id,b1_0.id,b1_0.amount,b1_0.bidder_email,b1_0.state from bids b1_0 where b1_0.product_id=?
2025-06-29T13:51:54.143+03:00 DEBUG 15320 --- [marketplace] [main] org.hibernate.SQL                        : select c1_0.product_id,c1_0.category from product_categories c1_0 where c1_0.product_id=?
2025-06-29T13:51:54.143+03:00 DEBUG 15320 --- [marketplace] [main] org.hibernate.SQL                        : select b1_0.product_id,b1_0.id,b1_0.amount,b1_0.bidder_email,b1_0.state from bids b1_0 where b1_0.product_id=?
2025-06-29T13:51:54.144+03:00 DEBUG 15320 --- [marketplace] [main] org.hibernate.SQL                        : select c1_0.product_id,c1_0.category from product_categories c1_0 where c1_0.product_id=?
2025-06-29T13:51:54.144+03:00 DEBUG 15320 --- [marketplace] [main] org.hibernate.SQL                        : select b1_0.product_id,b1_0.id,b1_0.amount,b1_0.bidder_email,b1_0.state from bids b1_0 where b1_0.product_id=?
2025-06-29T13:51:54.144+03:00 DEBUG 15320 --- [marketplace] [main] org.hibernate.SQL                        : select oa1_0.store_name,oa1_0.email,oa1_0.appointed_by from store_owners oa1_0 where oa1_0.store_name=?
2025-06-29T13:51:54.145+03:00 DEBUG 15320 --- [marketplace] [main] org.hibernate.SQL                        : select m1_0.store_name,m1_0.manager_email,m1_0.appointed_by,p1_0.manager_email,p1_0.permission from store_managers m1_0 left join manager_permissions p1_0 on m1_0.manager_email=p1_0.manager_email where m1_0.store_name=?
2025-06-29T13:51:54.147+03:00 DEBUG 15320 --- [marketplace] [main] org.hibernate.SQL                        : select s1_0.name,s1_0.balance,s1_0.description,s1_0.email,s1_0.in_store_product_id,s1_0.is_active,m1_0.store_name,m1_0.manager_email,m1_0.appointed_by,p1_0.manager_email,p1_0.permission,oa1_0.store_name,oa1_0.email,oa1_0.appointed_by,s1_0.discount_percentage,s1_0.duration_in_days,r1_0.store_name,r1_0.user_id,r1_0.review,r1_0.score from stores s1_0 left join store_managers m1_0 on s1_0.name=m1_0.store_name left join manager_permissions p1_0 on m1_0.manager_email=p1_0.manager_email left join store_owners oa1_0 on s1_0.name=oa1_0.store_name left join store_ratings r1_0 on s1_0.name=r1_0.store_name where s1_0.name=?
2025-06-29T13:51:54.148+03:00 DEBUG 15320 --- [marketplace] [main] org.hibernate.SQL                        : select ritr1_0.store_name,ritr1_0.review_id,ritr1_0.id,ritr1_0.rating,ritr1_0.review_text,ritr1_0.reviewer_id,ritr1_0.reviewer_name,ritr1_0.store_comment from review ritr1_0 where ritr1_0.store_name=?
2025-06-29T13:51:54.149+03:00 DEBUG 15320 --- [marketplace] [main] org.hibernate.SQL                        : select p1_0.store_name,p1_0.product_key,p1_0.product_id,a1_0.id,a1_0.end_time,a1_0.ended,hb1_0.id,hb1_0.amount,hb1_0.bidder_email,hb1_0.state,a1_0.starting_price,p1_0.minimum_quantity,p1_0.catalog_id,p1_0.description,p1_0.image_url,p1_0.name,p1_0.price,p1_0.quantity,r1_0.product_id,r1_0.user_id,r1_0.review,r1_0.score from shopping_product p1_0 left join auctions a1_0 on a1_0.id=p1_0.auction_id left join bids hb1_0 on hb1_0.id=a1_0.highest_bid_id left join product_ratings r1_0 on p1_0.product_id=r1_0.product_id where p1_0.store_name=?
2025-06-29T13:51:54.150+03:00 DEBUG 15320 --- [marketplace] [main] org.hibernate.SQL                        : select c1_0.product_id,c1_0.category from product_categories c1_0 where c1_0.product_id=?
2025-06-29T13:51:54.151+03:00 DEBUG 15320 --- [marketplace] [main] org.hibernate.SQL                        : select b1_0.product_id,b1_0.id,b1_0.amount,b1_0.bidder_email,b1_0.state from bids b1_0 where b1_0.product_id=?
2025-06-29T13:51:54.151+03:00 DEBUG 15320 --- [marketplace] [main] org.hibernate.SQL                        : select c1_0.product_id,c1_0.category from product_categories c1_0 where c1_0.product_id=?
2025-06-29T13:51:54.151+03:00 DEBUG 15320 --- [marketplace] [main] org.hibernate.SQL                        : select b1_0.product_id,b1_0.id,b1_0.amount,b1_0.bidder_email,b1_0.state from bids b1_0 where b1_0.product_id=?
2025-06-29T13:51:54.151+03:00 DEBUG 15320 --- [marketplace] [main] org.hibernate.SQL                        : select c1_0.product_id,c1_0.category from product_categories c1_0 where c1_0.product_id=?
2025-06-29T13:51:54.151+03:00 DEBUG 15320 --- [marketplace] [main] org.hibernate.SQL                        : select b1_0.product_id,b1_0.id,b1_0.amount,b1_0.bidder_email,b1_0.state from bids b1_0 where b1_0.product_id=?
2025-06-29T13:51:54.151+03:00 DEBUG 15320 --- [marketplace] [main] org.hibernate.SQL                        : select c1_0.product_id,c1_0.category from product_categories c1_0 where c1_0.product_id=?
2025-06-29T13:51:54.151+03:00 DEBUG 15320 --- [marketplace] [main] org.hibernate.SQL                        : select b1_0.product_id,b1_0.id,b1_0.amount,b1_0.bidder_email,b1_0.state from bids b1_0 where b1_0.product_id=?
2025-06-29T13:51:54.154+03:00 DEBUG 15320 --- [marketplace] [main] org.hibernate.SQL                        : insert into product_ratings (product_id,user_id,review,score) values (?,?,?,?)
2025-06-29T13:51:54.156+03:00 DEBUG 15320 --- [marketplace] [main] org.hibernate.SQL                        : select s1_0.name,s1_0.balance,s1_0.description,s1_0.email,s1_0.in_store_product_id,s1_0.is_active,s1_0.discount_percentage,s1_0.duration_in_days from stores s1_0 where s1_0.name=?
2025-06-29T13:51:54.158+03:00 DEBUG 15320 --- [marketplace] [main] org.hibernate.SQL                        : select ritr1_0.store_name,ritr1_0.review_id,ritr1_0.id,ritr1_0.rating,ritr1_0.review_text,ritr1_0.reviewer_id,ritr1_0.reviewer_name,ritr1_0.store_comment from review ritr1_0 where ritr1_0.store_name=?
2025-06-29T13:51:54.159+03:00 DEBUG 15320 --- [marketplace] [main] org.hibernate.SQL                        : select r1_0.store_name,r1_0.user_id,r1_0.review,r1_0.score from store_ratings r1_0 where r1_0.store_name=?
2025-06-29T13:51:54.159+03:00 DEBUG 15320 --- [marketplace] [main] org.hibernate.SQL                        : select p1_0.store_name,p1_0.product_key,p1_0.product_id,a1_0.id,a1_0.end_time,a1_0.ended,hb1_0.id,hb1_0.amount,hb1_0.bidder_email,hb1_0.state,a1_0.starting_price,p1_0.minimum_quantity,p1_0.catalog_id,p1_0.description,p1_0.image_url,p1_0.name,p1_0.price,p1_0.quantity,r1_0.product_id,r1_0.user_id,r1_0.review,r1_0.score from shopping_product p1_0 left join auctions a1_0 on a1_0.id=p1_0.auction_id left join bids hb1_0 on hb1_0.id=a1_0.highest_bid_id left join product_ratings r1_0 on p1_0.product_id=r1_0.product_id where p1_0.store_name=?
2025-06-29T13:51:54.161+03:00 DEBUG 15320 --- [marketplace] [main] org.hibernate.SQL                        : select c1_0.product_id,c1_0.category from product_categories c1_0 where c1_0.product_id=?
2025-06-29T13:51:54.164+03:00 DEBUG 15320 --- [marketplace] [main] org.hibernate.SQL                        : select b1_0.product_id,b1_0.id,b1_0.amount,b1_0.bidder_email,b1_0.state from bids b1_0 where b1_0.product_id=?
2025-06-29T13:51:54.165+03:00 DEBUG 15320 --- [marketplace] [main] org.hibernate.SQL                        : select c1_0.product_id,c1_0.category from product_categories c1_0 where c1_0.product_id=?
2025-06-29T13:51:54.165+03:00 DEBUG 15320 --- [marketplace] [main] org.hibernate.SQL                        : select b1_0.product_id,b1_0.id,b1_0.amount,b1_0.bidder_email,b1_0.state from bids b1_0 where b1_0.product_id=?
2025-06-29T13:51:54.166+03:00 DEBUG 15320 --- [marketplace] [main] org.hibernate.SQL                        : select c1_0.product_id,c1_0.category from product_categories c1_0 where c1_0.product_id=?
2025-06-29T13:51:54.166+03:00 DEBUG 15320 --- [marketplace] [main] org.hibernate.SQL                        : select b1_0.product_id,b1_0.id,b1_0.amount,b1_0.bidder_email,b1_0.state from bids b1_0 where b1_0.product_id=?
2025-06-29T13:51:54.166+03:00 DEBUG 15320 --- [marketplace] [main] org.hibernate.SQL                        : select c1_0.product_id,c1_0.category from product_categories c1_0 where c1_0.product_id=?
2025-06-29T13:51:54.167+03:00 DEBUG 15320 --- [marketplace] [main] org.hibernate.SQL                        : select b1_0.product_id,b1_0.id,b1_0.amount,b1_0.bidder_email,b1_0.state from bids b1_0 where b1_0.product_id=?
2025-06-29T13:51:54.167+03:00 DEBUG 15320 --- [marketplace] [main] org.hibernate.SQL                        : select c1_0.product_id,c1_0.category from product_categories c1_0 where c1_0.product_id=?
2025-06-29T13:51:54.167+03:00 DEBUG 15320 --- [marketplace] [main] org.hibernate.SQL                        : select b1_0.product_id,b1_0.id,b1_0.amount,b1_0.bidder_email,b1_0.state from bids b1_0 where b1_0.product_id=?
2025-06-29T13:51:54.167+03:00 DEBUG 15320 --- [marketplace] [main] org.hibernate.SQL                        : select oa1_0.store_name,oa1_0.email,oa1_0.appointed_by from store_owners oa1_0 where oa1_0.store_name=?
2025-06-29T13:51:54.167+03:00 DEBUG 15320 --- [marketplace] [main] org.hibernate.SQL                        : select m1_0.store_name,m1_0.manager_email,m1_0.appointed_by,p1_0.manager_email,p1_0.permission from store_managers m1_0 left join manager_permissions p1_0 on m1_0.manager_email=p1_0.manager_email where m1_0.store_name=?
2025-06-29T13:51:54.169+03:00 DEBUG 15320 --- [marketplace] [main] org.hibernate.SQL                        : select s1_0.name,s1_0.balance,s1_0.description,s1_0.email,s1_0.in_store_product_id,s1_0.is_active,m1_0.store_name,m1_0.manager_email,m1_0.appointed_by,p1_0.manager_email,p1_0.permission,oa1_0.store_name,oa1_0.email,oa1_0.appointed_by,s1_0.discount_percentage,s1_0.duration_in_days,r1_0.store_name,r1_0.user_id,r1_0.review,r1_0.score from stores s1_0 left join store_managers m1_0 on s1_0.name=m1_0.store_name left join manager_permissions p1_0 on m1_0.manager_email=p1_0.manager_email left join store_owners oa1_0 on s1_0.name=oa1_0.store_name left join store_ratings r1_0 on s1_0.name=r1_0.store_name where s1_0.name=?
2025-06-29T13:51:54.170+03:00 DEBUG 15320 --- [marketplace] [main] org.hibernate.SQL                        : select ritr1_0.store_name,ritr1_0.review_id,ritr1_0.id,ritr1_0.rating,ritr1_0.review_text,ritr1_0.reviewer_id,ritr1_0.reviewer_name,ritr1_0.store_comment from review ritr1_0 where ritr1_0.store_name=?
2025-06-29T13:51:54.171+03:00 DEBUG 15320 --- [marketplace] [main] org.hibernate.SQL                        : select p1_0.store_name,p1_0.product_key,p1_0.product_id,a1_0.id,a1_0.end_time,a1_0.ended,hb1_0.id,hb1_0.amount,hb1_0.bidder_email,hb1_0.state,a1_0.starting_price,p1_0.minimum_quantity,p1_0.catalog_id,p1_0.description,p1_0.image_url,p1_0.name,p1_0.price,p1_0.quantity,r1_0.product_id,r1_0.user_id,r1_0.review,r1_0.score from shopping_product p1_0 left join auctions a1_0 on a1_0.id=p1_0.auction_id left join bids hb1_0 on hb1_0.id=a1_0.highest_bid_id left join product_ratings r1_0 on p1_0.product_id=r1_0.product_id where p1_0.store_name=?
2025-06-29T13:51:54.172+03:00 DEBUG 15320 --- [marketplace] [main] org.hibernate.SQL                        : select c1_0.product_id,c1_0.category from product_categories c1_0 where c1_0.product_id=?
2025-06-29T13:51:54.172+03:00 DEBUG 15320 --- [marketplace] [main] org.hibernate.SQL                        : select b1_0.product_id,b1_0.id,b1_0.amount,b1_0.bidder_email,b1_0.state from bids b1_0 where b1_0.product_id=?
2025-06-29T13:51:54.172+03:00 DEBUG 15320 --- [marketplace] [main] org.hibernate.SQL                        : select c1_0.product_id,c1_0.category from product_categories c1_0 where c1_0.product_id=?
2025-06-29T13:51:54.172+03:00 DEBUG 15320 --- [marketplace] [main] org.hibernate.SQL                        : select b1_0.product_id,b1_0.id,b1_0.amount,b1_0.bidder_email,b1_0.state from bids b1_0 where b1_0.product_id=?
2025-06-29T13:51:54.172+03:00 DEBUG 15320 --- [marketplace] [main] org.hibernate.SQL                        : select c1_0.product_id,c1_0.category from product_categories c1_0 where c1_0.product_id=?
2025-06-29T13:51:54.172+03:00 DEBUG 15320 --- [marketplace] [main] org.hibernate.SQL                        : select b1_0.product_id,b1_0.id,b1_0.amount,b1_0.bidder_email,b1_0.state from bids b1_0 where b1_0.product_id=?
2025-06-29T13:51:54.172+03:00 DEBUG 15320 --- [marketplace] [main] org.hibernate.SQL                        : select c1_0.product_id,c1_0.category from product_categories c1_0 where c1_0.product_id=?
2025-06-29T13:51:54.172+03:00 DEBUG 15320 --- [marketplace] [main] org.hibernate.SQL                        : select b1_0.product_id,b1_0.id,b1_0.amount,b1_0.bidder_email,b1_0.state from bids b1_0 where b1_0.product_id=?
2025-06-29T13:51:54.173+03:00 DEBUG 15320 --- [marketplace] [main] org.hibernate.SQL                        : select c1_0.product_id,c1_0.category from product_categories c1_0 where c1_0.product_id=?
2025-06-29T13:51:54.173+03:00 DEBUG 15320 --- [marketplace] [main] org.hibernate.SQL                        : select b1_0.product_id,b1_0.id,b1_0.amount,b1_0.bidder_email,b1_0.state from bids b1_0 where b1_0.product_id=?
2025-06-29T13:51:54.175+03:00 DEBUG 15320 --- [marketplace] [main] org.hibernate.SQL                        : insert into product_ratings (product_id,user_id,review,score) values (?,?,?,?)
2025-06-29T13:51:54.178+03:00 DEBUG 15320 --- [marketplace] [main] org.hibernate.SQL                        : select s1_0.name,s1_0.balance,s1_0.description,s1_0.email,s1_0.in_store_product_id,s1_0.is_active,s1_0.discount_percentage,s1_0.duration_in_days from stores s1_0 where s1_0.name=?
2025-06-29T13:51:54.179+03:00 DEBUG 15320 --- [marketplace] [main] org.hibernate.SQL                        : select ritr1_0.store_name,ritr1_0.review_id,ritr1_0.id,ritr1_0.rating,ritr1_0.review_text,ritr1_0.reviewer_id,ritr1_0.reviewer_name,ritr1_0.store_comment from review ritr1_0 where ritr1_0.store_name=?
2025-06-29T13:51:54.179+03:00 DEBUG 15320 --- [marketplace] [main] org.hibernate.SQL                        : select r1_0.store_name,r1_0.user_id,r1_0.review,r1_0.score from store_ratings r1_0 where r1_0.store_name=?
2025-06-29T13:51:54.179+03:00 DEBUG 15320 --- [marketplace] [main] org.hibernate.SQL                        : select p1_0.store_name,p1_0.product_key,p1_0.product_id,a1_0.id,a1_0.end_time,a1_0.ended,hb1_0.id,hb1_0.amount,hb1_0.bidder_email,hb1_0.state,a1_0.starting_price,p1_0.minimum_quantity,p1_0.catalog_id,p1_0.description,p1_0.image_url,p1_0.name,p1_0.price,p1_0.quantity,r1_0.product_id,r1_0.user_id,r1_0.review,r1_0.score from shopping_product p1_0 left join auctions a1_0 on a1_0.id=p1_0.auction_id left join bids hb1_0 on hb1_0.id=a1_0.highest_bid_id left join product_ratings r1_0 on p1_0.product_id=r1_0.product_id where p1_0.store_name=?
2025-06-29T13:51:54.180+03:00 DEBUG 15320 --- [marketplace] [main] org.hibernate.SQL                        : select c1_0.product_id,c1_0.category from product_categories c1_0 where c1_0.product_id=?
2025-06-29T13:51:54.181+03:00 DEBUG 15320 --- [marketplace] [main] org.hibernate.SQL                        : select b1_0.product_id,b1_0.id,b1_0.amount,b1_0.bidder_email,b1_0.state from bids b1_0 where b1_0.product_id=?
2025-06-29T13:51:54.181+03:00 DEBUG 15320 --- [marketplace] [main] org.hibernate.SQL                        : select c1_0.product_id,c1_0.category from product_categories c1_0 where c1_0.product_id=?
2025-06-29T13:51:54.181+03:00 DEBUG 15320 --- [marketplace] [main] org.hibernate.SQL                        : select b1_0.product_id,b1_0.id,b1_0.amount,b1_0.bidder_email,b1_0.state from bids b1_0 where b1_0.product_id=?
2025-06-29T13:51:54.181+03:00 DEBUG 15320 --- [marketplace] [main] org.hibernate.SQL                        : select c1_0.product_id,c1_0.category from product_categories c1_0 where c1_0.product_id=?
2025-06-29T13:51:54.181+03:00 DEBUG 15320 --- [marketplace] [main] org.hibernate.SQL                        : select b1_0.product_id,b1_0.id,b1_0.amount,b1_0.bidder_email,b1_0.state from bids b1_0 where b1_0.product_id=?
2025-06-29T13:51:54.181+03:00 DEBUG 15320 --- [marketplace] [main] org.hibernate.SQL                        : select c1_0.product_id,c1_0.category from product_categories c1_0 where c1_0.product_id=?
2025-06-29T13:51:54.182+03:00 DEBUG 15320 --- [marketplace] [main] org.hibernate.SQL                        : select b1_0.product_id,b1_0.id,b1_0.amount,b1_0.bidder_email,b1_0.state from bids b1_0 where b1_0.product_id=?
2025-06-29T13:51:54.182+03:00 DEBUG 15320 --- [marketplace] [main] org.hibernate.SQL                        : select c1_0.product_id,c1_0.category from product_categories c1_0 where c1_0.product_id=?
2025-06-29T13:51:54.182+03:00 DEBUG 15320 --- [marketplace] [main] org.hibernate.SQL                        : select b1_0.product_id,b1_0.id,b1_0.amount,b1_0.bidder_email,b1_0.state from bids b1_0 where b1_0.product_id=?
2025-06-29T13:51:54.182+03:00 DEBUG 15320 --- [marketplace] [main] org.hibernate.SQL                        : select oa1_0.store_name,oa1_0.email,oa1_0.appointed_by from store_owners oa1_0 where oa1_0.store_name=?
2025-06-29T13:51:54.182+03:00 DEBUG 15320 --- [marketplace] [main] org.hibernate.SQL                        : select m1_0.store_name,m1_0.manager_email,m1_0.appointed_by,p1_0.manager_email,p1_0.permission from store_managers m1_0 left join manager_permissions p1_0 on m1_0.manager_email=p1_0.manager_email where m1_0.store_name=?
2025-06-29T13:51:54.186+03:00 DEBUG 15320 --- [marketplace] [main] org.hibernate.SQL                        : select s1_0.name,s1_0.balance,s1_0.description,s1_0.email,s1_0.in_store_product_id,s1_0.is_active,m1_0.store_name,m1_0.manager_email,m1_0.appointed_by,p1_0.manager_email,p1_0.permission,oa1_0.store_name,oa1_0.email,oa1_0.appointed_by,s1_0.discount_percentage,s1_0.duration_in_days,r1_0.store_name,r1_0.user_id,r1_0.review,r1_0.score from stores s1_0 left join store_managers m1_0 on s1_0.name=m1_0.store_name left join manager_permissions p1_0 on m1_0.manager_email=p1_0.manager_email left join store_owners oa1_0 on s1_0.name=oa1_0.store_name left join store_ratings r1_0 on s1_0.name=r1_0.store_name where s1_0.name=?
2025-06-29T13:51:54.188+03:00 DEBUG 15320 --- [marketplace] [main] org.hibernate.SQL                        : select ritr1_0.store_name,ritr1_0.review_id,ritr1_0.id,ritr1_0.rating,ritr1_0.review_text,ritr1_0.reviewer_id,ritr1_0.reviewer_name,ritr1_0.store_comment from review ritr1_0 where ritr1_0.store_name=?
2025-06-29T13:51:54.188+03:00 DEBUG 15320 --- [marketplace] [main] org.hibernate.SQL                        : select p1_0.store_name,p1_0.product_key,p1_0.product_id,a1_0.id,a1_0.end_time,a1_0.ended,hb1_0.id,hb1_0.amount,hb1_0.bidder_email,hb1_0.state,a1_0.starting_price,p1_0.minimum_quantity,p1_0.catalog_id,p1_0.description,p1_0.image_url,p1_0.name,p1_0.price,p1_0.quantity,r1_0.product_id,r1_0.user_id,r1_0.review,r1_0.score from shopping_product p1_0 left join auctions a1_0 on a1_0.id=p1_0.auction_id left join bids hb1_0 on hb1_0.id=a1_0.highest_bid_id left join product_ratings r1_0 on p1_0.product_id=r1_0.product_id where p1_0.store_name=?
2025-06-29T13:51:54.189+03:00 DEBUG 15320 --- [marketplace] [main] org.hibernate.SQL                        : select c1_0.product_id,c1_0.category from product_categories c1_0 where c1_0.product_id=?
2025-06-29T13:51:54.189+03:00 DEBUG 15320 --- [marketplace] [main] org.hibernate.SQL                        : select b1_0.product_id,b1_0.id,b1_0.amount,b1_0.bidder_email,b1_0.state from bids b1_0 where b1_0.product_id=?
2025-06-29T13:51:54.189+03:00 DEBUG 15320 --- [marketplace] [main] org.hibernate.SQL                        : select c1_0.product_id,c1_0.category from product_categories c1_0 where c1_0.product_id=?
2025-06-29T13:51:54.189+03:00 DEBUG 15320 --- [marketplace] [main] org.hibernate.SQL                        : select b1_0.product_id,b1_0.id,b1_0.amount,b1_0.bidder_email,b1_0.state from bids b1_0 where b1_0.product_id=?
2025-06-29T13:51:54.190+03:00 DEBUG 15320 --- [marketplace] [main] org.hibernate.SQL                        : select c1_0.product_id,c1_0.category from product_categories c1_0 where c1_0.product_id=?
2025-06-29T13:51:54.190+03:00 DEBUG 15320 --- [marketplace] [main] org.hibernate.SQL                        : select b1_0.product_id,b1_0.id,b1_0.amount,b1_0.bidder_email,b1_0.state from bids b1_0 where b1_0.product_id=?
2025-06-29T13:51:54.190+03:00 DEBUG 15320 --- [marketplace] [main] org.hibernate.SQL                        : select c1_0.product_id,c1_0.category from product_categories c1_0 where c1_0.product_id=?
2025-06-29T13:51:54.190+03:00 DEBUG 15320 --- [marketplace] [main] org.hibernate.SQL                        : select b1_0.product_id,b1_0.id,b1_0.amount,b1_0.bidder_email,b1_0.state from bids b1_0 where b1_0.product_id=?
2025-06-29T13:51:54.190+03:00 DEBUG 15320 --- [marketplace] [main] org.hibernate.SQL                        : select c1_0.product_id,c1_0.category from product_categories c1_0 where c1_0.product_id=?
2025-06-29T13:51:54.190+03:00 DEBUG 15320 --- [marketplace] [main] org.hibernate.SQL                        : select b1_0.product_id,b1_0.id,b1_0.amount,b1_0.bidder_email,b1_0.state from bids b1_0 where b1_0.product_id=?
2025-06-29T13:51:54.193+03:00 DEBUG 15320 --- [marketplace] [main] org.hibernate.SQL                        : insert into product_ratings (product_id,user_id,review,score) values (?,?,?,?)
2025-06-29T13:51:54.198+03:00 DEBUG 15320 --- [marketplace] [main] org.hibernate.SQL                        : select s1_0.name,s1_0.balance,s1_0.description,s1_0.email,s1_0.in_store_product_id,s1_0.is_active,s1_0.discount_percentage,s1_0.duration_in_days from stores s1_0 where s1_0.name=?
2025-06-29T13:51:54.202+03:00 DEBUG 15320 --- [marketplace] [main] org.hibernate.SQL                        : select ritr1_0.store_name,ritr1_0.review_id,ritr1_0.id,ritr1_0.rating,ritr1_0.review_text,ritr1_0.reviewer_id,ritr1_0.reviewer_name,ritr1_0.store_comment from review ritr1_0 where ritr1_0.store_name=?
2025-06-29T13:51:54.202+03:00 DEBUG 15320 --- [marketplace] [main] org.hibernate.SQL                        : select r1_0.store_name,r1_0.user_id,r1_0.review,r1_0.score from store_ratings r1_0 where r1_0.store_name=?
2025-06-29T13:51:54.203+03:00 DEBUG 15320 --- [marketplace] [main] org.hibernate.SQL                        : select p1_0.store_name,p1_0.product_key,p1_0.product_id,a1_0.id,a1_0.end_time,a1_0.ended,hb1_0.id,hb1_0.amount,hb1_0.bidder_email,hb1_0.state,a1_0.starting_price,p1_0.minimum_quantity,p1_0.catalog_id,p1_0.description,p1_0.image_url,p1_0.name,p1_0.price,p1_0.quantity,r1_0.product_id,r1_0.user_id,r1_0.review,r1_0.score from shopping_product p1_0 left join auctions a1_0 on a1_0.id=p1_0.auction_id left join bids hb1_0 on hb1_0.id=a1_0.highest_bid_id left join product_ratings r1_0 on p1_0.product_id=r1_0.product_id where p1_0.store_name=?
2025-06-29T13:51:54.204+03:00 DEBUG 15320 --- [marketplace] [main] org.hibernate.SQL                        : select c1_0.product_id,c1_0.category from product_categories c1_0 where c1_0.product_id=?
2025-06-29T13:51:54.204+03:00 DEBUG 15320 --- [marketplace] [main] org.hibernate.SQL                        : select b1_0.product_id,b1_0.id,b1_0.amount,b1_0.bidder_email,b1_0.state from bids b1_0 where b1_0.product_id=?
2025-06-29T13:51:54.204+03:00 DEBUG 15320 --- [marketplace] [main] org.hibernate.SQL                        : select c1_0.product_id,c1_0.category from product_categories c1_0 where c1_0.product_id=?
2025-06-29T13:51:54.204+03:00 DEBUG 15320 --- [marketplace] [main] org.hibernate.SQL                        : select b1_0.product_id,b1_0.id,b1_0.amount,b1_0.bidder_email,b1_0.state from bids b1_0 where b1_0.product_id=?
2025-06-29T13:51:54.204+03:00 DEBUG 15320 --- [marketplace] [main] org.hibernate.SQL                        : select c1_0.product_id,c1_0.category from product_categories c1_0 where c1_0.product_id=?
2025-06-29T13:51:54.204+03:00 DEBUG 15320 --- [marketplace] [main] org.hibernate.SQL                        : select b1_0.product_id,b1_0.id,b1_0.amount,b1_0.bidder_email,b1_0.state from bids b1_0 where b1_0.product_id=?
2025-06-29T13:51:54.204+03:00 DEBUG 15320 --- [marketplace] [main] org.hibernate.SQL                        : select c1_0.product_id,c1_0.category from product_categories c1_0 where c1_0.product_id=?
2025-06-29T13:51:54.204+03:00 DEBUG 15320 --- [marketplace] [main] org.hibernate.SQL                        : select b1_0.product_id,b1_0.id,b1_0.amount,b1_0.bidder_email,b1_0.state from bids b1_0 where b1_0.product_id=?
2025-06-29T13:51:54.204+03:00 DEBUG 15320 --- [marketplace] [main] org.hibernate.SQL                        : select c1_0.product_id,c1_0.category from product_categories c1_0 where c1_0.product_id=?
2025-06-29T13:51:54.206+03:00 DEBUG 15320 --- [marketplace] [main] org.hibernate.SQL                        : select b1_0.product_id,b1_0.id,b1_0.amount,b1_0.bidder_email,b1_0.state from bids b1_0 where b1_0.product_id=?
2025-06-29T13:51:54.206+03:00 DEBUG 15320 --- [marketplace] [main] org.hibernate.SQL                        : select oa1_0.store_name,oa1_0.email,oa1_0.appointed_by from store_owners oa1_0 where oa1_0.store_name=?
2025-06-29T13:51:54.206+03:00 DEBUG 15320 --- [marketplace] [main] org.hibernate.SQL                        : select m1_0.store_name,m1_0.manager_email,m1_0.appointed_by,p1_0.manager_email,p1_0.permission from store_managers m1_0 left join manager_permissions p1_0 on m1_0.manager_email=p1_0.manager_email where m1_0.store_name=?
2025-06-29T13:51:54.208+03:00 DEBUG 15320 --- [marketplace] [main] org.hibernate.SQL                        : select s1_0.name,s1_0.balance,s1_0.description,s1_0.email,s1_0.in_store_product_id,s1_0.is_active,m1_0.store_name,m1_0.manager_email,m1_0.appointed_by,p1_0.manager_email,p1_0.permission,oa1_0.store_name,oa1_0.email,oa1_0.appointed_by,s1_0.discount_percentage,s1_0.duration_in_days,r1_0.store_name,r1_0.user_id,r1_0.review,r1_0.score from stores s1_0 left join store_managers m1_0 on s1_0.name=m1_0.store_name left join manager_permissions p1_0 on m1_0.manager_email=p1_0.manager_email left join store_owners oa1_0 on s1_0.name=oa1_0.store_name left join store_ratings r1_0 on s1_0.name=r1_0.store_name where s1_0.name=?
2025-06-29T13:51:54.210+03:00 DEBUG 15320 --- [marketplace] [main] org.hibernate.SQL                        : select ritr1_0.store_name,ritr1_0.review_id,ritr1_0.id,ritr1_0.rating,ritr1_0.review_text,ritr1_0.reviewer_id,ritr1_0.reviewer_name,ritr1_0.store_comment from review ritr1_0 where ritr1_0.store_name=?
2025-06-29T13:51:54.210+03:00 DEBUG 15320 --- [marketplace] [main] org.hibernate.SQL                        : select p1_0.store_name,p1_0.product_key,p1_0.product_id,a1_0.id,a1_0.end_time,a1_0.ended,hb1_0.id,hb1_0.amount,hb1_0.bidder_email,hb1_0.state,a1_0.starting_price,p1_0.minimum_quantity,p1_0.catalog_id,p1_0.description,p1_0.image_url,p1_0.name,p1_0.price,p1_0.quantity,r1_0.product_id,r1_0.user_id,r1_0.review,r1_0.score from shopping_product p1_0 left join auctions a1_0 on a1_0.id=p1_0.auction_id left join bids hb1_0 on hb1_0.id=a1_0.highest_bid_id left join product_ratings r1_0 on p1_0.product_id=r1_0.product_id where p1_0.store_name=?
2025-06-29T13:51:54.211+03:00 DEBUG 15320 --- [marketplace] [main] org.hibernate.SQL                        : select c1_0.product_id,c1_0.category from product_categories c1_0 where c1_0.product_id=?
2025-06-29T13:51:54.212+03:00 DEBUG 15320 --- [marketplace] [main] org.hibernate.SQL                        : select b1_0.product_id,b1_0.id,b1_0.amount,b1_0.bidder_email,b1_0.state from bids b1_0 where b1_0.product_id=?
2025-06-29T13:51:54.212+03:00 DEBUG 15320 --- [marketplace] [main] org.hibernate.SQL                        : select c1_0.product_id,c1_0.category from product_categories c1_0 where c1_0.product_id=?
2025-06-29T13:51:54.213+03:00 DEBUG 15320 --- [marketplace] [main] org.hibernate.SQL                        : select b1_0.product_id,b1_0.id,b1_0.amount,b1_0.bidder_email,b1_0.state from bids b1_0 where b1_0.product_id=?
2025-06-29T13:51:54.213+03:00 DEBUG 15320 --- [marketplace] [main] org.hibernate.SQL                        : select c1_0.product_id,c1_0.category from product_categories c1_0 where c1_0.product_id=?
2025-06-29T13:51:54.213+03:00 DEBUG 15320 --- [marketplace] [main] org.hibernate.SQL                        : select b1_0.product_id,b1_0.id,b1_0.amount,b1_0.bidder_email,b1_0.state from bids b1_0 where b1_0.product_id=?
2025-06-29T13:51:54.213+03:00 DEBUG 15320 --- [marketplace] [main] org.hibernate.SQL                        : select c1_0.product_id,c1_0.category from product_categories c1_0 where c1_0.product_id=?
2025-06-29T13:51:54.213+03:00 DEBUG 15320 --- [marketplace] [main] org.hibernate.SQL                        : select b1_0.product_id,b1_0.id,b1_0.amount,b1_0.bidder_email,b1_0.state from bids b1_0 where b1_0.product_id=?
2025-06-29T13:51:54.213+03:00 DEBUG 15320 --- [marketplace] [main] org.hibernate.SQL                        : select c1_0.product_id,c1_0.category from product_categories c1_0 where c1_0.product_id=?
2025-06-29T13:51:54.214+03:00 DEBUG 15320 --- [marketplace] [main] org.hibernate.SQL                        : select b1_0.product_id,b1_0.id,b1_0.amount,b1_0.bidder_email,b1_0.state from bids b1_0 where b1_0.product_id=?
2025-06-29T13:51:54.216+03:00 DEBUG 15320 --- [marketplace] [main] org.hibernate.SQL                        : insert into product_ratings (product_id,user_id,review,score) values (?,?,?,?)
2025-06-29T13:51:54.220+03:00 DEBUG 15320 --- [marketplace] [main] org.hibernate.SQL                        : select s1_0.name,s1_0.balance,s1_0.description,s1_0.email,s1_0.in_store_product_id,s1_0.is_active,s1_0.discount_percentage,s1_0.duration_in_days from stores s1_0 where s1_0.name=?
2025-06-29T13:51:54.221+03:00 DEBUG 15320 --- [marketplace] [main] org.hibernate.SQL                        : select ritr1_0.store_name,ritr1_0.review_id,ritr1_0.id,ritr1_0.rating,ritr1_0.review_text,ritr1_0.reviewer_id,ritr1_0.reviewer_name,ritr1_0.store_comment from review ritr1_0 where ritr1_0.store_name=?
2025-06-29T13:51:54.222+03:00 DEBUG 15320 --- [marketplace] [main] org.hibernate.SQL                        : select r1_0.store_name,r1_0.user_id,r1_0.review,r1_0.score from store_ratings r1_0 where r1_0.store_name=?
2025-06-29T13:51:54.222+03:00 DEBUG 15320 --- [marketplace] [main] org.hibernate.SQL                        : select p1_0.store_name,p1_0.product_key,p1_0.product_id,a1_0.id,a1_0.end_time,a1_0.ended,hb1_0.id,hb1_0.amount,hb1_0.bidder_email,hb1_0.state,a1_0.starting_price,p1_0.minimum_quantity,p1_0.catalog_id,p1_0.description,p1_0.image_url,p1_0.name,p1_0.price,p1_0.quantity,r1_0.product_id,r1_0.user_id,r1_0.review,r1_0.score from shopping_product p1_0 left join auctions a1_0 on a1_0.id=p1_0.auction_id left join bids hb1_0 on hb1_0.id=a1_0.highest_bid_id left join product_ratings r1_0 on p1_0.product_id=r1_0.product_id where p1_0.store_name=?
2025-06-29T13:51:54.223+03:00 DEBUG 15320 --- [marketplace] [main] org.hibernate.SQL                        : select c1_0.product_id,c1_0.category from product_categories c1_0 where c1_0.product_id=?
2025-06-29T13:51:54.223+03:00 DEBUG 15320 --- [marketplace] [main] org.hibernate.SQL                        : select b1_0.product_id,b1_0.id,b1_0.amount,b1_0.bidder_email,b1_0.state from bids b1_0 where b1_0.product_id=?
2025-06-29T13:51:54.224+03:00 DEBUG 15320 --- [marketplace] [main] org.hibernate.SQL                        : select c1_0.product_id,c1_0.category from product_categories c1_0 where c1_0.product_id=?
2025-06-29T13:51:54.224+03:00 DEBUG 15320 --- [marketplace] [main] org.hibernate.SQL                        : select b1_0.product_id,b1_0.id,b1_0.amount,b1_0.bidder_email,b1_0.state from bids b1_0 where b1_0.product_id=?
2025-06-29T13:51:54.225+03:00 DEBUG 15320 --- [marketplace] [main] org.hibernate.SQL                        : select c1_0.product_id,c1_0.category from product_categories c1_0 where c1_0.product_id=?
2025-06-29T13:51:54.225+03:00 DEBUG 15320 --- [marketplace] [main] org.hibernate.SQL                        : select b1_0.product_id,b1_0.id,b1_0.amount,b1_0.bidder_email,b1_0.state from bids b1_0 where b1_0.product_id=?
2025-06-29T13:51:54.225+03:00 DEBUG 15320 --- [marketplace] [main] org.hibernate.SQL                        : select c1_0.product_id,c1_0.category from product_categories c1_0 where c1_0.product_id=?
2025-06-29T13:51:54.225+03:00 DEBUG 15320 --- [marketplace] [main] org.hibernate.SQL                        : select b1_0.product_id,b1_0.id,b1_0.amount,b1_0.bidder_email,b1_0.state from bids b1_0 where b1_0.product_id=?
2025-06-29T13:51:54.225+03:00 DEBUG 15320 --- [marketplace] [main] org.hibernate.SQL                        : select c1_0.product_id,c1_0.category from product_categories c1_0 where c1_0.product_id=?
2025-06-29T13:51:54.225+03:00 DEBUG 15320 --- [marketplace] [main] org.hibernate.SQL                        : select b1_0.product_id,b1_0.id,b1_0.amount,b1_0.bidder_email,b1_0.state from bids b1_0 where b1_0.product_id=?
2025-06-29T13:51:54.225+03:00 DEBUG 15320 --- [marketplace] [main] org.hibernate.SQL                        : select oa1_0.store_name,oa1_0.email,oa1_0.appointed_by from store_owners oa1_0 where oa1_0.store_name=?
2025-06-29T13:51:54.227+03:00 DEBUG 15320 --- [marketplace] [main] org.hibernate.SQL                        : select m1_0.store_name,m1_0.manager_email,m1_0.appointed_by,p1_0.manager_email,p1_0.permission from store_managers m1_0 left join manager_permissions p1_0 on m1_0.manager_email=p1_0.manager_email where m1_0.store_name=?
2025-06-29T13:51:54.229+03:00 DEBUG 15320 --- [marketplace] [main] org.hibernate.SQL                        : select s1_0.name,s1_0.balance,s1_0.description,s1_0.email,s1_0.in_store_product_id,s1_0.is_active,m1_0.store_name,m1_0.manager_email,m1_0.appointed_by,p1_0.manager_email,p1_0.permission,oa1_0.store_name,oa1_0.email,oa1_0.appointed_by,s1_0.discount_percentage,s1_0.duration_in_days,r1_0.store_name,r1_0.user_id,r1_0.review,r1_0.score from stores s1_0 left join store_managers m1_0 on s1_0.name=m1_0.store_name left join manager_permissions p1_0 on m1_0.manager_email=p1_0.manager_email left join store_owners oa1_0 on s1_0.name=oa1_0.store_name left join store_ratings r1_0 on s1_0.name=r1_0.store_name where s1_0.name=?
2025-06-29T13:51:54.232+03:00 DEBUG 15320 --- [marketplace] [main] org.hibernate.SQL                        : select ritr1_0.store_name,ritr1_0.review_id,ritr1_0.id,ritr1_0.rating,ritr1_0.review_text,ritr1_0.reviewer_id,ritr1_0.reviewer_name,ritr1_0.store_comment from review ritr1_0 where ritr1_0.store_name=?
2025-06-29T13:51:54.233+03:00 DEBUG 15320 --- [marketplace] [main] org.hibernate.SQL                        : select p1_0.store_name,p1_0.product_key,p1_0.product_id,a1_0.id,a1_0.end_time,a1_0.ended,hb1_0.id,hb1_0.amount,hb1_0.bidder_email,hb1_0.state,a1_0.starting_price,p1_0.minimum_quantity,p1_0.catalog_id,p1_0.description,p1_0.image_url,p1_0.name,p1_0.price,p1_0.quantity,r1_0.product_id,r1_0.user_id,r1_0.review,r1_0.score from shopping_product p1_0 left join auctions a1_0 on a1_0.id=p1_0.auction_id left join bids hb1_0 on hb1_0.id=a1_0.highest_bid_id left join product_ratings r1_0 on p1_0.product_id=r1_0.product_id where p1_0.store_name=?
2025-06-29T13:51:54.235+03:00 DEBUG 15320 --- [marketplace] [main] org.hibernate.SQL                        : select c1_0.product_id,c1_0.category from product_categories c1_0 where c1_0.product_id=?
2025-06-29T13:51:54.235+03:00 DEBUG 15320 --- [marketplace] [main] org.hibernate.SQL                        : select b1_0.product_id,b1_0.id,b1_0.amount,b1_0.bidder_email,b1_0.state from bids b1_0 where b1_0.product_id=?
2025-06-29T13:51:54.235+03:00 DEBUG 15320 --- [marketplace] [main] org.hibernate.SQL                        : select c1_0.product_id,c1_0.category from product_categories c1_0 where c1_0.product_id=?
2025-06-29T13:51:54.236+03:00 DEBUG 15320 --- [marketplace] [main] org.hibernate.SQL                        : select b1_0.product_id,b1_0.id,b1_0.amount,b1_0.bidder_email,b1_0.state from bids b1_0 where b1_0.product_id=?
2025-06-29T13:51:54.236+03:00 DEBUG 15320 --- [marketplace] [main] org.hibernate.SQL                        : select c1_0.product_id,c1_0.category from product_categories c1_0 where c1_0.product_id=?
2025-06-29T13:51:54.236+03:00 DEBUG 15320 --- [marketplace] [main] org.hibernate.SQL                        : select b1_0.product_id,b1_0.id,b1_0.amount,b1_0.bidder_email,b1_0.state from bids b1_0 where b1_0.product_id=?
2025-06-29T13:51:54.236+03:00 DEBUG 15320 --- [marketplace] [main] org.hibernate.SQL                        : select c1_0.product_id,c1_0.category from product_categories c1_0 where c1_0.product_id=?
2025-06-29T13:51:54.236+03:00 DEBUG 15320 --- [marketplace] [main] org.hibernate.SQL                        : select b1_0.product_id,b1_0.id,b1_0.amount,b1_0.bidder_email,b1_0.state from bids b1_0 where b1_0.product_id=?
2025-06-29T13:51:54.236+03:00 DEBUG 15320 --- [marketplace] [main] org.hibernate.SQL                        : select c1_0.product_id,c1_0.category from product_categories c1_0 where c1_0.product_id=?
2025-06-29T13:51:54.236+03:00 DEBUG 15320 --- [marketplace] [main] org.hibernate.SQL                        : select b1_0.product_id,b1_0.id,b1_0.amount,b1_0.bidder_email,b1_0.state from bids b1_0 where b1_0.product_id=?
2025-06-29T13:51:54.238+03:00 DEBUG 15320 --- [marketplace] [main] org.hibernate.SQL                        : insert into product_ratings (product_id,user_id,review,score) values (?,?,?,?)
2025-06-29T13:51:54.242+03:00 DEBUG 15320 --- [marketplace] [main] org.hibernate.SQL                        : select s1_0.name,s1_0.balance,s1_0.description,s1_0.email,s1_0.in_store_product_id,s1_0.is_active,s1_0.discount_percentage,s1_0.duration_in_days from stores s1_0 where s1_0.name=?
2025-06-29T13:51:54.245+03:00 DEBUG 15320 --- [marketplace] [main] org.hibernate.SQL                        : select ritr1_0.store_name,ritr1_0.review_id,ritr1_0.id,ritr1_0.rating,ritr1_0.review_text,ritr1_0.reviewer_id,ritr1_0.reviewer_name,ritr1_0.store_comment from review ritr1_0 where ritr1_0.store_name=?
2025-06-29T13:51:54.245+03:00 DEBUG 15320 --- [marketplace] [main] org.hibernate.SQL                        : select r1_0.store_name,r1_0.user_id,r1_0.review,r1_0.score from store_ratings r1_0 where r1_0.store_name=?
2025-06-29T13:51:54.246+03:00 DEBUG 15320 --- [marketplace] [main] org.hibernate.SQL                        : select p1_0.store_name,p1_0.product_key,p1_0.product_id,a1_0.id,a1_0.end_time,a1_0.ended,hb1_0.id,hb1_0.amount,hb1_0.bidder_email,hb1_0.state,a1_0.starting_price,p1_0.minimum_quantity,p1_0.catalog_id,p1_0.description,p1_0.image_url,p1_0.name,p1_0.price,p1_0.quantity,r1_0.product_id,r1_0.user_id,r1_0.review,r1_0.score from shopping_product p1_0 left join auctions a1_0 on a1_0.id=p1_0.auction_id left join bids hb1_0 on hb1_0.id=a1_0.highest_bid_id left join product_ratings r1_0 on p1_0.product_id=r1_0.product_id where p1_0.store_name=?
2025-06-29T13:51:54.247+03:00 DEBUG 15320 --- [marketplace] [main] org.hibernate.SQL                        : select c1_0.product_id,c1_0.category from product_categories c1_0 where c1_0.product_id=?
2025-06-29T13:51:54.249+03:00 DEBUG 15320 --- [marketplace] [main] org.hibernate.SQL                        : select b1_0.product_id,b1_0.id,b1_0.amount,b1_0.bidder_email,b1_0.state from bids b1_0 where b1_0.product_id=?
2025-06-29T13:51:54.250+03:00 DEBUG 15320 --- [marketplace] [main] org.hibernate.SQL                        : select c1_0.product_id,c1_0.category from product_categories c1_0 where c1_0.product_id=?
2025-06-29T13:51:54.250+03:00 DEBUG 15320 --- [marketplace] [main] org.hibernate.SQL                        : select b1_0.product_id,b1_0.id,b1_0.amount,b1_0.bidder_email,b1_0.state from bids b1_0 where b1_0.product_id=?
2025-06-29T13:51:54.251+03:00 DEBUG 15320 --- [marketplace] [main] org.hibernate.SQL                        : select c1_0.product_id,c1_0.category from product_categories c1_0 where c1_0.product_id=?
2025-06-29T13:51:54.251+03:00 DEBUG 15320 --- [marketplace] [main] org.hibernate.SQL                        : select b1_0.product_id,b1_0.id,b1_0.amount,b1_0.bidder_email,b1_0.state from bids b1_0 where b1_0.product_id=?
2025-06-29T13:51:54.251+03:00 DEBUG 15320 --- [marketplace] [main] org.hibernate.SQL                        : select c1_0.product_id,c1_0.category from product_categories c1_0 where c1_0.product_id=?
2025-06-29T13:51:54.251+03:00 DEBUG 15320 --- [marketplace] [main] org.hibernate.SQL                        : select b1_0.product_id,b1_0.id,b1_0.amount,b1_0.bidder_email,b1_0.state from bids b1_0 where b1_0.product_id=?
2025-06-29T13:51:54.251+03:00 DEBUG 15320 --- [marketplace] [main] org.hibernate.SQL                        : select c1_0.product_id,c1_0.category from product_categories c1_0 where c1_0.product_id=?
2025-06-29T13:51:54.252+03:00 DEBUG 15320 --- [marketplace] [main] org.hibernate.SQL                        : select b1_0.product_id,b1_0.id,b1_0.amount,b1_0.bidder_email,b1_0.state from bids b1_0 where b1_0.product_id=?
2025-06-29T13:51:54.252+03:00 DEBUG 15320 --- [marketplace] [main] org.hibernate.SQL                        : select oa1_0.store_name,oa1_0.email,oa1_0.appointed_by from store_owners oa1_0 where oa1_0.store_name=?
2025-06-29T13:51:54.252+03:00 DEBUG 15320 --- [marketplace] [main] org.hibernate.SQL                        : select m1_0.store_name,m1_0.manager_email,m1_0.appointed_by,p1_0.manager_email,p1_0.permission from store_managers m1_0 left join manager_permissions p1_0 on m1_0.manager_email=p1_0.manager_email where m1_0.store_name=?
2025-06-29T13:51:54.253+03:00 DEBUG 15320 --- [marketplace] [main] org.hibernate.SQL                        : select s1_0.name,s1_0.balance,s1_0.description,s1_0.email,s1_0.in_store_product_id,s1_0.is_active,m1_0.store_name,m1_0.manager_email,m1_0.appointed_by,p1_0.manager_email,p1_0.permission,oa1_0.store_name,oa1_0.email,oa1_0.appointed_by,s1_0.discount_percentage,s1_0.duration_in_days,r1_0.store_name,r1_0.user_id,r1_0.review,r1_0.score from stores s1_0 left join store_managers m1_0 on s1_0.name=m1_0.store_name left join manager_permissions p1_0 on m1_0.manager_email=p1_0.manager_email left join store_owners oa1_0 on s1_0.name=oa1_0.store_name left join store_ratings r1_0 on s1_0.name=r1_0.store_name where s1_0.name=?
2025-06-29T13:51:54.255+03:00 DEBUG 15320 --- [marketplace] [main] org.hibernate.SQL                        : select ritr1_0.store_name,ritr1_0.review_id,ritr1_0.id,ritr1_0.rating,ritr1_0.review_text,ritr1_0.reviewer_id,ritr1_0.reviewer_name,ritr1_0.store_comment from review ritr1_0 where ritr1_0.store_name=?
2025-06-29T13:51:54.256+03:00 DEBUG 15320 --- [marketplace] [main] org.hibernate.SQL                        : select p1_0.store_name,p1_0.product_key,p1_0.product_id,a1_0.id,a1_0.end_time,a1_0.ended,hb1_0.id,hb1_0.amount,hb1_0.bidder_email,hb1_0.state,a1_0.starting_price,p1_0.minimum_quantity,p1_0.catalog_id,p1_0.description,p1_0.image_url,p1_0.name,p1_0.price,p1_0.quantity,r1_0.product_id,r1_0.user_id,r1_0.review,r1_0.score from shopping_product p1_0 left join auctions a1_0 on a1_0.id=p1_0.auction_id left join bids hb1_0 on hb1_0.id=a1_0.highest_bid_id left join product_ratings r1_0 on p1_0.product_id=r1_0.product_id where p1_0.store_name=?
2025-06-29T13:51:54.257+03:00 DEBUG 15320 --- [marketplace] [main] org.hibernate.SQL                        : select c1_0.product_id,c1_0.category from product_categories c1_0 where c1_0.product_id=?
2025-06-29T13:51:54.258+03:00 DEBUG 15320 --- [marketplace] [main] org.hibernate.SQL                        : select b1_0.product_id,b1_0.id,b1_0.amount,b1_0.bidder_email,b1_0.state from bids b1_0 where b1_0.product_id=?
2025-06-29T13:51:54.259+03:00 DEBUG 15320 --- [marketplace] [main] org.hibernate.SQL                        : select c1_0.product_id,c1_0.category from product_categories c1_0 where c1_0.product_id=?
2025-06-29T13:51:54.260+03:00 DEBUG 15320 --- [marketplace] [main] org.hibernate.SQL                        : select b1_0.product_id,b1_0.id,b1_0.amount,b1_0.bidder_email,b1_0.state from bids b1_0 where b1_0.product_id=?
2025-06-29T13:51:54.262+03:00 DEBUG 15320 --- [marketplace] [main] org.hibernate.SQL                        : select c1_0.product_id,c1_0.category from product_categories c1_0 where c1_0.product_id=?
2025-06-29T13:51:54.263+03:00 DEBUG 15320 --- [marketplace] [main] org.hibernate.SQL                        : select b1_0.product_id,b1_0.id,b1_0.amount,b1_0.bidder_email,b1_0.state from bids b1_0 where b1_0.product_id=?
2025-06-29T13:51:54.263+03:00 DEBUG 15320 --- [marketplace] [main] org.hibernate.SQL                        : select c1_0.product_id,c1_0.category from product_categories c1_0 where c1_0.product_id=?
2025-06-29T13:51:54.263+03:00 DEBUG 15320 --- [marketplace] [main] org.hibernate.SQL                        : select b1_0.product_id,b1_0.id,b1_0.amount,b1_0.bidder_email,b1_0.state from bids b1_0 where b1_0.product_id=?
2025-06-29T13:51:54.263+03:00 DEBUG 15320 --- [marketplace] [main] org.hibernate.SQL                        : select c1_0.product_id,c1_0.category from product_categories c1_0 where c1_0.product_id=?
2025-06-29T13:51:54.263+03:00 DEBUG 15320 --- [marketplace] [main] org.hibernate.SQL                        : select b1_0.product_id,b1_0.id,b1_0.amount,b1_0.bidder_email,b1_0.state from bids b1_0 where b1_0.product_id=?
2025-06-29T13:51:54.273+03:00 DEBUG 15320 --- [marketplace] [main] org.hibernate.SQL                        : insert into product_ratings (product_id,user_id,review,score) values (?,?,?,?)
2025-06-29T13:51:54.277+03:00 DEBUG 15320 --- [marketplace] [main] org.hibernate.SQL                        : select s1_0.name,s1_0.balance,s1_0.description,s1_0.email,s1_0.in_store_product_id,s1_0.is_active,s1_0.discount_percentage,s1_0.duration_in_days from stores s1_0 where s1_0.name=?
2025-06-29T13:51:54.281+03:00 DEBUG 15320 --- [marketplace] [main] org.hibernate.SQL                        : select ritr1_0.store_name,ritr1_0.review_id,ritr1_0.id,ritr1_0.rating,ritr1_0.review_text,ritr1_0.reviewer_id,ritr1_0.reviewer_name,ritr1_0.store_comment from review ritr1_0 where ritr1_0.store_name=?
2025-06-29T13:51:54.282+03:00 DEBUG 15320 --- [marketplace] [main] org.hibernate.SQL                        : select r1_0.store_name,r1_0.user_id,r1_0.review,r1_0.score from store_ratings r1_0 where r1_0.store_name=?
2025-06-29T13:51:54.283+03:00 DEBUG 15320 --- [marketplace] [main] org.hibernate.SQL                        : select p1_0.store_name,p1_0.product_key,p1_0.product_id,a1_0.id,a1_0.end_time,a1_0.ended,hb1_0.id,hb1_0.amount,hb1_0.bidder_email,hb1_0.state,a1_0.starting_price,p1_0.minimum_quantity,p1_0.catalog_id,p1_0.description,p1_0.image_url,p1_0.name,p1_0.price,p1_0.quantity,r1_0.product_id,r1_0.user_id,r1_0.review,r1_0.score from shopping_product p1_0 left join auctions a1_0 on a1_0.id=p1_0.auction_id left join bids hb1_0 on hb1_0.id=a1_0.highest_bid_id left join product_ratings r1_0 on p1_0.product_id=r1_0.product_id where p1_0.store_name=?
2025-06-29T13:51:54.284+03:00 DEBUG 15320 --- [marketplace] [main] org.hibernate.SQL                        : select c1_0.product_id,c1_0.category from product_categories c1_0 where c1_0.product_id=?
2025-06-29T13:51:54.284+03:00 DEBUG 15320 --- [marketplace] [main] org.hibernate.SQL                        : select b1_0.product_id,b1_0.id,b1_0.amount,b1_0.bidder_email,b1_0.state from bids b1_0 where b1_0.product_id=?
2025-06-29T13:51:54.284+03:00 DEBUG 15320 --- [marketplace] [main] org.hibernate.SQL                        : select c1_0.product_id,c1_0.category from product_categories c1_0 where c1_0.product_id=?
2025-06-29T13:51:54.284+03:00 DEBUG 15320 --- [marketplace] [main] org.hibernate.SQL                        : select b1_0.product_id,b1_0.id,b1_0.amount,b1_0.bidder_email,b1_0.state from bids b1_0 where b1_0.product_id=?
2025-06-29T13:51:54.284+03:00 DEBUG 15320 --- [marketplace] [main] org.hibernate.SQL                        : select c1_0.product_id,c1_0.category from product_categories c1_0 where c1_0.product_id=?
2025-06-29T13:51:54.285+03:00 DEBUG 15320 --- [marketplace] [main] org.hibernate.SQL                        : select b1_0.product_id,b1_0.id,b1_0.amount,b1_0.bidder_email,b1_0.state from bids b1_0 where b1_0.product_id=?
2025-06-29T13:51:54.285+03:00 DEBUG 15320 --- [marketplace] [main] org.hibernate.SQL                        : select c1_0.product_id,c1_0.category from product_categories c1_0 where c1_0.product_id=?
2025-06-29T13:51:54.285+03:00 DEBUG 15320 --- [marketplace] [main] org.hibernate.SQL                        : select b1_0.product_id,b1_0.id,b1_0.amount,b1_0.bidder_email,b1_0.state from bids b1_0 where b1_0.product_id=?
2025-06-29T13:51:54.285+03:00 DEBUG 15320 --- [marketplace] [main] org.hibernate.SQL                        : select c1_0.product_id,c1_0.category from product_categories c1_0 where c1_0.product_id=?
2025-06-29T13:51:54.285+03:00 DEBUG 15320 --- [marketplace] [main] org.hibernate.SQL                        : select b1_0.product_id,b1_0.id,b1_0.amount,b1_0.bidder_email,b1_0.state from bids b1_0 where b1_0.product_id=?
2025-06-29T13:51:54.285+03:00 DEBUG 15320 --- [marketplace] [main] org.hibernate.SQL                        : select oa1_0.store_name,oa1_0.email,oa1_0.appointed_by from store_owners oa1_0 where oa1_0.store_name=?
2025-06-29T13:51:54.286+03:00 DEBUG 15320 --- [marketplace] [main] org.hibernate.SQL                        : select m1_0.store_name,m1_0.manager_email,m1_0.appointed_by,p1_0.manager_email,p1_0.permission from store_managers m1_0 left join manager_permissions p1_0 on m1_0.manager_email=p1_0.manager_email where m1_0.store_name=?
2025-06-29T13:51:54.287+03:00 DEBUG 15320 --- [marketplace] [main] org.hibernate.SQL                        : select s1_0.name,s1_0.balance,s1_0.description,s1_0.email,s1_0.in_store_product_id,s1_0.is_active,m1_0.store_name,m1_0.manager_email,m1_0.appointed_by,p1_0.manager_email,p1_0.permission,oa1_0.store_name,oa1_0.email,oa1_0.appointed_by,s1_0.discount_percentage,s1_0.duration_in_days,r1_0.store_name,r1_0.user_id,r1_0.review,r1_0.score from stores s1_0 left join store_managers m1_0 on s1_0.name=m1_0.store_name left join manager_permissions p1_0 on m1_0.manager_email=p1_0.manager_email left join store_owners oa1_0 on s1_0.name=oa1_0.store_name left join store_ratings r1_0 on s1_0.name=r1_0.store_name where s1_0.name=?
2025-06-29T13:51:54.289+03:00 DEBUG 15320 --- [marketplace] [main] org.hibernate.SQL                        : select ritr1_0.store_name,ritr1_0.review_id,ritr1_0.id,ritr1_0.rating,ritr1_0.review_text,ritr1_0.reviewer_id,ritr1_0.reviewer_name,ritr1_0.store_comment from review ritr1_0 where ritr1_0.store_name=?
2025-06-29T13:51:54.289+03:00 DEBUG 15320 --- [marketplace] [main] org.hibernate.SQL                        : select p1_0.store_name,p1_0.product_key,p1_0.product_id,a1_0.id,a1_0.end_time,a1_0.ended,hb1_0.id,hb1_0.amount,hb1_0.bidder_email,hb1_0.state,a1_0.starting_price,p1_0.minimum_quantity,p1_0.catalog_id,p1_0.description,p1_0.image_url,p1_0.name,p1_0.price,p1_0.quantity,r1_0.product_id,r1_0.user_id,r1_0.review,r1_0.score from shopping_product p1_0 left join auctions a1_0 on a1_0.id=p1_0.auction_id left join bids hb1_0 on hb1_0.id=a1_0.highest_bid_id left join product_ratings r1_0 on p1_0.product_id=r1_0.product_id where p1_0.store_name=?
2025-06-29T13:51:54.290+03:00 DEBUG 15320 --- [marketplace] [main] org.hibernate.SQL                        : select c1_0.product_id,c1_0.category from product_categories c1_0 where c1_0.product_id=?
2025-06-29T13:51:54.290+03:00 DEBUG 15320 --- [marketplace] [main] org.hibernate.SQL                        : select b1_0.product_id,b1_0.id,b1_0.amount,b1_0.bidder_email,b1_0.state from bids b1_0 where b1_0.product_id=?
2025-06-29T13:51:54.290+03:00 DEBUG 15320 --- [marketplace] [main] org.hibernate.SQL                        : select c1_0.product_id,c1_0.category from product_categories c1_0 where c1_0.product_id=?
2025-06-29T13:51:54.290+03:00 DEBUG 15320 --- [marketplace] [main] org.hibernate.SQL                        : select b1_0.product_id,b1_0.id,b1_0.amount,b1_0.bidder_email,b1_0.state from bids b1_0 where b1_0.product_id=?
2025-06-29T13:51:54.290+03:00 DEBUG 15320 --- [marketplace] [main] org.hibernate.SQL                        : select c1_0.product_id,c1_0.category from product_categories c1_0 where c1_0.product_id=?
2025-06-29T13:51:54.291+03:00 DEBUG 15320 --- [marketplace] [main] org.hibernate.SQL                        : select b1_0.product_id,b1_0.id,b1_0.amount,b1_0.bidder_email,b1_0.state from bids b1_0 where b1_0.product_id=?
2025-06-29T13:51:54.291+03:00 DEBUG 15320 --- [marketplace] [main] org.hibernate.SQL                        : select c1_0.product_id,c1_0.category from product_categories c1_0 where c1_0.product_id=?
2025-06-29T13:51:54.291+03:00 DEBUG 15320 --- [marketplace] [main] org.hibernate.SQL                        : select b1_0.product_id,b1_0.id,b1_0.amount,b1_0.bidder_email,b1_0.state from bids b1_0 where b1_0.product_id=?
2025-06-29T13:51:54.291+03:00 DEBUG 15320 --- [marketplace] [main] org.hibernate.SQL                        : select c1_0.product_id,c1_0.category from product_categories c1_0 where c1_0.product_id=?
2025-06-29T13:51:54.292+03:00 DEBUG 15320 --- [marketplace] [main] org.hibernate.SQL                        : select b1_0.product_id,b1_0.id,b1_0.amount,b1_0.bidder_email,b1_0.state from bids b1_0 where b1_0.product_id=?
2025-06-29T13:51:54.295+03:00 DEBUG 15320 --- [marketplace] [main] org.hibernate.SQL                        : insert into product_ratings (product_id,user_id,review,score) values (?,?,?,?)
2025-06-29T13:51:54.298+03:00 DEBUG 15320 --- [marketplace] [main] org.hibernate.SQL                        : select s1_0.name,s1_0.balance,s1_0.description,s1_0.email,s1_0.in_store_product_id,s1_0.is_active,s1_0.discount_percentage,s1_0.duration_in_days from stores s1_0 where s1_0.name=?
2025-06-29T13:51:54.300+03:00 DEBUG 15320 --- [marketplace] [main] org.hibernate.SQL                        : select ritr1_0.store_name,ritr1_0.review_id,ritr1_0.id,ritr1_0.rating,ritr1_0.review_text,ritr1_0.reviewer_id,ritr1_0.reviewer_name,ritr1_0.store_comment from review ritr1_0 where ritr1_0.store_name=?
2025-06-29T13:51:54.302+03:00 DEBUG 15320 --- [marketplace] [main] org.hibernate.SQL                        : select r1_0.store_name,r1_0.user_id,r1_0.review,r1_0.score from store_ratings r1_0 where r1_0.store_name=?
2025-06-29T13:51:54.304+03:00 DEBUG 15320 --- [marketplace] [main] org.hibernate.SQL                        : select p1_0.store_name,p1_0.product_key,p1_0.product_id,a1_0.id,a1_0.end_time,a1_0.ended,hb1_0.id,hb1_0.amount,hb1_0.bidder_email,hb1_0.state,a1_0.starting_price,p1_0.minimum_quantity,p1_0.catalog_id,p1_0.description,p1_0.image_url,p1_0.name,p1_0.price,p1_0.quantity,r1_0.product_id,r1_0.user_id,r1_0.review,r1_0.score from shopping_product p1_0 left join auctions a1_0 on a1_0.id=p1_0.auction_id left join bids hb1_0 on hb1_0.id=a1_0.highest_bid_id left join product_ratings r1_0 on p1_0.product_id=r1_0.product_id where p1_0.store_name=?
2025-06-29T13:51:54.306+03:00 DEBUG 15320 --- [marketplace] [main] org.hibernate.SQL                        : select c1_0.product_id,c1_0.category from product_categories c1_0 where c1_0.product_id=?
2025-06-29T13:51:54.306+03:00 DEBUG 15320 --- [marketplace] [main] org.hibernate.SQL                        : select b1_0.product_id,b1_0.id,b1_0.amount,b1_0.bidder_email,b1_0.state from bids b1_0 where b1_0.product_id=?
2025-06-29T13:51:54.306+03:00 DEBUG 15320 --- [marketplace] [main] org.hibernate.SQL                        : select c1_0.product_id,c1_0.category from product_categories c1_0 where c1_0.product_id=?
2025-06-29T13:51:54.306+03:00 DEBUG 15320 --- [marketplace] [main] org.hibernate.SQL                        : select b1_0.product_id,b1_0.id,b1_0.amount,b1_0.bidder_email,b1_0.state from bids b1_0 where b1_0.product_id=?
2025-06-29T13:51:54.306+03:00 DEBUG 15320 --- [marketplace] [main] org.hibernate.SQL                        : select c1_0.product_id,c1_0.category from product_categories c1_0 where c1_0.product_id=?
2025-06-29T13:51:54.307+03:00 DEBUG 15320 --- [marketplace] [main] org.hibernate.SQL                        : select b1_0.product_id,b1_0.id,b1_0.amount,b1_0.bidder_email,b1_0.state from bids b1_0 where b1_0.product_id=?
2025-06-29T13:51:54.307+03:00 DEBUG 15320 --- [marketplace] [main] org.hibernate.SQL                        : select c1_0.product_id,c1_0.category from product_categories c1_0 where c1_0.product_id=?
2025-06-29T13:51:54.307+03:00 DEBUG 15320 --- [marketplace] [main] org.hibernate.SQL                        : select b1_0.product_id,b1_0.id,b1_0.amount,b1_0.bidder_email,b1_0.state from bids b1_0 where b1_0.product_id=?
2025-06-29T13:51:54.307+03:00 DEBUG 15320 --- [marketplace] [main] org.hibernate.SQL                        : select c1_0.product_id,c1_0.category from product_categories c1_0 where c1_0.product_id=?
2025-06-29T13:51:54.307+03:00 DEBUG 15320 --- [marketplace] [main] org.hibernate.SQL                        : select b1_0.product_id,b1_0.id,b1_0.amount,b1_0.bidder_email,b1_0.state from bids b1_0 where b1_0.product_id=?
2025-06-29T13:51:54.307+03:00 DEBUG 15320 --- [marketplace] [main] org.hibernate.SQL                        : select oa1_0.store_name,oa1_0.email,oa1_0.appointed_by from store_owners oa1_0 where oa1_0.store_name=?
2025-06-29T13:51:54.307+03:00 DEBUG 15320 --- [marketplace] [main] org.hibernate.SQL                        : select m1_0.store_name,m1_0.manager_email,m1_0.appointed_by,p1_0.manager_email,p1_0.permission from store_managers m1_0 left join manager_permissions p1_0 on m1_0.manager_email=p1_0.manager_email where m1_0.store_name=?
2025-06-29T13:51:54.309+03:00 DEBUG 15320 --- [marketplace] [main] org.hibernate.SQL                        : select s1_0.name,s1_0.balance,s1_0.description,s1_0.email,s1_0.in_store_product_id,s1_0.is_active,m1_0.store_name,m1_0.manager_email,m1_0.appointed_by,p1_0.manager_email,p1_0.permission,oa1_0.store_name,oa1_0.email,oa1_0.appointed_by,s1_0.discount_percentage,s1_0.duration_in_days,r1_0.store_name,r1_0.user_id,r1_0.review,r1_0.score from stores s1_0 left join store_managers m1_0 on s1_0.name=m1_0.store_name left join manager_permissions p1_0 on m1_0.manager_email=p1_0.manager_email left join store_owners oa1_0 on s1_0.name=oa1_0.store_name left join store_ratings r1_0 on s1_0.name=r1_0.store_name where s1_0.name=?
2025-06-29T13:51:54.311+03:00 DEBUG 15320 --- [marketplace] [main] org.hibernate.SQL                        : select ritr1_0.store_name,ritr1_0.review_id,ritr1_0.id,ritr1_0.rating,ritr1_0.review_text,ritr1_0.reviewer_id,ritr1_0.reviewer_name,ritr1_0.store_comment from review ritr1_0 where ritr1_0.store_name=?
2025-06-29T13:51:54.311+03:00 DEBUG 15320 --- [marketplace] [main] org.hibernate.SQL                        : select p1_0.store_name,p1_0.product_key,p1_0.product_id,a1_0.id,a1_0.end_time,a1_0.ended,hb1_0.id,hb1_0.amount,hb1_0.bidder_email,hb1_0.state,a1_0.starting_price,p1_0.minimum_quantity,p1_0.catalog_id,p1_0.description,p1_0.image_url,p1_0.name,p1_0.price,p1_0.quantity,r1_0.product_id,r1_0.user_id,r1_0.review,r1_0.score from shopping_product p1_0 left join auctions a1_0 on a1_0.id=p1_0.auction_id left join bids hb1_0 on hb1_0.id=a1_0.highest_bid_id left join product_ratings r1_0 on p1_0.product_id=r1_0.product_id where p1_0.store_name=?
2025-06-29T13:51:54.312+03:00 DEBUG 15320 --- [marketplace] [main] org.hibernate.SQL                        : select c1_0.product_id,c1_0.category from product_categories c1_0 where c1_0.product_id=?
2025-06-29T13:51:54.312+03:00 DEBUG 15320 --- [marketplace] [main] org.hibernate.SQL                        : select b1_0.product_id,b1_0.id,b1_0.amount,b1_0.bidder_email,b1_0.state from bids b1_0 where b1_0.product_id=?
2025-06-29T13:51:54.313+03:00 DEBUG 15320 --- [marketplace] [main] org.hibernate.SQL                        : select c1_0.product_id,c1_0.category from product_categories c1_0 where c1_0.product_id=?
2025-06-29T13:51:54.313+03:00 DEBUG 15320 --- [marketplace] [main] org.hibernate.SQL                        : select b1_0.product_id,b1_0.id,b1_0.amount,b1_0.bidder_email,b1_0.state from bids b1_0 where b1_0.product_id=?
2025-06-29T13:51:54.314+03:00 DEBUG 15320 --- [marketplace] [main] org.hibernate.SQL                        : select c1_0.product_id,c1_0.category from product_categories c1_0 where c1_0.product_id=?
2025-06-29T13:51:54.314+03:00 DEBUG 15320 --- [marketplace] [main] org.hibernate.SQL                        : select b1_0.product_id,b1_0.id,b1_0.amount,b1_0.bidder_email,b1_0.state from bids b1_0 where b1_0.product_id=?
2025-06-29T13:51:54.314+03:00 DEBUG 15320 --- [marketplace] [main] org.hibernate.SQL                        : select c1_0.product_id,c1_0.category from product_categories c1_0 where c1_0.product_id=?
2025-06-29T13:51:54.315+03:00 DEBUG 15320 --- [marketplace] [main] org.hibernate.SQL                        : select b1_0.product_id,b1_0.id,b1_0.amount,b1_0.bidder_email,b1_0.state from bids b1_0 where b1_0.product_id=?
2025-06-29T13:51:54.315+03:00 DEBUG 15320 --- [marketplace] [main] org.hibernate.SQL                        : select c1_0.product_id,c1_0.category from product_categories c1_0 where c1_0.product_id=?
2025-06-29T13:51:54.315+03:00 DEBUG 15320 --- [marketplace] [main] org.hibernate.SQL                        : select b1_0.product_id,b1_0.id,b1_0.amount,b1_0.bidder_email,b1_0.state from bids b1_0 where b1_0.product_id=?
2025-06-29T13:51:54.318+03:00 DEBUG 15320 --- [marketplace] [main] org.hibernate.SQL                        : insert into product_ratings (product_id,user_id,review,score) values (?,?,?,?)
2025-06-29T13:51:54.321+03:00 DEBUG 15320 --- [marketplace] [main] org.hibernate.SQL                        : select s1_0.name,s1_0.balance,s1_0.description,s1_0.email,s1_0.in_store_product_id,s1_0.is_active,s1_0.discount_percentage,s1_0.duration_in_days from stores s1_0 where s1_0.name=?
2025-06-29T13:51:54.326+03:00 DEBUG 15320 --- [marketplace] [main] org.hibernate.SQL                        : select ritr1_0.store_name,ritr1_0.review_id,ritr1_0.id,ritr1_0.rating,ritr1_0.review_text,ritr1_0.reviewer_id,ritr1_0.reviewer_name,ritr1_0.store_comment from review ritr1_0 where ritr1_0.store_name=?
2025-06-29T13:51:54.327+03:00 DEBUG 15320 --- [marketplace] [main] org.hibernate.SQL                        : select r1_0.store_name,r1_0.user_id,r1_0.review,r1_0.score from store_ratings r1_0 where r1_0.store_name=?
2025-06-29T13:51:54.328+03:00 DEBUG 15320 --- [marketplace] [main] org.hibernate.SQL                        : select p1_0.store_name,p1_0.product_key,p1_0.product_id,a1_0.id,a1_0.end_time,a1_0.ended,hb1_0.id,hb1_0.amount,hb1_0.bidder_email,hb1_0.state,a1_0.starting_price,p1_0.minimum_quantity,p1_0.catalog_id,p1_0.description,p1_0.image_url,p1_0.name,p1_0.price,p1_0.quantity,r1_0.product_id,r1_0.user_id,r1_0.review,r1_0.score from shopping_product p1_0 left join auctions a1_0 on a1_0.id=p1_0.auction_id left join bids hb1_0 on hb1_0.id=a1_0.highest_bid_id left join product_ratings r1_0 on p1_0.product_id=r1_0.product_id where p1_0.store_name=?
2025-06-29T13:51:54.329+03:00 DEBUG 15320 --- [marketplace] [main] org.hibernate.SQL                        : select c1_0.product_id,c1_0.category from product_categories c1_0 where c1_0.product_id=?
2025-06-29T13:51:54.329+03:00 DEBUG 15320 --- [marketplace] [main] org.hibernate.SQL                        : select b1_0.product_id,b1_0.id,b1_0.amount,b1_0.bidder_email,b1_0.state from bids b1_0 where b1_0.product_id=?
2025-06-29T13:51:54.330+03:00 DEBUG 15320 --- [marketplace] [main] org.hibernate.SQL                        : select c1_0.product_id,c1_0.category from product_categories c1_0 where c1_0.product_id=?
2025-06-29T13:51:54.330+03:00 DEBUG 15320 --- [marketplace] [main] org.hibernate.SQL                        : select b1_0.product_id,b1_0.id,b1_0.amount,b1_0.bidder_email,b1_0.state from bids b1_0 where b1_0.product_id=?
2025-06-29T13:51:54.330+03:00 DEBUG 15320 --- [marketplace] [main] org.hibernate.SQL                        : select c1_0.product_id,c1_0.category from product_categories c1_0 where c1_0.product_id=?
2025-06-29T13:51:54.330+03:00 DEBUG 15320 --- [marketplace] [main] org.hibernate.SQL                        : select b1_0.product_id,b1_0.id,b1_0.amount,b1_0.bidder_email,b1_0.state from bids b1_0 where b1_0.product_id=?
2025-06-29T13:51:54.330+03:00 DEBUG 15320 --- [marketplace] [main] org.hibernate.SQL                        : select c1_0.product_id,c1_0.category from product_categories c1_0 where c1_0.product_id=?
2025-06-29T13:51:54.330+03:00 DEBUG 15320 --- [marketplace] [main] org.hibernate.SQL                        : select b1_0.product_id,b1_0.id,b1_0.amount,b1_0.bidder_email,b1_0.state from bids b1_0 where b1_0.product_id=?
2025-06-29T13:51:54.330+03:00 DEBUG 15320 --- [marketplace] [main] org.hibernate.SQL                        : select c1_0.product_id,c1_0.category from product_categories c1_0 where c1_0.product_id=?
2025-06-29T13:51:54.330+03:00 DEBUG 15320 --- [marketplace] [main] org.hibernate.SQL                        : select b1_0.product_id,b1_0.id,b1_0.amount,b1_0.bidder_email,b1_0.state from bids b1_0 where b1_0.product_id=?
2025-06-29T13:51:54.330+03:00 DEBUG 15320 --- [marketplace] [main] org.hibernate.SQL                        : select oa1_0.store_name,oa1_0.email,oa1_0.appointed_by from store_owners oa1_0 where oa1_0.store_name=?
2025-06-29T13:51:54.331+03:00 DEBUG 15320 --- [marketplace] [main] org.hibernate.SQL                        : select m1_0.store_name,m1_0.manager_email,m1_0.appointed_by,p1_0.manager_email,p1_0.permission from store_managers m1_0 left join manager_permissions p1_0 on m1_0.manager_email=p1_0.manager_email where m1_0.store_name=?
2025-06-29T13:51:54.332+03:00 DEBUG 15320 --- [marketplace] [main] org.hibernate.SQL                        : select s1_0.name,s1_0.balance,s1_0.description,s1_0.email,s1_0.in_store_product_id,s1_0.is_active,m1_0.store_name,m1_0.manager_email,m1_0.appointed_by,p1_0.manager_email,p1_0.permission,oa1_0.store_name,oa1_0.email,oa1_0.appointed_by,s1_0.discount_percentage,s1_0.duration_in_days,r1_0.store_name,r1_0.user_id,r1_0.review,r1_0.score from stores s1_0 left join store_managers m1_0 on s1_0.name=m1_0.store_name left join manager_permissions p1_0 on m1_0.manager_email=p1_0.manager_email left join store_owners oa1_0 on s1_0.name=oa1_0.store_name left join store_ratings r1_0 on s1_0.name=r1_0.store_name where s1_0.name=?
2025-06-29T13:51:54.334+03:00 DEBUG 15320 --- [marketplace] [main] org.hibernate.SQL                        : select ritr1_0.store_name,ritr1_0.review_id,ritr1_0.id,ritr1_0.rating,ritr1_0.review_text,ritr1_0.reviewer_id,ritr1_0.reviewer_name,ritr1_0.store_comment from review ritr1_0 where ritr1_0.store_name=?
2025-06-29T13:51:54.334+03:00 DEBUG 15320 --- [marketplace] [main] org.hibernate.SQL                        : select p1_0.store_name,p1_0.product_key,p1_0.product_id,a1_0.id,a1_0.end_time,a1_0.ended,hb1_0.id,hb1_0.amount,hb1_0.bidder_email,hb1_0.state,a1_0.starting_price,p1_0.minimum_quantity,p1_0.catalog_id,p1_0.description,p1_0.image_url,p1_0.name,p1_0.price,p1_0.quantity,r1_0.product_id,r1_0.user_id,r1_0.review,r1_0.score from shopping_product p1_0 left join auctions a1_0 on a1_0.id=p1_0.auction_id left join bids hb1_0 on hb1_0.id=a1_0.highest_bid_id left join product_ratings r1_0 on p1_0.product_id=r1_0.product_id where p1_0.store_name=?
2025-06-29T13:51:54.335+03:00 DEBUG 15320 --- [marketplace] [main] org.hibernate.SQL                        : select c1_0.product_id,c1_0.category from product_categories c1_0 where c1_0.product_id=?
2025-06-29T13:51:54.336+03:00 DEBUG 15320 --- [marketplace] [main] org.hibernate.SQL                        : select b1_0.product_id,b1_0.id,b1_0.amount,b1_0.bidder_email,b1_0.state from bids b1_0 where b1_0.product_id=?
2025-06-29T13:51:54.337+03:00 DEBUG 15320 --- [marketplace] [main] org.hibernate.SQL                        : select c1_0.product_id,c1_0.category from product_categories c1_0 where c1_0.product_id=?
2025-06-29T13:51:54.338+03:00 DEBUG 15320 --- [marketplace] [main] org.hibernate.SQL                        : select b1_0.product_id,b1_0.id,b1_0.amount,b1_0.bidder_email,b1_0.state from bids b1_0 where b1_0.product_id=?
2025-06-29T13:51:54.338+03:00 DEBUG 15320 --- [marketplace] [main] org.hibernate.SQL                        : select c1_0.product_id,c1_0.category from product_categories c1_0 where c1_0.product_id=?
2025-06-29T13:51:54.338+03:00 DEBUG 15320 --- [marketplace] [main] org.hibernate.SQL                        : select b1_0.product_id,b1_0.id,b1_0.amount,b1_0.bidder_email,b1_0.state from bids b1_0 where b1_0.product_id=?
2025-06-29T13:51:54.339+03:00 DEBUG 15320 --- [marketplace] [main] org.hibernate.SQL                        : select c1_0.product_id,c1_0.category from product_categories c1_0 where c1_0.product_id=?
2025-06-29T13:51:54.339+03:00 DEBUG 15320 --- [marketplace] [main] org.hibernate.SQL                        : select b1_0.product_id,b1_0.id,b1_0.amount,b1_0.bidder_email,b1_0.state from bids b1_0 where b1_0.product_id=?
2025-06-29T13:51:54.339+03:00 DEBUG 15320 --- [marketplace] [main] org.hibernate.SQL                        : select c1_0.product_id,c1_0.category from product_categories c1_0 where c1_0.product_id=?
2025-06-29T13:51:54.339+03:00 DEBUG 15320 --- [marketplace] [main] org.hibernate.SQL                        : select b1_0.product_id,b1_0.id,b1_0.amount,b1_0.bidder_email,b1_0.state from bids b1_0 where b1_0.product_id=?
2025-06-29T13:51:54.342+03:00 DEBUG 15320 --- [marketplace] [main] org.hibernate.SQL                        : insert into product_ratings (product_id,user_id,review,score) values (?,?,?,?)
2025-06-29T13:51:54.347+03:00 DEBUG 15320 --- [marketplace] [main] org.hibernate.SQL                        : select s1_0.name,s1_0.balance,s1_0.description,s1_0.email,s1_0.in_store_product_id,s1_0.is_active,s1_0.discount_percentage,s1_0.duration_in_days from stores s1_0 where s1_0.name=?
2025-06-29T13:51:54.349+03:00 DEBUG 15320 --- [marketplace] [main] org.hibernate.SQL                        : select ritr1_0.store_name,ritr1_0.review_id,ritr1_0.id,ritr1_0.rating,ritr1_0.review_text,ritr1_0.reviewer_id,ritr1_0.reviewer_name,ritr1_0.store_comment from review ritr1_0 where ritr1_0.store_name=?
2025-06-29T13:51:54.349+03:00 DEBUG 15320 --- [marketplace] [main] org.hibernate.SQL                        : select r1_0.store_name,r1_0.user_id,r1_0.review,r1_0.score from store_ratings r1_0 where r1_0.store_name=?
2025-06-29T13:51:54.350+03:00 DEBUG 15320 --- [marketplace] [main] org.hibernate.SQL                        : select p1_0.store_name,p1_0.product_key,p1_0.product_id,a1_0.id,a1_0.end_time,a1_0.ended,hb1_0.id,hb1_0.amount,hb1_0.bidder_email,hb1_0.state,a1_0.starting_price,p1_0.minimum_quantity,p1_0.catalog_id,p1_0.description,p1_0.image_url,p1_0.name,p1_0.price,p1_0.quantity,r1_0.product_id,r1_0.user_id,r1_0.review,r1_0.score from shopping_product p1_0 left join auctions a1_0 on a1_0.id=p1_0.auction_id left join bids hb1_0 on hb1_0.id=a1_0.highest_bid_id left join product_ratings r1_0 on p1_0.product_id=r1_0.product_id where p1_0.store_name=?
2025-06-29T13:51:54.351+03:00 DEBUG 15320 --- [marketplace] [main] org.hibernate.SQL                        : select c1_0.product_id,c1_0.category from product_categories c1_0 where c1_0.product_id=?
2025-06-29T13:51:54.351+03:00 DEBUG 15320 --- [marketplace] [main] org.hibernate.SQL                        : select b1_0.product_id,b1_0.id,b1_0.amount,b1_0.bidder_email,b1_0.state from bids b1_0 where b1_0.product_id=?
2025-06-29T13:51:54.351+03:00 DEBUG 15320 --- [marketplace] [main] org.hibernate.SQL                        : select c1_0.product_id,c1_0.category from product_categories c1_0 where c1_0.product_id=?
2025-06-29T13:51:54.352+03:00 DEBUG 15320 --- [marketplace] [main] org.hibernate.SQL                        : select b1_0.product_id,b1_0.id,b1_0.amount,b1_0.bidder_email,b1_0.state from bids b1_0 where b1_0.product_id=?
2025-06-29T13:51:54.352+03:00 DEBUG 15320 --- [marketplace] [main] org.hibernate.SQL                        : select c1_0.product_id,c1_0.category from product_categories c1_0 where c1_0.product_id=?
2025-06-29T13:51:54.353+03:00 DEBUG 15320 --- [marketplace] [main] org.hibernate.SQL                        : select b1_0.product_id,b1_0.id,b1_0.amount,b1_0.bidder_email,b1_0.state from bids b1_0 where b1_0.product_id=?
2025-06-29T13:51:54.353+03:00 DEBUG 15320 --- [marketplace] [main] org.hibernate.SQL                        : select c1_0.product_id,c1_0.category from product_categories c1_0 where c1_0.product_id=?
2025-06-29T13:51:54.353+03:00 DEBUG 15320 --- [marketplace] [main] org.hibernate.SQL                        : select b1_0.product_id,b1_0.id,b1_0.amount,b1_0.bidder_email,b1_0.state from bids b1_0 where b1_0.product_id=?
2025-06-29T13:51:54.353+03:00 DEBUG 15320 --- [marketplace] [main] org.hibernate.SQL                        : select c1_0.product_id,c1_0.category from product_categories c1_0 where c1_0.product_id=?
2025-06-29T13:51:54.354+03:00 DEBUG 15320 --- [marketplace] [main] org.hibernate.SQL                        : select b1_0.product_id,b1_0.id,b1_0.amount,b1_0.bidder_email,b1_0.state from bids b1_0 where b1_0.product_id=?
2025-06-29T13:51:54.354+03:00 DEBUG 15320 --- [marketplace] [main] org.hibernate.SQL                        : select oa1_0.store_name,oa1_0.email,oa1_0.appointed_by from store_owners oa1_0 where oa1_0.store_name=?
2025-06-29T13:51:54.354+03:00 DEBUG 15320 --- [marketplace] [main] org.hibernate.SQL                        : select m1_0.store_name,m1_0.manager_email,m1_0.appointed_by,p1_0.manager_email,p1_0.permission from store_managers m1_0 left join manager_permissions p1_0 on m1_0.manager_email=p1_0.manager_email where m1_0.store_name=?
2025-06-29T13:51:54.356+03:00 DEBUG 15320 --- [marketplace] [main] org.hibernate.SQL                        : select s1_0.name,s1_0.balance,s1_0.description,s1_0.email,s1_0.in_store_product_id,s1_0.is_active,m1_0.store_name,m1_0.manager_email,m1_0.appointed_by,p1_0.manager_email,p1_0.permission,oa1_0.store_name,oa1_0.email,oa1_0.appointed_by,s1_0.discount_percentage,s1_0.duration_in_days,r1_0.store_name,r1_0.user_id,r1_0.review,r1_0.score from stores s1_0 left join store_managers m1_0 on s1_0.name=m1_0.store_name left join manager_permissions p1_0 on m1_0.manager_email=p1_0.manager_email left join store_owners oa1_0 on s1_0.name=oa1_0.store_name left join store_ratings r1_0 on s1_0.name=r1_0.store_name where s1_0.name=?
2025-06-29T13:51:54.357+03:00 DEBUG 15320 --- [marketplace] [main] org.hibernate.SQL                        : select ritr1_0.store_name,ritr1_0.review_id,ritr1_0.id,ritr1_0.rating,ritr1_0.review_text,ritr1_0.reviewer_id,ritr1_0.reviewer_name,ritr1_0.store_comment from review ritr1_0 where ritr1_0.store_name=?
2025-06-29T13:51:54.358+03:00 DEBUG 15320 --- [marketplace] [main] org.hibernate.SQL                        : select p1_0.store_name,p1_0.product_key,p1_0.product_id,a1_0.id,a1_0.end_time,a1_0.ended,hb1_0.id,hb1_0.amount,hb1_0.bidder_email,hb1_0.state,a1_0.starting_price,p1_0.minimum_quantity,p1_0.catalog_id,p1_0.description,p1_0.image_url,p1_0.name,p1_0.price,p1_0.quantity,r1_0.product_id,r1_0.user_id,r1_0.review,r1_0.score from shopping_product p1_0 left join auctions a1_0 on a1_0.id=p1_0.auction_id left join bids hb1_0 on hb1_0.id=a1_0.highest_bid_id left join product_ratings r1_0 on p1_0.product_id=r1_0.product_id where p1_0.store_name=?
2025-06-29T13:51:54.359+03:00 DEBUG 15320 --- [marketplace] [main] org.hibernate.SQL                        : select c1_0.product_id,c1_0.category from product_categories c1_0 where c1_0.product_id=?
2025-06-29T13:51:54.359+03:00 DEBUG 15320 --- [marketplace] [main] org.hibernate.SQL                        : select b1_0.product_id,b1_0.id,b1_0.amount,b1_0.bidder_email,b1_0.state from bids b1_0 where b1_0.product_id=?
2025-06-29T13:51:54.359+03:00 DEBUG 15320 --- [marketplace] [main] org.hibernate.SQL                        : select c1_0.product_id,c1_0.category from product_categories c1_0 where c1_0.product_id=?
2025-06-29T13:51:54.360+03:00 DEBUG 15320 --- [marketplace] [main] org.hibernate.SQL                        : select b1_0.product_id,b1_0.id,b1_0.amount,b1_0.bidder_email,b1_0.state from bids b1_0 where b1_0.product_id=?
2025-06-29T13:51:54.360+03:00 DEBUG 15320 --- [marketplace] [main] org.hibernate.SQL                        : select c1_0.product_id,c1_0.category from product_categories c1_0 where c1_0.product_id=?
2025-06-29T13:51:54.360+03:00 DEBUG 15320 --- [marketplace] [main] org.hibernate.SQL                        : select b1_0.product_id,b1_0.id,b1_0.amount,b1_0.bidder_email,b1_0.state from bids b1_0 where b1_0.product_id=?
2025-06-29T13:51:54.360+03:00 DEBUG 15320 --- [marketplace] [main] org.hibernate.SQL                        : select c1_0.product_id,c1_0.category from product_categories c1_0 where c1_0.product_id=?
2025-06-29T13:51:54.360+03:00 DEBUG 15320 --- [marketplace] [main] org.hibernate.SQL                        : select b1_0.product_id,b1_0.id,b1_0.amount,b1_0.bidder_email,b1_0.state from bids b1_0 where b1_0.product_id=?
2025-06-29T13:51:54.360+03:00 DEBUG 15320 --- [marketplace] [main] org.hibernate.SQL                        : select c1_0.product_id,c1_0.category from product_categories c1_0 where c1_0.product_id=?
2025-06-29T13:51:54.361+03:00 DEBUG 15320 --- [marketplace] [main] org.hibernate.SQL                        : select b1_0.product_id,b1_0.id,b1_0.amount,b1_0.bidder_email,b1_0.state from bids b1_0 where b1_0.product_id=?
2025-06-29T13:51:54.362+03:00 DEBUG 15320 --- [marketplace] [main] org.hibernate.SQL                        : insert into product_ratings (product_id,user_id,review,score) values (?,?,?,?)
2025-06-29T13:51:54.364+03:00 DEBUG 15320 --- [marketplace] [main] org.hibernate.SQL                        : select s1_0.name,s1_0.balance,s1_0.description,s1_0.email,s1_0.in_store_product_id,s1_0.is_active,s1_0.discount_percentage,s1_0.duration_in_days from stores s1_0 where s1_0.name=?
2025-06-29T13:51:54.367+03:00 DEBUG 15320 --- [marketplace] [main] org.hibernate.SQL                        : select ritr1_0.store_name,ritr1_0.review_id,ritr1_0.id,ritr1_0.rating,ritr1_0.review_text,ritr1_0.reviewer_id,ritr1_0.reviewer_name,ritr1_0.store_comment from review ritr1_0 where ritr1_0.store_name=?
2025-06-29T13:51:54.368+03:00 DEBUG 15320 --- [marketplace] [main] org.hibernate.SQL                        : select r1_0.store_name,r1_0.user_id,r1_0.review,r1_0.score from store_ratings r1_0 where r1_0.store_name=?
2025-06-29T13:51:54.368+03:00 DEBUG 15320 --- [marketplace] [main] org.hibernate.SQL                        : select p1_0.store_name,p1_0.product_key,p1_0.product_id,a1_0.id,a1_0.end_time,a1_0.ended,hb1_0.id,hb1_0.amount,hb1_0.bidder_email,hb1_0.state,a1_0.starting_price,p1_0.minimum_quantity,p1_0.catalog_id,p1_0.description,p1_0.image_url,p1_0.name,p1_0.price,p1_0.quantity,r1_0.product_id,r1_0.user_id,r1_0.review,r1_0.score from shopping_product p1_0 left join auctions a1_0 on a1_0.id=p1_0.auction_id left join bids hb1_0 on hb1_0.id=a1_0.highest_bid_id left join product_ratings r1_0 on p1_0.product_id=r1_0.product_id where p1_0.store_name=?
2025-06-29T13:51:54.370+03:00 DEBUG 15320 --- [marketplace] [main] org.hibernate.SQL                        : select c1_0.product_id,c1_0.category from product_categories c1_0 where c1_0.product_id=?
2025-06-29T13:51:54.370+03:00 DEBUG 15320 --- [marketplace] [main] org.hibernate.SQL                        : select b1_0.product_id,b1_0.id,b1_0.amount,b1_0.bidder_email,b1_0.state from bids b1_0 where b1_0.product_id=?
2025-06-29T13:51:54.371+03:00 DEBUG 15320 --- [marketplace] [main] org.hibernate.SQL                        : select c1_0.product_id,c1_0.category from product_categories c1_0 where c1_0.product_id=?
2025-06-29T13:51:54.373+03:00 DEBUG 15320 --- [marketplace] [main] org.hibernate.SQL                        : select b1_0.product_id,b1_0.id,b1_0.amount,b1_0.bidder_email,b1_0.state from bids b1_0 where b1_0.product_id=?
2025-06-29T13:51:54.374+03:00 DEBUG 15320 --- [marketplace] [main] org.hibernate.SQL                        : select c1_0.product_id,c1_0.category from product_categories c1_0 where c1_0.product_id=?
2025-06-29T13:51:54.374+03:00 DEBUG 15320 --- [marketplace] [main] org.hibernate.SQL                        : select b1_0.product_id,b1_0.id,b1_0.amount,b1_0.bidder_email,b1_0.state from bids b1_0 where b1_0.product_id=?
2025-06-29T13:51:54.375+03:00 DEBUG 15320 --- [marketplace] [main] org.hibernate.SQL                        : select c1_0.product_id,c1_0.category from product_categories c1_0 where c1_0.product_id=?
2025-06-29T13:51:54.376+03:00 DEBUG 15320 --- [marketplace] [main] org.hibernate.SQL                        : select b1_0.product_id,b1_0.id,b1_0.amount,b1_0.bidder_email,b1_0.state from bids b1_0 where b1_0.product_id=?
2025-06-29T13:51:54.377+03:00 DEBUG 15320 --- [marketplace] [main] org.hibernate.SQL                        : select c1_0.product_id,c1_0.category from product_categories c1_0 where c1_0.product_id=?
2025-06-29T13:51:54.378+03:00 DEBUG 15320 --- [marketplace] [main] org.hibernate.SQL                        : select b1_0.product_id,b1_0.id,b1_0.amount,b1_0.bidder_email,b1_0.state from bids b1_0 where b1_0.product_id=?
2025-06-29T13:51:54.378+03:00 DEBUG 15320 --- [marketplace] [main] org.hibernate.SQL                        : select oa1_0.store_name,oa1_0.email,oa1_0.appointed_by from store_owners oa1_0 where oa1_0.store_name=?
2025-06-29T13:51:54.379+03:00 DEBUG 15320 --- [marketplace] [main] org.hibernate.SQL                        : select m1_0.store_name,m1_0.manager_email,m1_0.appointed_by,p1_0.manager_email,p1_0.permission from store_managers m1_0 left join manager_permissions p1_0 on m1_0.manager_email=p1_0.manager_email where m1_0.store_name=?
2025-06-29T13:51:54.380+03:00 DEBUG 15320 --- [marketplace] [main] org.hibernate.SQL                        : select s1_0.name,s1_0.balance,s1_0.description,s1_0.email,s1_0.in_store_product_id,s1_0.is_active,m1_0.store_name,m1_0.manager_email,m1_0.appointed_by,p1_0.manager_email,p1_0.permission,oa1_0.store_name,oa1_0.email,oa1_0.appointed_by,s1_0.discount_percentage,s1_0.duration_in_days,r1_0.store_name,r1_0.user_id,r1_0.review,r1_0.score from stores s1_0 left join store_managers m1_0 on s1_0.name=m1_0.store_name left join manager_permissions p1_0 on m1_0.manager_email=p1_0.manager_email left join store_owners oa1_0 on s1_0.name=oa1_0.store_name left join store_ratings r1_0 on s1_0.name=r1_0.store_name where s1_0.name=?
2025-06-29T13:51:54.381+03:00 DEBUG 15320 --- [marketplace] [main] org.hibernate.SQL                        : select ritr1_0.store_name,ritr1_0.review_id,ritr1_0.id,ritr1_0.rating,ritr1_0.review_text,ritr1_0.reviewer_id,ritr1_0.reviewer_name,ritr1_0.store_comment from review ritr1_0 where ritr1_0.store_name=?
2025-06-29T13:51:54.381+03:00 DEBUG 15320 --- [marketplace] [main] org.hibernate.SQL                        : select p1_0.store_name,p1_0.product_key,p1_0.product_id,a1_0.id,a1_0.end_time,a1_0.ended,hb1_0.id,hb1_0.amount,hb1_0.bidder_email,hb1_0.state,a1_0.starting_price,p1_0.minimum_quantity,p1_0.catalog_id,p1_0.description,p1_0.image_url,p1_0.name,p1_0.price,p1_0.quantity,r1_0.product_id,r1_0.user_id,r1_0.review,r1_0.score from shopping_product p1_0 left join auctions a1_0 on a1_0.id=p1_0.auction_id left join bids hb1_0 on hb1_0.id=a1_0.highest_bid_id left join product_ratings r1_0 on p1_0.product_id=r1_0.product_id where p1_0.store_name=?
2025-06-29T13:51:54.382+03:00 DEBUG 15320 --- [marketplace] [main] org.hibernate.SQL                        : select c1_0.product_id,c1_0.category from product_categories c1_0 where c1_0.product_id=?
2025-06-29T13:51:54.382+03:00 DEBUG 15320 --- [marketplace] [main] org.hibernate.SQL                        : select b1_0.product_id,b1_0.id,b1_0.amount,b1_0.bidder_email,b1_0.state from bids b1_0 where b1_0.product_id=?
2025-06-29T13:51:54.382+03:00 DEBUG 15320 --- [marketplace] [main] org.hibernate.SQL                        : select c1_0.product_id,c1_0.category from product_categories c1_0 where c1_0.product_id=?
2025-06-29T13:51:54.382+03:00 DEBUG 15320 --- [marketplace] [main] org.hibernate.SQL                        : select b1_0.product_id,b1_0.id,b1_0.amount,b1_0.bidder_email,b1_0.state from bids b1_0 where b1_0.product_id=?
2025-06-29T13:51:54.383+03:00 DEBUG 15320 --- [marketplace] [main] org.hibernate.SQL                        : select c1_0.product_id,c1_0.category from product_categories c1_0 where c1_0.product_id=?
2025-06-29T13:51:54.383+03:00 DEBUG 15320 --- [marketplace] [main] org.hibernate.SQL                        : select b1_0.product_id,b1_0.id,b1_0.amount,b1_0.bidder_email,b1_0.state from bids b1_0 where b1_0.product_id=?
2025-06-29T13:51:54.383+03:00 DEBUG 15320 --- [marketplace] [main] org.hibernate.SQL                        : select c1_0.product_id,c1_0.category from product_categories c1_0 where c1_0.product_id=?
2025-06-29T13:51:54.383+03:00 DEBUG 15320 --- [marketplace] [main] org.hibernate.SQL                        : select b1_0.product_id,b1_0.id,b1_0.amount,b1_0.bidder_email,b1_0.state from bids b1_0 where b1_0.product_id=?
2025-06-29T13:51:54.383+03:00 DEBUG 15320 --- [marketplace] [main] org.hibernate.SQL                        : select c1_0.product_id,c1_0.category from product_categories c1_0 where c1_0.product_id=?
2025-06-29T13:51:54.383+03:00 DEBUG 15320 --- [marketplace] [main] org.hibernate.SQL                        : select b1_0.product_id,b1_0.id,b1_0.amount,b1_0.bidder_email,b1_0.state from bids b1_0 where b1_0.product_id=?
2025-06-29T13:51:54.387+03:00 DEBUG 15320 --- [marketplace] [main] org.hibernate.SQL                        : insert into product_ratings (product_id,user_id,review,score) values (?,?,?,?)
2025-06-29T13:51:54.390+03:00 DEBUG 15320 --- [marketplace] [main] org.hibernate.SQL                        : select s1_0.name,s1_0.balance,s1_0.description,s1_0.email,s1_0.in_store_product_id,s1_0.is_active,s1_0.discount_percentage,s1_0.duration_in_days from stores s1_0 where s1_0.name=?
2025-06-29T13:51:54.392+03:00 DEBUG 15320 --- [marketplace] [main] org.hibernate.SQL                        : select ritr1_0.store_name,ritr1_0.review_id,ritr1_0.id,ritr1_0.rating,ritr1_0.review_text,ritr1_0.reviewer_id,ritr1_0.reviewer_name,ritr1_0.store_comment from review ritr1_0 where ritr1_0.store_name=?
2025-06-29T13:51:54.392+03:00 DEBUG 15320 --- [marketplace] [main] org.hibernate.SQL                        : select r1_0.store_name,r1_0.user_id,r1_0.review,r1_0.score from store_ratings r1_0 where r1_0.store_name=?
2025-06-29T13:51:54.393+03:00 DEBUG 15320 --- [marketplace] [main] org.hibernate.SQL                        : select p1_0.store_name,p1_0.product_key,p1_0.product_id,a1_0.id,a1_0.end_time,a1_0.ended,hb1_0.id,hb1_0.amount,hb1_0.bidder_email,hb1_0.state,a1_0.starting_price,p1_0.minimum_quantity,p1_0.catalog_id,p1_0.description,p1_0.image_url,p1_0.name,p1_0.price,p1_0.quantity,r1_0.product_id,r1_0.user_id,r1_0.review,r1_0.score from shopping_product p1_0 left join auctions a1_0 on a1_0.id=p1_0.auction_id left join bids hb1_0 on hb1_0.id=a1_0.highest_bid_id left join product_ratings r1_0 on p1_0.product_id=r1_0.product_id where p1_0.store_name=?
2025-06-29T13:51:54.394+03:00 DEBUG 15320 --- [marketplace] [main] org.hibernate.SQL                        : select c1_0.product_id,c1_0.category from product_categories c1_0 where c1_0.product_id=?
2025-06-29T13:51:54.394+03:00 DEBUG 15320 --- [marketplace] [main] org.hibernate.SQL                        : select b1_0.product_id,b1_0.id,b1_0.amount,b1_0.bidder_email,b1_0.state from bids b1_0 where b1_0.product_id=?
2025-06-29T13:51:54.394+03:00 DEBUG 15320 --- [marketplace] [main] org.hibernate.SQL                        : select c1_0.product_id,c1_0.category from product_categories c1_0 where c1_0.product_id=?
2025-06-29T13:51:54.395+03:00 DEBUG 15320 --- [marketplace] [main] org.hibernate.SQL                        : select b1_0.product_id,b1_0.id,b1_0.amount,b1_0.bidder_email,b1_0.state from bids b1_0 where b1_0.product_id=?
2025-06-29T13:51:54.395+03:00 DEBUG 15320 --- [marketplace] [main] org.hibernate.SQL                        : select c1_0.product_id,c1_0.category from product_categories c1_0 where c1_0.product_id=?
2025-06-29T13:51:54.395+03:00 DEBUG 15320 --- [marketplace] [main] org.hibernate.SQL                        : select b1_0.product_id,b1_0.id,b1_0.amount,b1_0.bidder_email,b1_0.state from bids b1_0 where b1_0.product_id=?
2025-06-29T13:51:54.395+03:00 DEBUG 15320 --- [marketplace] [main] org.hibernate.SQL                        : select c1_0.product_id,c1_0.category from product_categories c1_0 where c1_0.product_id=?
2025-06-29T13:51:54.395+03:00 DEBUG 15320 --- [marketplace] [main] org.hibernate.SQL                        : select b1_0.product_id,b1_0.id,b1_0.amount,b1_0.bidder_email,b1_0.state from bids b1_0 where b1_0.product_id=?
2025-06-29T13:51:54.395+03:00 DEBUG 15320 --- [marketplace] [main] org.hibernate.SQL                        : select c1_0.product_id,c1_0.category from product_categories c1_0 where c1_0.product_id=?
2025-06-29T13:51:54.395+03:00 DEBUG 15320 --- [marketplace] [main] org.hibernate.SQL                        : select b1_0.product_id,b1_0.id,b1_0.amount,b1_0.bidder_email,b1_0.state from bids b1_0 where b1_0.product_id=?
2025-06-29T13:51:54.395+03:00 DEBUG 15320 --- [marketplace] [main] org.hibernate.SQL                        : select oa1_0.store_name,oa1_0.email,oa1_0.appointed_by from store_owners oa1_0 where oa1_0.store_name=?
2025-06-29T13:51:54.396+03:00 DEBUG 15320 --- [marketplace] [main] org.hibernate.SQL                        : select m1_0.store_name,m1_0.manager_email,m1_0.appointed_by,p1_0.manager_email,p1_0.permission from store_managers m1_0 left join manager_permissions p1_0 on m1_0.manager_email=p1_0.manager_email where m1_0.store_name=?
2025-06-29T13:51:54.396+03:00 DEBUG 15320 --- [marketplace] [main] org.hibernate.SQL                        : select s1_0.name,s1_0.balance,s1_0.description,s1_0.email,s1_0.in_store_product_id,s1_0.is_active,m1_0.store_name,m1_0.manager_email,m1_0.appointed_by,p1_0.manager_email,p1_0.permission,oa1_0.store_name,oa1_0.email,oa1_0.appointed_by,s1_0.discount_percentage,s1_0.duration_in_days,r1_0.store_name,r1_0.user_id,r1_0.review,r1_0.score from stores s1_0 left join store_managers m1_0 on s1_0.name=m1_0.store_name left join manager_permissions p1_0 on m1_0.manager_email=p1_0.manager_email left join store_owners oa1_0 on s1_0.name=oa1_0.store_name left join store_ratings r1_0 on s1_0.name=r1_0.store_name where s1_0.name=?
2025-06-29T13:51:54.399+03:00 DEBUG 15320 --- [marketplace] [main] org.hibernate.SQL                        : select ritr1_0.store_name,ritr1_0.review_id,ritr1_0.id,ritr1_0.rating,ritr1_0.review_text,ritr1_0.reviewer_id,ritr1_0.reviewer_name,ritr1_0.store_comment from review ritr1_0 where ritr1_0.store_name=?
2025-06-29T13:51:54.399+03:00 DEBUG 15320 --- [marketplace] [main] org.hibernate.SQL                        : select p1_0.store_name,p1_0.product_key,p1_0.product_id,a1_0.id,a1_0.end_time,a1_0.ended,hb1_0.id,hb1_0.amount,hb1_0.bidder_email,hb1_0.state,a1_0.starting_price,p1_0.minimum_quantity,p1_0.catalog_id,p1_0.description,p1_0.image_url,p1_0.name,p1_0.price,p1_0.quantity,r1_0.product_id,r1_0.user_id,r1_0.review,r1_0.score from shopping_product p1_0 left join auctions a1_0 on a1_0.id=p1_0.auction_id left join bids hb1_0 on hb1_0.id=a1_0.highest_bid_id left join product_ratings r1_0 on p1_0.product_id=r1_0.product_id where p1_0.store_name=?
2025-06-29T13:51:54.400+03:00 DEBUG 15320 --- [marketplace] [main] org.hibernate.SQL                        : select c1_0.product_id,c1_0.category from product_categories c1_0 where c1_0.product_id=?
2025-06-29T13:51:54.401+03:00 DEBUG 15320 --- [marketplace] [main] org.hibernate.SQL                        : select b1_0.product_id,b1_0.id,b1_0.amount,b1_0.bidder_email,b1_0.state from bids b1_0 where b1_0.product_id=?
2025-06-29T13:51:54.402+03:00 DEBUG 15320 --- [marketplace] [main] org.hibernate.SQL                        : select c1_0.product_id,c1_0.category from product_categories c1_0 where c1_0.product_id=?
2025-06-29T13:51:54.402+03:00 DEBUG 15320 --- [marketplace] [main] org.hibernate.SQL                        : select b1_0.product_id,b1_0.id,b1_0.amount,b1_0.bidder_email,b1_0.state from bids b1_0 where b1_0.product_id=?
2025-06-29T13:51:54.403+03:00 DEBUG 15320 --- [marketplace] [main] org.hibernate.SQL                        : select c1_0.product_id,c1_0.category from product_categories c1_0 where c1_0.product_id=?
2025-06-29T13:51:54.404+03:00 DEBUG 15320 --- [marketplace] [main] org.hibernate.SQL                        : select b1_0.product_id,b1_0.id,b1_0.amount,b1_0.bidder_email,b1_0.state from bids b1_0 where b1_0.product_id=?
2025-06-29T13:51:54.405+03:00 DEBUG 15320 --- [marketplace] [main] org.hibernate.SQL                        : select c1_0.product_id,c1_0.category from product_categories c1_0 where c1_0.product_id=?
2025-06-29T13:51:54.406+03:00 DEBUG 15320 --- [marketplace] [main] org.hibernate.SQL                        : select b1_0.product_id,b1_0.id,b1_0.amount,b1_0.bidder_email,b1_0.state from bids b1_0 where b1_0.product_id=?
2025-06-29T13:51:54.406+03:00 DEBUG 15320 --- [marketplace] [main] org.hibernate.SQL                        : select c1_0.product_id,c1_0.category from product_categories c1_0 where c1_0.product_id=?
2025-06-29T13:51:54.406+03:00 DEBUG 15320 --- [marketplace] [main] org.hibernate.SQL                        : select b1_0.product_id,b1_0.id,b1_0.amount,b1_0.bidder_email,b1_0.state from bids b1_0 where b1_0.product_id=?
2025-06-29T13:51:54.413+03:00 DEBUG 15320 --- [marketplace] [main] org.hibernate.SQL                        : insert into product_ratings (product_id,user_id,review,score) values (?,?,?,?)
2025-06-29T13:51:54.417+03:00 DEBUG 15320 --- [marketplace] [main] org.hibernate.SQL                        : select s1_0.name,s1_0.balance,s1_0.description,s1_0.email,s1_0.in_store_product_id,s1_0.is_active,s1_0.discount_percentage,s1_0.duration_in_days from stores s1_0 where s1_0.name=?
2025-06-29T13:51:54.419+03:00 DEBUG 15320 --- [marketplace] [main] org.hibernate.SQL                        : select ritr1_0.store_name,ritr1_0.review_id,ritr1_0.id,ritr1_0.rating,ritr1_0.review_text,ritr1_0.reviewer_id,ritr1_0.reviewer_name,ritr1_0.store_comment from review ritr1_0 where ritr1_0.store_name=?
2025-06-29T13:51:54.420+03:00 DEBUG 15320 --- [marketplace] [main] org.hibernate.SQL                        : select r1_0.store_name,r1_0.user_id,r1_0.review,r1_0.score from store_ratings r1_0 where r1_0.store_name=?
2025-06-29T13:51:54.421+03:00 DEBUG 15320 --- [marketplace] [main] org.hibernate.SQL                        : select p1_0.store_name,p1_0.product_key,p1_0.product_id,a1_0.id,a1_0.end_time,a1_0.ended,hb1_0.id,hb1_0.amount,hb1_0.bidder_email,hb1_0.state,a1_0.starting_price,p1_0.minimum_quantity,p1_0.catalog_id,p1_0.description,p1_0.image_url,p1_0.name,p1_0.price,p1_0.quantity,r1_0.product_id,r1_0.user_id,r1_0.review,r1_0.score from shopping_product p1_0 left join auctions a1_0 on a1_0.id=p1_0.auction_id left join bids hb1_0 on hb1_0.id=a1_0.highest_bid_id left join product_ratings r1_0 on p1_0.product_id=r1_0.product_id where p1_0.store_name=?
2025-06-29T13:51:54.423+03:00 DEBUG 15320 --- [marketplace] [main] org.hibernate.SQL                        : select c1_0.product_id,c1_0.category from product_categories c1_0 where c1_0.product_id=?
2025-06-29T13:51:54.425+03:00 DEBUG 15320 --- [marketplace] [main] org.hibernate.SQL                        : select b1_0.product_id,b1_0.id,b1_0.amount,b1_0.bidder_email,b1_0.state from bids b1_0 where b1_0.product_id=?
2025-06-29T13:51:54.426+03:00 DEBUG 15320 --- [marketplace] [main] org.hibernate.SQL                        : select c1_0.product_id,c1_0.category from product_categories c1_0 where c1_0.product_id=?
2025-06-29T13:51:54.426+03:00 DEBUG 15320 --- [marketplace] [main] org.hibernate.SQL                        : select b1_0.product_id,b1_0.id,b1_0.amount,b1_0.bidder_email,b1_0.state from bids b1_0 where b1_0.product_id=?
2025-06-29T13:51:54.427+03:00 DEBUG 15320 --- [marketplace] [main] org.hibernate.SQL                        : select c1_0.product_id,c1_0.category from product_categories c1_0 where c1_0.product_id=?
2025-06-29T13:51:54.427+03:00 DEBUG 15320 --- [marketplace] [main] org.hibernate.SQL                        : select b1_0.product_id,b1_0.id,b1_0.amount,b1_0.bidder_email,b1_0.state from bids b1_0 where b1_0.product_id=?
2025-06-29T13:51:54.427+03:00 DEBUG 15320 --- [marketplace] [main] org.hibernate.SQL                        : select c1_0.product_id,c1_0.category from product_categories c1_0 where c1_0.product_id=?
2025-06-29T13:51:54.427+03:00 DEBUG 15320 --- [marketplace] [main] org.hibernate.SQL                        : select b1_0.product_id,b1_0.id,b1_0.amount,b1_0.bidder_email,b1_0.state from bids b1_0 where b1_0.product_id=?
2025-06-29T13:51:54.427+03:00 DEBUG 15320 --- [marketplace] [main] org.hibernate.SQL                        : select c1_0.product_id,c1_0.category from product_categories c1_0 where c1_0.product_id=?
2025-06-29T13:51:54.427+03:00 DEBUG 15320 --- [marketplace] [main] org.hibernate.SQL                        : select b1_0.product_id,b1_0.id,b1_0.amount,b1_0.bidder_email,b1_0.state from bids b1_0 where b1_0.product_id=?
2025-06-29T13:51:54.427+03:00 DEBUG 15320 --- [marketplace] [main] org.hibernate.SQL                        : select oa1_0.store_name,oa1_0.email,oa1_0.appointed_by from store_owners oa1_0 where oa1_0.store_name=?
2025-06-29T13:51:54.428+03:00 DEBUG 15320 --- [marketplace] [main] org.hibernate.SQL                        : select m1_0.store_name,m1_0.manager_email,m1_0.appointed_by,p1_0.manager_email,p1_0.permission from store_managers m1_0 left join manager_permissions p1_0 on m1_0.manager_email=p1_0.manager_email where m1_0.store_name=?
2025-06-29T13:51:54.429+03:00 DEBUG 15320 --- [marketplace] [main] org.hibernate.SQL                        : select s1_0.name,s1_0.balance,s1_0.description,s1_0.email,s1_0.in_store_product_id,s1_0.is_active,m1_0.store_name,m1_0.manager_email,m1_0.appointed_by,p1_0.manager_email,p1_0.permission,oa1_0.store_name,oa1_0.email,oa1_0.appointed_by,s1_0.discount_percentage,s1_0.duration_in_days,r1_0.store_name,r1_0.user_id,r1_0.review,r1_0.score from stores s1_0 left join store_managers m1_0 on s1_0.name=m1_0.store_name left join manager_permissions p1_0 on m1_0.manager_email=p1_0.manager_email left join store_owners oa1_0 on s1_0.name=oa1_0.store_name left join store_ratings r1_0 on s1_0.name=r1_0.store_name where s1_0.name=?
2025-06-29T13:51:54.431+03:00 DEBUG 15320 --- [marketplace] [main] org.hibernate.SQL                        : select ritr1_0.store_name,ritr1_0.review_id,ritr1_0.id,ritr1_0.rating,ritr1_0.review_text,ritr1_0.reviewer_id,ritr1_0.reviewer_name,ritr1_0.store_comment from review ritr1_0 where ritr1_0.store_name=?
2025-06-29T13:51:54.431+03:00 DEBUG 15320 --- [marketplace] [main] org.hibernate.SQL                        : select p1_0.store_name,p1_0.product_key,p1_0.product_id,a1_0.id,a1_0.end_time,a1_0.ended,hb1_0.id,hb1_0.amount,hb1_0.bidder_email,hb1_0.state,a1_0.starting_price,p1_0.minimum_quantity,p1_0.catalog_id,p1_0.description,p1_0.image_url,p1_0.name,p1_0.price,p1_0.quantity,r1_0.product_id,r1_0.user_id,r1_0.review,r1_0.score from shopping_product p1_0 left join auctions a1_0 on a1_0.id=p1_0.auction_id left join bids hb1_0 on hb1_0.id=a1_0.highest_bid_id left join product_ratings r1_0 on p1_0.product_id=r1_0.product_id where p1_0.store_name=?
2025-06-29T13:51:54.432+03:00 DEBUG 15320 --- [marketplace] [main] org.hibernate.SQL                        : select c1_0.product_id,c1_0.category from product_categories c1_0 where c1_0.product_id=?
2025-06-29T13:51:54.433+03:00 DEBUG 15320 --- [marketplace] [main] org.hibernate.SQL                        : select b1_0.product_id,b1_0.id,b1_0.amount,b1_0.bidder_email,b1_0.state from bids b1_0 where b1_0.product_id=?
2025-06-29T13:51:54.433+03:00 DEBUG 15320 --- [marketplace] [main] org.hibernate.SQL                        : select c1_0.product_id,c1_0.category from product_categories c1_0 where c1_0.product_id=?
2025-06-29T13:51:54.433+03:00 DEBUG 15320 --- [marketplace] [main] org.hibernate.SQL                        : select b1_0.product_id,b1_0.id,b1_0.amount,b1_0.bidder_email,b1_0.state from bids b1_0 where b1_0.product_id=?
2025-06-29T13:51:54.433+03:00 DEBUG 15320 --- [marketplace] [main] org.hibernate.SQL                        : select c1_0.product_id,c1_0.category from product_categories c1_0 where c1_0.product_id=?
2025-06-29T13:51:54.433+03:00 DEBUG 15320 --- [marketplace] [main] org.hibernate.SQL                        : select b1_0.product_id,b1_0.id,b1_0.amount,b1_0.bidder_email,b1_0.state from bids b1_0 where b1_0.product_id=?
2025-06-29T13:51:54.434+03:00 DEBUG 15320 --- [marketplace] [main] org.hibernate.SQL                        : select c1_0.product_id,c1_0.category from product_categories c1_0 where c1_0.product_id=?
2025-06-29T13:51:54.434+03:00 DEBUG 15320 --- [marketplace] [main] org.hibernate.SQL                        : select b1_0.product_id,b1_0.id,b1_0.amount,b1_0.bidder_email,b1_0.state from bids b1_0 where b1_0.product_id=?
2025-06-29T13:51:54.434+03:00 DEBUG 15320 --- [marketplace] [main] org.hibernate.SQL                        : select c1_0.product_id,c1_0.category from product_categories c1_0 where c1_0.product_id=?
2025-06-29T13:51:54.434+03:00 DEBUG 15320 --- [marketplace] [main] org.hibernate.SQL                        : select b1_0.product_id,b1_0.id,b1_0.amount,b1_0.bidder_email,b1_0.state from bids b1_0 where b1_0.product_id=?
2025-06-29T13:51:54.436+03:00 DEBUG 15320 --- [marketplace] [main] org.hibernate.SQL                        : insert into product_ratings (product_id,user_id,review,score) values (?,?,?,?)
2025-06-29T13:51:54.445+03:00 DEBUG 15320 --- [marketplace] [main] org.hibernate.SQL                        : select s1_0.name,s1_0.balance,s1_0.description,s1_0.email,s1_0.in_store_product_id,s1_0.is_active,s1_0.discount_percentage,s1_0.duration_in_days from stores s1_0 where s1_0.name=?
2025-06-29T13:51:54.448+03:00 DEBUG 15320 --- [marketplace] [main] org.hibernate.SQL                        : select ritr1_0.store_name,ritr1_0.review_id,ritr1_0.id,ritr1_0.rating,ritr1_0.review_text,ritr1_0.reviewer_id,ritr1_0.reviewer_name,ritr1_0.store_comment from review ritr1_0 where ritr1_0.store_name=?
2025-06-29T13:51:54.448+03:00 DEBUG 15320 --- [marketplace] [main] org.hibernate.SQL                        : select r1_0.store_name,r1_0.user_id,r1_0.review,r1_0.score from store_ratings r1_0 where r1_0.store_name=?
2025-06-29T13:51:54.449+03:00 DEBUG 15320 --- [marketplace] [main] org.hibernate.SQL                        : select p1_0.store_name,p1_0.product_key,p1_0.product_id,a1_0.id,a1_0.end_time,a1_0.ended,hb1_0.id,hb1_0.amount,hb1_0.bidder_email,hb1_0.state,a1_0.starting_price,p1_0.minimum_quantity,p1_0.catalog_id,p1_0.description,p1_0.image_url,p1_0.name,p1_0.price,p1_0.quantity,r1_0.product_id,r1_0.user_id,r1_0.review,r1_0.score from shopping_product p1_0 left join auctions a1_0 on a1_0.id=p1_0.auction_id left join bids hb1_0 on hb1_0.id=a1_0.highest_bid_id left join product_ratings r1_0 on p1_0.product_id=r1_0.product_id where p1_0.store_name=?
2025-06-29T13:51:54.449+03:00 DEBUG 15320 --- [marketplace] [main] org.hibernate.SQL                        : select c1_0.product_id,c1_0.category from product_categories c1_0 where c1_0.product_id=?
2025-06-29T13:51:54.451+03:00 DEBUG 15320 --- [marketplace] [main] org.hibernate.SQL                        : select b1_0.product_id,b1_0.id,b1_0.amount,b1_0.bidder_email,b1_0.state from bids b1_0 where b1_0.product_id=?
2025-06-29T13:51:54.451+03:00 DEBUG 15320 --- [marketplace] [main] org.hibernate.SQL                        : select c1_0.product_id,c1_0.category from product_categories c1_0 where c1_0.product_id=?
2025-06-29T13:51:54.451+03:00 DEBUG 15320 --- [marketplace] [main] org.hibernate.SQL                        : select b1_0.product_id,b1_0.id,b1_0.amount,b1_0.bidder_email,b1_0.state from bids b1_0 where b1_0.product_id=?
2025-06-29T13:51:54.451+03:00 DEBUG 15320 --- [marketplace] [main] org.hibernate.SQL                        : select c1_0.product_id,c1_0.category from product_categories c1_0 where c1_0.product_id=?
2025-06-29T13:51:54.451+03:00 DEBUG 15320 --- [marketplace] [main] org.hibernate.SQL                        : select b1_0.product_id,b1_0.id,b1_0.amount,b1_0.bidder_email,b1_0.state from bids b1_0 where b1_0.product_id=?
2025-06-29T13:51:54.451+03:00 DEBUG 15320 --- [marketplace] [main] org.hibernate.SQL                        : select c1_0.product_id,c1_0.category from product_categories c1_0 where c1_0.product_id=?
2025-06-29T13:51:54.451+03:00 DEBUG 15320 --- [marketplace] [main] org.hibernate.SQL                        : select b1_0.product_id,b1_0.id,b1_0.amount,b1_0.bidder_email,b1_0.state from bids b1_0 where b1_0.product_id=?
2025-06-29T13:51:54.451+03:00 DEBUG 15320 --- [marketplace] [main] org.hibernate.SQL                        : select c1_0.product_id,c1_0.category from product_categories c1_0 where c1_0.product_id=?
2025-06-29T13:51:54.452+03:00 DEBUG 15320 --- [marketplace] [main] org.hibernate.SQL                        : select b1_0.product_id,b1_0.id,b1_0.amount,b1_0.bidder_email,b1_0.state from bids b1_0 where b1_0.product_id=?
2025-06-29T13:51:54.452+03:00 DEBUG 15320 --- [marketplace] [main] org.hibernate.SQL                        : select oa1_0.store_name,oa1_0.email,oa1_0.appointed_by from store_owners oa1_0 where oa1_0.store_name=?
2025-06-29T13:51:54.453+03:00 DEBUG 15320 --- [marketplace] [main] org.hibernate.SQL                        : select m1_0.store_name,m1_0.manager_email,m1_0.appointed_by,p1_0.manager_email,p1_0.permission from store_managers m1_0 left join manager_permissions p1_0 on m1_0.manager_email=p1_0.manager_email where m1_0.store_name=?
2025-06-29T13:51:54.455+03:00 DEBUG 15320 --- [marketplace] [main] org.hibernate.SQL                        : select s1_0.name,s1_0.balance,s1_0.description,s1_0.email,s1_0.in_store_product_id,s1_0.is_active,m1_0.store_name,m1_0.manager_email,m1_0.appointed_by,p1_0.manager_email,p1_0.permission,oa1_0.store_name,oa1_0.email,oa1_0.appointed_by,s1_0.discount_percentage,s1_0.duration_in_days,r1_0.store_name,r1_0.user_id,r1_0.review,r1_0.score from stores s1_0 left join store_managers m1_0 on s1_0.name=m1_0.store_name left join manager_permissions p1_0 on m1_0.manager_email=p1_0.manager_email left join store_owners oa1_0 on s1_0.name=oa1_0.store_name left join store_ratings r1_0 on s1_0.name=r1_0.store_name where s1_0.name=?
2025-06-29T13:51:54.456+03:00 DEBUG 15320 --- [marketplace] [main] org.hibernate.SQL                        : select ritr1_0.store_name,ritr1_0.review_id,ritr1_0.id,ritr1_0.rating,ritr1_0.review_text,ritr1_0.reviewer_id,ritr1_0.reviewer_name,ritr1_0.store_comment from review ritr1_0 where ritr1_0.store_name=?
2025-06-29T13:51:54.456+03:00 DEBUG 15320 --- [marketplace] [main] org.hibernate.SQL                        : select p1_0.store_name,p1_0.product_key,p1_0.product_id,a1_0.id,a1_0.end_time,a1_0.ended,hb1_0.id,hb1_0.amount,hb1_0.bidder_email,hb1_0.state,a1_0.starting_price,p1_0.minimum_quantity,p1_0.catalog_id,p1_0.description,p1_0.image_url,p1_0.name,p1_0.price,p1_0.quantity,r1_0.product_id,r1_0.user_id,r1_0.review,r1_0.score from shopping_product p1_0 left join auctions a1_0 on a1_0.id=p1_0.auction_id left join bids hb1_0 on hb1_0.id=a1_0.highest_bid_id left join product_ratings r1_0 on p1_0.product_id=r1_0.product_id where p1_0.store_name=?
2025-06-29T13:51:54.457+03:00 DEBUG 15320 --- [marketplace] [main] org.hibernate.SQL                        : select c1_0.product_id,c1_0.category from product_categories c1_0 where c1_0.product_id=?
2025-06-29T13:51:54.457+03:00 DEBUG 15320 --- [marketplace] [main] org.hibernate.SQL                        : select b1_0.product_id,b1_0.id,b1_0.amount,b1_0.bidder_email,b1_0.state from bids b1_0 where b1_0.product_id=?
2025-06-29T13:51:54.458+03:00 DEBUG 15320 --- [marketplace] [main] org.hibernate.SQL                        : select c1_0.product_id,c1_0.category from product_categories c1_0 where c1_0.product_id=?
2025-06-29T13:51:54.459+03:00 DEBUG 15320 --- [marketplace] [main] org.hibernate.SQL                        : select b1_0.product_id,b1_0.id,b1_0.amount,b1_0.bidder_email,b1_0.state from bids b1_0 where b1_0.product_id=?
2025-06-29T13:51:54.459+03:00 DEBUG 15320 --- [marketplace] [main] org.hibernate.SQL                        : select c1_0.product_id,c1_0.category from product_categories c1_0 where c1_0.product_id=?
2025-06-29T13:51:54.459+03:00 DEBUG 15320 --- [marketplace] [main] org.hibernate.SQL                        : select b1_0.product_id,b1_0.id,b1_0.amount,b1_0.bidder_email,b1_0.state from bids b1_0 where b1_0.product_id=?
2025-06-29T13:51:54.460+03:00 DEBUG 15320 --- [marketplace] [main] org.hibernate.SQL                        : select c1_0.product_id,c1_0.category from product_categories c1_0 where c1_0.product_id=?
2025-06-29T13:51:54.460+03:00 DEBUG 15320 --- [marketplace] [main] org.hibernate.SQL                        : select b1_0.product_id,b1_0.id,b1_0.amount,b1_0.bidder_email,b1_0.state from bids b1_0 where b1_0.product_id=?
2025-06-29T13:51:54.460+03:00 DEBUG 15320 --- [marketplace] [main] org.hibernate.SQL                        : select c1_0.product_id,c1_0.category from product_categories c1_0 where c1_0.product_id=?
2025-06-29T13:51:54.460+03:00 DEBUG 15320 --- [marketplace] [main] org.hibernate.SQL                        : select b1_0.product_id,b1_0.id,b1_0.amount,b1_0.bidder_email,b1_0.state from bids b1_0 where b1_0.product_id=?
2025-06-29T13:51:54.465+03:00 DEBUG 15320 --- [marketplace] [main] org.hibernate.SQL                        : insert into product_ratings (product_id,user_id,review,score) values (?,?,?,?)
2025-06-29T13:51:54.468+03:00 DEBUG 15320 --- [marketplace] [main] org.hibernate.SQL                        : select s1_0.name,s1_0.balance,s1_0.description,s1_0.email,s1_0.in_store_product_id,s1_0.is_active,s1_0.discount_percentage,s1_0.duration_in_days from stores s1_0 where s1_0.name=?
2025-06-29T13:51:54.470+03:00 DEBUG 15320 --- [marketplace] [main] org.hibernate.SQL                        : select ritr1_0.store_name,ritr1_0.review_id,ritr1_0.id,ritr1_0.rating,ritr1_0.review_text,ritr1_0.reviewer_id,ritr1_0.reviewer_name,ritr1_0.store_comment from review ritr1_0 where ritr1_0.store_name=?
2025-06-29T13:51:54.470+03:00 DEBUG 15320 --- [marketplace] [main] org.hibernate.SQL                        : select r1_0.store_name,r1_0.user_id,r1_0.review,r1_0.score from store_ratings r1_0 where r1_0.store_name=?
2025-06-29T13:51:54.471+03:00 DEBUG 15320 --- [marketplace] [main] org.hibernate.SQL                        : select p1_0.store_name,p1_0.product_key,p1_0.product_id,a1_0.id,a1_0.end_time,a1_0.ended,hb1_0.id,hb1_0.amount,hb1_0.bidder_email,hb1_0.state,a1_0.starting_price,p1_0.minimum_quantity,p1_0.catalog_id,p1_0.description,p1_0.image_url,p1_0.name,p1_0.price,p1_0.quantity,r1_0.product_id,r1_0.user_id,r1_0.review,r1_0.score from shopping_product p1_0 left join auctions a1_0 on a1_0.id=p1_0.auction_id left join bids hb1_0 on hb1_0.id=a1_0.highest_bid_id left join product_ratings r1_0 on p1_0.product_id=r1_0.product_id where p1_0.store_name=?
2025-06-29T13:51:54.473+03:00 DEBUG 15320 --- [marketplace] [main] org.hibernate.SQL                        : select c1_0.product_id,c1_0.category from product_categories c1_0 where c1_0.product_id=?
2025-06-29T13:51:54.474+03:00 DEBUG 15320 --- [marketplace] [main] org.hibernate.SQL                        : select b1_0.product_id,b1_0.id,b1_0.amount,b1_0.bidder_email,b1_0.state from bids b1_0 where b1_0.product_id=?
2025-06-29T13:51:54.476+03:00 DEBUG 15320 --- [marketplace] [main] org.hibernate.SQL                        : select c1_0.product_id,c1_0.category from product_categories c1_0 where c1_0.product_id=?
2025-06-29T13:51:54.477+03:00 DEBUG 15320 --- [marketplace] [main] org.hibernate.SQL                        : select b1_0.product_id,b1_0.id,b1_0.amount,b1_0.bidder_email,b1_0.state from bids b1_0 where b1_0.product_id=?
2025-06-29T13:51:54.478+03:00 DEBUG 15320 --- [marketplace] [main] org.hibernate.SQL                        : select c1_0.product_id,c1_0.category from product_categories c1_0 where c1_0.product_id=?
2025-06-29T13:51:54.478+03:00 DEBUG 15320 --- [marketplace] [main] org.hibernate.SQL                        : select b1_0.product_id,b1_0.id,b1_0.amount,b1_0.bidder_email,b1_0.state from bids b1_0 where b1_0.product_id=?
2025-06-29T13:51:54.478+03:00 DEBUG 15320 --- [marketplace] [main] org.hibernate.SQL                        : select c1_0.product_id,c1_0.category from product_categories c1_0 where c1_0.product_id=?
2025-06-29T13:51:54.478+03:00 DEBUG 15320 --- [marketplace] [main] org.hibernate.SQL                        : select b1_0.product_id,b1_0.id,b1_0.amount,b1_0.bidder_email,b1_0.state from bids b1_0 where b1_0.product_id=?
2025-06-29T13:51:54.479+03:00 DEBUG 15320 --- [marketplace] [main] org.hibernate.SQL                        : select c1_0.product_id,c1_0.category from product_categories c1_0 where c1_0.product_id=?
2025-06-29T13:51:54.479+03:00 DEBUG 15320 --- [marketplace] [main] org.hibernate.SQL                        : select b1_0.product_id,b1_0.id,b1_0.amount,b1_0.bidder_email,b1_0.state from bids b1_0 where b1_0.product_id=?
2025-06-29T13:51:54.479+03:00 DEBUG 15320 --- [marketplace] [main] org.hibernate.SQL                        : select oa1_0.store_name,oa1_0.email,oa1_0.appointed_by from store_owners oa1_0 where oa1_0.store_name=?
2025-06-29T13:51:54.480+03:00 DEBUG 15320 --- [marketplace] [main] org.hibernate.SQL                        : select m1_0.store_name,m1_0.manager_email,m1_0.appointed_by,p1_0.manager_email,p1_0.permission from store_managers m1_0 left join manager_permissions p1_0 on m1_0.manager_email=p1_0.manager_email where m1_0.store_name=?
2025-06-29T13:51:54.481+03:00 DEBUG 15320 --- [marketplace] [main] org.hibernate.SQL                        : select s1_0.name,s1_0.balance,s1_0.description,s1_0.email,s1_0.in_store_product_id,s1_0.is_active,m1_0.store_name,m1_0.manager_email,m1_0.appointed_by,p1_0.manager_email,p1_0.permission,oa1_0.store_name,oa1_0.email,oa1_0.appointed_by,s1_0.discount_percentage,s1_0.duration_in_days,r1_0.store_name,r1_0.user_id,r1_0.review,r1_0.score from stores s1_0 left join store_managers m1_0 on s1_0.name=m1_0.store_name left join manager_permissions p1_0 on m1_0.manager_email=p1_0.manager_email left join store_owners oa1_0 on s1_0.name=oa1_0.store_name left join store_ratings r1_0 on s1_0.name=r1_0.store_name where s1_0.name=?
2025-06-29T13:51:54.484+03:00 DEBUG 15320 --- [marketplace] [main] org.hibernate.SQL                        : select ritr1_0.store_name,ritr1_0.review_id,ritr1_0.id,ritr1_0.rating,ritr1_0.review_text,ritr1_0.reviewer_id,ritr1_0.reviewer_name,ritr1_0.store_comment from review ritr1_0 where ritr1_0.store_name=?
2025-06-29T13:51:54.485+03:00 DEBUG 15320 --- [marketplace] [main] org.hibernate.SQL                        : select p1_0.store_name,p1_0.product_key,p1_0.product_id,a1_0.id,a1_0.end_time,a1_0.ended,hb1_0.id,hb1_0.amount,hb1_0.bidder_email,hb1_0.state,a1_0.starting_price,p1_0.minimum_quantity,p1_0.catalog_id,p1_0.description,p1_0.image_url,p1_0.name,p1_0.price,p1_0.quantity,r1_0.product_id,r1_0.user_id,r1_0.review,r1_0.score from shopping_product p1_0 left join auctions a1_0 on a1_0.id=p1_0.auction_id left join bids hb1_0 on hb1_0.id=a1_0.highest_bid_id left join product_ratings r1_0 on p1_0.product_id=r1_0.product_id where p1_0.store_name=?
2025-06-29T13:51:54.487+03:00 DEBUG 15320 --- [marketplace] [main] org.hibernate.SQL                        : select c1_0.product_id,c1_0.category from product_categories c1_0 where c1_0.product_id=?
2025-06-29T13:51:54.489+03:00 DEBUG 15320 --- [marketplace] [main] org.hibernate.SQL                        : select b1_0.product_id,b1_0.id,b1_0.amount,b1_0.bidder_email,b1_0.state from bids b1_0 where b1_0.product_id=?
2025-06-29T13:51:54.491+03:00 DEBUG 15320 --- [marketplace] [main] org.hibernate.SQL                        : select c1_0.product_id,c1_0.category from product_categories c1_0 where c1_0.product_id=?
2025-06-29T13:51:54.492+03:00 DEBUG 15320 --- [marketplace] [main] org.hibernate.SQL                        : select b1_0.product_id,b1_0.id,b1_0.amount,b1_0.bidder_email,b1_0.state from bids b1_0 where b1_0.product_id=?
2025-06-29T13:51:54.492+03:00 DEBUG 15320 --- [marketplace] [main] org.hibernate.SQL                        : select c1_0.product_id,c1_0.category from product_categories c1_0 where c1_0.product_id=?
2025-06-29T13:51:54.492+03:00 DEBUG 15320 --- [marketplace] [main] org.hibernate.SQL                        : select b1_0.product_id,b1_0.id,b1_0.amount,b1_0.bidder_email,b1_0.state from bids b1_0 where b1_0.product_id=?
2025-06-29T13:51:54.494+03:00 DEBUG 15320 --- [marketplace] [main] org.hibernate.SQL                        : select c1_0.product_id,c1_0.category from product_categories c1_0 where c1_0.product_id=?
2025-06-29T13:51:54.495+03:00 DEBUG 15320 --- [marketplace] [main] org.hibernate.SQL                        : select b1_0.product_id,b1_0.id,b1_0.amount,b1_0.bidder_email,b1_0.state from bids b1_0 where b1_0.product_id=?
2025-06-29T13:51:54.496+03:00 DEBUG 15320 --- [marketplace] [main] org.hibernate.SQL                        : select c1_0.product_id,c1_0.category from product_categories c1_0 where c1_0.product_id=?
2025-06-29T13:51:54.496+03:00 DEBUG 15320 --- [marketplace] [main] org.hibernate.SQL                        : select b1_0.product_id,b1_0.id,b1_0.amount,b1_0.bidder_email,b1_0.state from bids b1_0 where b1_0.product_id=?
2025-06-29T13:51:54.499+03:00 DEBUG 15320 --- [marketplace] [main] org.hibernate.SQL                        : insert into product_ratings (product_id,user_id,review,score) values (?,?,?,?)
2025-06-29T13:51:54.502+03:00 DEBUG 15320 --- [marketplace] [main] org.hibernate.SQL                        : select s1_0.name,s1_0.balance,s1_0.description,s1_0.email,s1_0.in_store_product_id,s1_0.is_active,s1_0.discount_percentage,s1_0.duration_in_days from stores s1_0 where s1_0.name=?
2025-06-29T13:51:54.503+03:00 DEBUG 15320 --- [marketplace] [main] org.hibernate.SQL                        : select ritr1_0.store_name,ritr1_0.review_id,ritr1_0.id,ritr1_0.rating,ritr1_0.review_text,ritr1_0.reviewer_id,ritr1_0.reviewer_name,ritr1_0.store_comment from review ritr1_0 where ritr1_0.store_name=?
2025-06-29T13:51:54.503+03:00 DEBUG 15320 --- [marketplace] [main] org.hibernate.SQL                        : select r1_0.store_name,r1_0.user_id,r1_0.review,r1_0.score from store_ratings r1_0 where r1_0.store_name=?
2025-06-29T13:51:54.504+03:00 DEBUG 15320 --- [marketplace] [main] org.hibernate.SQL                        : select p1_0.store_name,p1_0.product_key,p1_0.product_id,a1_0.id,a1_0.end_time,a1_0.ended,hb1_0.id,hb1_0.amount,hb1_0.bidder_email,hb1_0.state,a1_0.starting_price,p1_0.minimum_quantity,p1_0.catalog_id,p1_0.description,p1_0.image_url,p1_0.name,p1_0.price,p1_0.quantity,r1_0.product_id,r1_0.user_id,r1_0.review,r1_0.score from shopping_product p1_0 left join auctions a1_0 on a1_0.id=p1_0.auction_id left join bids hb1_0 on hb1_0.id=a1_0.highest_bid_id left join product_ratings r1_0 on p1_0.product_id=r1_0.product_id where p1_0.store_name=?
2025-06-29T13:51:54.505+03:00 DEBUG 15320 --- [marketplace] [main] org.hibernate.SQL                        : select c1_0.product_id,c1_0.category from product_categories c1_0 where c1_0.product_id=?
2025-06-29T13:51:54.506+03:00 DEBUG 15320 --- [marketplace] [main] org.hibernate.SQL                        : select b1_0.product_id,b1_0.id,b1_0.amount,b1_0.bidder_email,b1_0.state from bids b1_0 where b1_0.product_id=?
2025-06-29T13:51:54.506+03:00 DEBUG 15320 --- [marketplace] [main] org.hibernate.SQL                        : select c1_0.product_id,c1_0.category from product_categories c1_0 where c1_0.product_id=?
2025-06-29T13:51:54.506+03:00 DEBUG 15320 --- [marketplace] [main] org.hibernate.SQL                        : select b1_0.product_id,b1_0.id,b1_0.amount,b1_0.bidder_email,b1_0.state from bids b1_0 where b1_0.product_id=?
2025-06-29T13:51:54.506+03:00 DEBUG 15320 --- [marketplace] [main] org.hibernate.SQL                        : select c1_0.product_id,c1_0.category from product_categories c1_0 where c1_0.product_id=?
2025-06-29T13:51:54.506+03:00 DEBUG 15320 --- [marketplace] [main] org.hibernate.SQL                        : select b1_0.product_id,b1_0.id,b1_0.amount,b1_0.bidder_email,b1_0.state from bids b1_0 where b1_0.product_id=?
2025-06-29T13:51:54.506+03:00 DEBUG 15320 --- [marketplace] [main] org.hibernate.SQL                        : select c1_0.product_id,c1_0.category from product_categories c1_0 where c1_0.product_id=?
2025-06-29T13:51:54.506+03:00 DEBUG 15320 --- [marketplace] [main] org.hibernate.SQL                        : select b1_0.product_id,b1_0.id,b1_0.amount,b1_0.bidder_email,b1_0.state from bids b1_0 where b1_0.product_id=?
2025-06-29T13:51:54.507+03:00 DEBUG 15320 --- [marketplace] [main] org.hibernate.SQL                        : select c1_0.product_id,c1_0.category from product_categories c1_0 where c1_0.product_id=?
2025-06-29T13:51:54.510+03:00 DEBUG 15320 --- [marketplace] [main] org.hibernate.SQL                        : select b1_0.product_id,b1_0.id,b1_0.amount,b1_0.bidder_email,b1_0.state from bids b1_0 where b1_0.product_id=?
2025-06-29T13:51:54.511+03:00 DEBUG 15320 --- [marketplace] [main] org.hibernate.SQL                        : select oa1_0.store_name,oa1_0.email,oa1_0.appointed_by from store_owners oa1_0 where oa1_0.store_name=?
2025-06-29T13:51:54.512+03:00 DEBUG 15320 --- [marketplace] [main] org.hibernate.SQL                        : select m1_0.store_name,m1_0.manager_email,m1_0.appointed_by,p1_0.manager_email,p1_0.permission from store_managers m1_0 left join manager_permissions p1_0 on m1_0.manager_email=p1_0.manager_email where m1_0.store_name=?
2025-06-29T13:51:54.513+03:00 DEBUG 15320 --- [marketplace] [main] org.hibernate.SQL                        : select s1_0.name,s1_0.balance,s1_0.description,s1_0.email,s1_0.in_store_product_id,s1_0.is_active,m1_0.store_name,m1_0.manager_email,m1_0.appointed_by,p1_0.manager_email,p1_0.permission,oa1_0.store_name,oa1_0.email,oa1_0.appointed_by,s1_0.discount_percentage,s1_0.duration_in_days,r1_0.store_name,r1_0.user_id,r1_0.review,r1_0.score from stores s1_0 left join store_managers m1_0 on s1_0.name=m1_0.store_name left join manager_permissions p1_0 on m1_0.manager_email=p1_0.manager_email left join store_owners oa1_0 on s1_0.name=oa1_0.store_name left join store_ratings r1_0 on s1_0.name=r1_0.store_name where s1_0.name=?
2025-06-29T13:51:54.515+03:00 DEBUG 15320 --- [marketplace] [main] org.hibernate.SQL                        : select ritr1_0.store_name,ritr1_0.review_id,ritr1_0.id,ritr1_0.rating,ritr1_0.review_text,ritr1_0.reviewer_id,ritr1_0.reviewer_name,ritr1_0.store_comment from review ritr1_0 where ritr1_0.store_name=?
2025-06-29T13:51:54.516+03:00 DEBUG 15320 --- [marketplace] [main] org.hibernate.SQL                        : select p1_0.store_name,p1_0.product_key,p1_0.product_id,a1_0.id,a1_0.end_time,a1_0.ended,hb1_0.id,hb1_0.amount,hb1_0.bidder_email,hb1_0.state,a1_0.starting_price,p1_0.minimum_quantity,p1_0.catalog_id,p1_0.description,p1_0.image_url,p1_0.name,p1_0.price,p1_0.quantity,r1_0.product_id,r1_0.user_id,r1_0.review,r1_0.score from shopping_product p1_0 left join auctions a1_0 on a1_0.id=p1_0.auction_id left join bids hb1_0 on hb1_0.id=a1_0.highest_bid_id left join product_ratings r1_0 on p1_0.product_id=r1_0.product_id where p1_0.store_name=?
2025-06-29T13:51:54.518+03:00 DEBUG 15320 --- [marketplace] [main] org.hibernate.SQL                        : select c1_0.product_id,c1_0.category from product_categories c1_0 where c1_0.product_id=?
2025-06-29T13:51:54.518+03:00 DEBUG 15320 --- [marketplace] [main] org.hibernate.SQL                        : select b1_0.product_id,b1_0.id,b1_0.amount,b1_0.bidder_email,b1_0.state from bids b1_0 where b1_0.product_id=?
2025-06-29T13:51:54.518+03:00 DEBUG 15320 --- [marketplace] [main] org.hibernate.SQL                        : select c1_0.product_id,c1_0.category from product_categories c1_0 where c1_0.product_id=?
2025-06-29T13:51:54.518+03:00 DEBUG 15320 --- [marketplace] [main] org.hibernate.SQL                        : select b1_0.product_id,b1_0.id,b1_0.amount,b1_0.bidder_email,b1_0.state from bids b1_0 where b1_0.product_id=?
2025-06-29T13:51:54.518+03:00 DEBUG 15320 --- [marketplace] [main] org.hibernate.SQL                        : select c1_0.product_id,c1_0.category from product_categories c1_0 where c1_0.product_id=?
2025-06-29T13:51:54.519+03:00 DEBUG 15320 --- [marketplace] [main] org.hibernate.SQL                        : select b1_0.product_id,b1_0.id,b1_0.amount,b1_0.bidder_email,b1_0.state from bids b1_0 where b1_0.product_id=?
2025-06-29T13:51:54.519+03:00 DEBUG 15320 --- [marketplace] [main] org.hibernate.SQL                        : select c1_0.product_id,c1_0.category from product_categories c1_0 where c1_0.product_id=?
2025-06-29T13:51:54.519+03:00 DEBUG 15320 --- [marketplace] [main] org.hibernate.SQL                        : select b1_0.product_id,b1_0.id,b1_0.amount,b1_0.bidder_email,b1_0.state from bids b1_0 where b1_0.product_id=?
2025-06-29T13:51:54.519+03:00 DEBUG 15320 --- [marketplace] [main] org.hibernate.SQL                        : select c1_0.product_id,c1_0.category from product_categories c1_0 where c1_0.product_id=?
2025-06-29T13:51:54.519+03:00 DEBUG 15320 --- [marketplace] [main] org.hibernate.SQL                        : select b1_0.product_id,b1_0.id,b1_0.amount,b1_0.bidder_email,b1_0.state from bids b1_0 where b1_0.product_id=?
2025-06-29T13:51:54.521+03:00 DEBUG 15320 --- [marketplace] [main] org.hibernate.SQL                        : insert into product_ratings (product_id,user_id,review,score) values (?,?,?,?)
2025-06-29T13:51:54.525+03:00 DEBUG 15320 --- [marketplace] [main] org.hibernate.SQL                        : insert into transactions (buyers_email,cost,store_name,id) values (?,?,?,default)
2025-06-29T13:51:54.527+03:00 DEBUG 15320 --- [marketplace] [main] org.hibernate.SQL                        : insert into transaction_items (transaction_id,product_id) values (?,?)
2025-06-29T13:51:54.528+03:00 DEBUG 15320 --- [marketplace] [main] org.hibernate.SQL                        : insert into transaction_items (transaction_id,product_id) values (?,?)
2025-06-29T13:51:54.529+03:00 DEBUG 15320 --- [marketplace] [main] org.hibernate.SQL                        : insert into transactions (buyers_email,cost,store_name,id) values (?,?,?,default)
2025-06-29T13:51:54.531+03:00 DEBUG 15320 --- [marketplace] [main] org.hibernate.SQL                        : insert into transaction_items (transaction_id,product_id) values (?,?)
2025-06-29T13:51:54.532+03:00 DEBUG 15320 --- [marketplace] [main] org.hibernate.SQL                        : insert into transactions (buyers_email,cost,store_name,id) values (?,?,?,default)
2025-06-29T13:51:54.533+03:00 DEBUG 15320 --- [marketplace] [main] org.hibernate.SQL                        : insert into transaction_items (transaction_id,product_id) values (?,?)
2025-06-29T13:51:54.534+03:00 DEBUG 15320 --- [marketplace] [main] org.hibernate.SQL                        : insert into transactions (buyers_email,cost,store_name,id) values (?,?,?,default)
2025-06-29T13:51:54.536+03:00 DEBUG 15320 --- [marketplace] [main] org.hibernate.SQL                        : insert into transaction_items (transaction_id,product_id) values (?,?)
2025-06-29T13:51:54.536+03:00 DEBUG 15320 --- [marketplace] [main] org.hibernate.SQL                        : insert into transaction_items (transaction_id,product_id) values (?,?)
2025-06-29T13:51:54.539+03:00 DEBUG 15320 --- [marketplace] [main] org.hibernate.SQL                        : insert into transactions (buyers_email,cost,store_name,id) values (?,?,?,default)
2025-06-29T13:51:54.541+03:00 DEBUG 15320 --- [marketplace] [main] org.hibernate.SQL                        : insert into transaction_items (transaction_id,product_id) values (?,?)
2025-06-29T13:51:54.543+03:00 DEBUG 15320 --- [marketplace] [main] org.hibernate.SQL                        : insert into transaction_items (transaction_id,product_id) values (?,?)
2025-06-29T13:51:54.544+03:00 DEBUG 15320 --- [marketplace] [main] org.hibernate.SQL                        : insert into transactions (buyers_email,cost,store_name,id) values (?,?,?,default)
2025-06-29T13:51:54.545+03:00 DEBUG 15320 --- [marketplace] [main] org.hibernate.SQL                        : insert into transaction_items (transaction_id,product_id) values (?,?)
2025-06-29T13:51:55.436+03:00  INFO 15320 --- [marketplace] [main] com.SEGroup.UI.InitFileRunner            : [InitRunner] Processing JSON file with comment support...
2025-06-29T13:51:55.438+03:00  INFO 15320 --- [marketplace] [main] com.SEGroup.UI.InitFileRunner            : [InitRunner] Verifying services are properly injected...
2025-06-29T13:51:55.438+03:00  INFO 15320 --- [marketplace] [main] com.SEGroup.UI.InitFileRunner            : [InitRunner] ✓ All services properly injected
2025-06-29T13:51:55.438+03:00  INFO 15320 --- [marketplace] [main] com.SEGroup.UI.InitFileRunner            : [InitRunner] Starting replay of 15 steps
2025-06-29T13:51:55.439+03:00  INFO 15320 --- [marketplace] [main] com.SEGroup.UI.InitFileRunner            : [InitRunner] Step 1/15: Executing useCase: guest-registration
2025-06-29T13:51:55.439+03:00  INFO 15320 --- [marketplace] [main] com.SEGroup.UI.InitFileRunner            : [InitRunner] Registering user: u1@example.com
2025-06-29T13:51:55.513+03:00 DEBUG 15320 --- [marketplace] [main] org.hibernate.SQL                        : select u1_0.email from users u1_0 where u1_0.email=? fetch first ? rows only
2025-06-29T13:51:55.515+03:00 DEBUG 15320 --- [marketplace] [main] org.hibernate.SQL                        : select u1_0.email from users u1_0 where u1_0.username=? fetch first ? rows only
2025-06-29T13:51:55.516+03:00 DEBUG 15320 --- [marketplace] [main] org.hibernate.SQL                        : select u1_0.email,ab1_0.user_email,ab1_0.bid_id,ab1_0.product_id,ab1_0.store_name,u1_0.street_address,u1_0.city,u1_0.country,u1_0.zip_code,c1_0.user_id,u1_0.billing_address,u1_0.card_holder,u1_0.billing_city,u1_0.billing_country,u1_0.encrypted_card_number,u1_0.encrypted_cvv,u1_0.expiry_date,u1_0.id,u1_0.billing_zip_code,u1_0.is_admin,u1_0.password_hash,sr1_0.user_email,sr1_0.store_name,sr1_0.role,u1_0.end_time,u1_0.reason,u1_0.start_time,u1_0.user_email,u1_0.username from users u1_0 left join user_active_bids ab1_0 on u1_0.email=ab1_0.user_email left join shopping_cart c1_0 on c1_0.user_id=u1_0.cart_id left join user_store_roles sr1_0 on u1_0.email=sr1_0.user_email where u1_0.email=?
2025-06-29T13:51:55.518+03:00 DEBUG 15320 --- [marketplace] [main] org.hibernate.SQL                        : insert into users (street_address,city,country,zip_code,cart_id,billing_address,card_holder,billing_city,billing_country,encrypted_card_number,encrypted_cvv,expiry_date,id,billing_zip_code,is_admin,password_hash,end_time,reason,start_time,user_email,username,email) values (?,?,?,?,?,?,?,?,?,?,?,?,?,?,?,?,?,?,?,?,?,?)
2025-06-29T13:51:55.519+03:00  INFO 15320 --- [marketplace] [main] com.SEGroup.Service.LoggerWrapper        : User registered successfully: u1@example.com, Email: u1@example.com
2025-06-29T13:51:55.519+03:00  INFO 15320 --- [marketplace] [main] com.SEGroup.UI.InitFileRunner            : [InitRunner] ✓ Successfully registered: u1@example.com
2025-06-29T13:51:55.520+03:00  INFO 15320 --- [marketplace] [main] com.SEGroup.UI.InitFileRunner            : [InitRunner] Step 2/15: Executing useCase: guest-registration
2025-06-29T13:51:55.520+03:00  INFO 15320 --- [marketplace] [main] com.SEGroup.UI.InitFileRunner            : [InitRunner] Registering user: u2@example.com
2025-06-29T13:51:55.592+03:00 DEBUG 15320 --- [marketplace] [main] org.hibernate.SQL                        : select u1_0.email from users u1_0 where u1_0.email=? fetch first ? rows only
2025-06-29T13:51:55.594+03:00 DEBUG 15320 --- [marketplace] [main] org.hibernate.SQL                        : select u1_0.email from users u1_0 where u1_0.username=? fetch first ? rows only
2025-06-29T13:51:55.595+03:00 DEBUG 15320 --- [marketplace] [main] org.hibernate.SQL                        : select u1_0.email,ab1_0.user_email,ab1_0.bid_id,ab1_0.product_id,ab1_0.store_name,u1_0.street_address,u1_0.city,u1_0.country,u1_0.zip_code,c1_0.user_id,u1_0.billing_address,u1_0.card_holder,u1_0.billing_city,u1_0.billing_country,u1_0.encrypted_card_number,u1_0.encrypted_cvv,u1_0.expiry_date,u1_0.id,u1_0.billing_zip_code,u1_0.is_admin,u1_0.password_hash,sr1_0.user_email,sr1_0.store_name,sr1_0.role,u1_0.end_time,u1_0.reason,u1_0.start_time,u1_0.user_email,u1_0.username from users u1_0 left join user_active_bids ab1_0 on u1_0.email=ab1_0.user_email left join shopping_cart c1_0 on c1_0.user_id=u1_0.cart_id left join user_store_roles sr1_0 on u1_0.email=sr1_0.user_email where u1_0.email=?
2025-06-29T13:51:55.596+03:00 DEBUG 15320 --- [marketplace] [main] org.hibernate.SQL                        : insert into users (street_address,city,country,zip_code,cart_id,billing_address,card_holder,billing_city,billing_country,encrypted_card_number,encrypted_cvv,expiry_date,id,billing_zip_code,is_admin,password_hash,end_time,reason,start_time,user_email,username,email) values (?,?,?,?,?,?,?,?,?,?,?,?,?,?,?,?,?,?,?,?,?,?)
2025-06-29T13:51:55.600+03:00  INFO 15320 --- [marketplace] [main] com.SEGroup.Service.LoggerWrapper        : User registered successfully: u2@example.com, Email: u2@example.com
2025-06-29T13:51:55.601+03:00  INFO 15320 --- [marketplace] [main] com.SEGroup.UI.InitFileRunner            : [InitRunner] ✓ Successfully registered: u2@example.com
2025-06-29T13:51:55.601+03:00  INFO 15320 --- [marketplace] [main] com.SEGroup.UI.InitFileRunner            : [InitRunner] Step 3/15: Executing useCase: guest-registration
2025-06-29T13:51:55.601+03:00  INFO 15320 --- [marketplace] [main] com.SEGroup.UI.InitFileRunner            : [InitRunner] Registering user: u3@example.com
2025-06-29T13:51:55.679+03:00 DEBUG 15320 --- [marketplace] [main] org.hibernate.SQL                        : select u1_0.email from users u1_0 where u1_0.email=? fetch first ? rows only
2025-06-29T13:51:55.682+03:00 DEBUG 15320 --- [marketplace] [main] org.hibernate.SQL                        : select u1_0.email from users u1_0 where u1_0.username=? fetch first ? rows only
2025-06-29T13:51:55.683+03:00 DEBUG 15320 --- [marketplace] [main] org.hibernate.SQL                        : select u1_0.email,ab1_0.user_email,ab1_0.bid_id,ab1_0.product_id,ab1_0.store_name,u1_0.street_address,u1_0.city,u1_0.country,u1_0.zip_code,c1_0.user_id,u1_0.billing_address,u1_0.card_holder,u1_0.billing_city,u1_0.billing_country,u1_0.encrypted_card_number,u1_0.encrypted_cvv,u1_0.expiry_date,u1_0.id,u1_0.billing_zip_code,u1_0.is_admin,u1_0.password_hash,sr1_0.user_email,sr1_0.store_name,sr1_0.role,u1_0.end_time,u1_0.reason,u1_0.start_time,u1_0.user_email,u1_0.username from users u1_0 left join user_active_bids ab1_0 on u1_0.email=ab1_0.user_email left join shopping_cart c1_0 on c1_0.user_id=u1_0.cart_id left join user_store_roles sr1_0 on u1_0.email=sr1_0.user_email where u1_0.email=?
2025-06-29T13:51:55.685+03:00 DEBUG 15320 --- [marketplace] [main] org.hibernate.SQL                        : insert into users (street_address,city,country,zip_code,cart_id,billing_address,card_holder,billing_city,billing_country,encrypted_card_number,encrypted_cvv,expiry_date,id,billing_zip_code,is_admin,password_hash,end_time,reason,start_time,user_email,username,email) values (?,?,?,?,?,?,?,?,?,?,?,?,?,?,?,?,?,?,?,?,?,?)
2025-06-29T13:51:55.686+03:00  INFO 15320 --- [marketplace] [main] com.SEGroup.Service.LoggerWrapper        : User registered successfully: u3@example.com, Email: u3@example.com
2025-06-29T13:51:55.686+03:00  INFO 15320 --- [marketplace] [main] com.SEGroup.UI.InitFileRunner            : [InitRunner] ✓ Successfully registered: u3@example.com
2025-06-29T13:51:55.686+03:00  INFO 15320 --- [marketplace] [main] com.SEGroup.UI.InitFileRunner            : [InitRunner] Step 4/15: Executing useCase: guest-registration
2025-06-29T13:51:55.688+03:00  INFO 15320 --- [marketplace] [main] com.SEGroup.UI.InitFileRunner            : [InitRunner] Registering user: u4@example.com
2025-06-29T13:51:55.768+03:00 DEBUG 15320 --- [marketplace] [main] org.hibernate.SQL                        : select u1_0.email from users u1_0 where u1_0.email=? fetch first ? rows only
2025-06-29T13:51:55.774+03:00 DEBUG 15320 --- [marketplace] [main] org.hibernate.SQL                        : select u1_0.email from users u1_0 where u1_0.username=? fetch first ? rows only
2025-06-29T13:51:55.775+03:00 DEBUG 15320 --- [marketplace] [main] org.hibernate.SQL                        : select u1_0.email,ab1_0.user_email,ab1_0.bid_id,ab1_0.product_id,ab1_0.store_name,u1_0.street_address,u1_0.city,u1_0.country,u1_0.zip_code,c1_0.user_id,u1_0.billing_address,u1_0.card_holder,u1_0.billing_city,u1_0.billing_country,u1_0.encrypted_card_number,u1_0.encrypted_cvv,u1_0.expiry_date,u1_0.id,u1_0.billing_zip_code,u1_0.is_admin,u1_0.password_hash,sr1_0.user_email,sr1_0.store_name,sr1_0.role,u1_0.end_time,u1_0.reason,u1_0.start_time,u1_0.user_email,u1_0.username from users u1_0 left join user_active_bids ab1_0 on u1_0.email=ab1_0.user_email left join shopping_cart c1_0 on c1_0.user_id=u1_0.cart_id left join user_store_roles sr1_0 on u1_0.email=sr1_0.user_email where u1_0.email=?
2025-06-29T13:51:55.779+03:00 DEBUG 15320 --- [marketplace] [main] org.hibernate.SQL                        : insert into users (street_address,city,country,zip_code,cart_id,billing_address,card_holder,billing_city,billing_country,encrypted_card_number,encrypted_cvv,expiry_date,id,billing_zip_code,is_admin,password_hash,end_time,reason,start_time,user_email,username,email) values (?,?,?,?,?,?,?,?,?,?,?,?,?,?,?,?,?,?,?,?,?,?)
2025-06-29T13:51:55.779+03:00  INFO 15320 --- [marketplace] [main] com.SEGroup.Service.LoggerWrapper        : User registered successfully: u4@example.com, Email: u4@example.com
2025-06-29T13:51:55.780+03:00  INFO 15320 --- [marketplace] [main] com.SEGroup.UI.InitFileRunner            : [InitRunner] ✓ Successfully registered: u4@example.com
2025-06-29T13:51:55.780+03:00  INFO 15320 --- [marketplace] [main] com.SEGroup.UI.InitFileRunner            : [InitRunner] Step 5/15: Executing useCase: guest-registration
2025-06-29T13:51:55.780+03:00  INFO 15320 --- [marketplace] [main] com.SEGroup.UI.InitFileRunner            : [InitRunner] Registering user: u5@example.com
2025-06-29T13:51:55.862+03:00 DEBUG 15320 --- [marketplace] [main] org.hibernate.SQL                        : select u1_0.email from users u1_0 where u1_0.email=? fetch first ? rows only
2025-06-29T13:51:55.863+03:00 DEBUG 15320 --- [marketplace] [main] org.hibernate.SQL                        : select u1_0.email from users u1_0 where u1_0.username=? fetch first ? rows only
2025-06-29T13:51:55.864+03:00 DEBUG 15320 --- [marketplace] [main] org.hibernate.SQL                        : select u1_0.email,ab1_0.user_email,ab1_0.bid_id,ab1_0.product_id,ab1_0.store_name,u1_0.street_address,u1_0.city,u1_0.country,u1_0.zip_code,c1_0.user_id,u1_0.billing_address,u1_0.card_holder,u1_0.billing_city,u1_0.billing_country,u1_0.encrypted_card_number,u1_0.encrypted_cvv,u1_0.expiry_date,u1_0.id,u1_0.billing_zip_code,u1_0.is_admin,u1_0.password_hash,sr1_0.user_email,sr1_0.store_name,sr1_0.role,u1_0.end_time,u1_0.reason,u1_0.start_time,u1_0.user_email,u1_0.username from users u1_0 left join user_active_bids ab1_0 on u1_0.email=ab1_0.user_email left join shopping_cart c1_0 on c1_0.user_id=u1_0.cart_id left join user_store_roles sr1_0 on u1_0.email=sr1_0.user_email where u1_0.email=?
2025-06-29T13:51:55.865+03:00 DEBUG 15320 --- [marketplace] [main] org.hibernate.SQL                        : insert into users (street_address,city,country,zip_code,cart_id,billing_address,card_holder,billing_city,billing_country,encrypted_card_number,encrypted_cvv,expiry_date,id,billing_zip_code,is_admin,password_hash,end_time,reason,start_time,user_email,username,email) values (?,?,?,?,?,?,?,?,?,?,?,?,?,?,?,?,?,?,?,?,?,?)
2025-06-29T13:51:55.866+03:00  INFO 15320 --- [marketplace] [main] com.SEGroup.Service.LoggerWrapper        : User registered successfully: u5@example.com, Email: u5@example.com
2025-06-29T13:51:55.866+03:00  INFO 15320 --- [marketplace] [main] com.SEGroup.UI.InitFileRunner            : [InitRunner] ✓ Successfully registered: u5@example.com
2025-06-29T13:51:55.867+03:00  INFO 15320 --- [marketplace] [main] com.SEGroup.UI.InitFileRunner            : [InitRunner] Step 6/15: Executing useCase: guest-registration
2025-06-29T13:51:55.867+03:00  INFO 15320 --- [marketplace] [main] com.SEGroup.UI.InitFileRunner            : [InitRunner] Registering user: u6@example.com
2025-06-29T13:51:55.947+03:00 DEBUG 15320 --- [marketplace] [main] org.hibernate.SQL                        : select u1_0.email from users u1_0 where u1_0.email=? fetch first ? rows only
2025-06-29T13:51:55.949+03:00 DEBUG 15320 --- [marketplace] [main] org.hibernate.SQL                        : select u1_0.email from users u1_0 where u1_0.username=? fetch first ? rows only
2025-06-29T13:51:55.951+03:00 DEBUG 15320 --- [marketplace] [main] org.hibernate.SQL                        : select u1_0.email,ab1_0.user_email,ab1_0.bid_id,ab1_0.product_id,ab1_0.store_name,u1_0.street_address,u1_0.city,u1_0.country,u1_0.zip_code,c1_0.user_id,u1_0.billing_address,u1_0.card_holder,u1_0.billing_city,u1_0.billing_country,u1_0.encrypted_card_number,u1_0.encrypted_cvv,u1_0.expiry_date,u1_0.id,u1_0.billing_zip_code,u1_0.is_admin,u1_0.password_hash,sr1_0.user_email,sr1_0.store_name,sr1_0.role,u1_0.end_time,u1_0.reason,u1_0.start_time,u1_0.user_email,u1_0.username from users u1_0 left join user_active_bids ab1_0 on u1_0.email=ab1_0.user_email left join shopping_cart c1_0 on c1_0.user_id=u1_0.cart_id left join user_store_roles sr1_0 on u1_0.email=sr1_0.user_email where u1_0.email=?
2025-06-29T13:51:55.952+03:00 DEBUG 15320 --- [marketplace] [main] org.hibernate.SQL                        : insert into users (street_address,city,country,zip_code,cart_id,billing_address,card_holder,billing_city,billing_country,encrypted_card_number,encrypted_cvv,expiry_date,id,billing_zip_code,is_admin,password_hash,end_time,reason,start_time,user_email,username,email) values (?,?,?,?,?,?,?,?,?,?,?,?,?,?,?,?,?,?,?,?,?,?)
2025-06-29T13:51:55.960+03:00  INFO 15320 --- [marketplace] [main] com.SEGroup.Service.LoggerWrapper        : User registered successfully: u6@example.com, Email: u6@example.com
2025-06-29T13:51:55.961+03:00  INFO 15320 --- [marketplace] [main] com.SEGroup.UI.InitFileRunner            : [InitRunner] ✓ Successfully registered: u6@example.com
2025-06-29T13:51:55.961+03:00  INFO 15320 --- [marketplace] [main] com.SEGroup.UI.InitFileRunner            : [InitRunner] Step 7/15: Executing useCase: login
2025-06-29T13:51:55.961+03:00  INFO 15320 --- [marketplace] [main] com.SEGroup.UI.InitFileRunner            : [InitRunner] Logging in user: u2@example.com
2025-06-29T13:51:55.964+03:00 DEBUG 15320 --- [marketplace] [main] org.hibernate.SQL                        : select u1_0.email,u1_0.street_address,u1_0.city,u1_0.country,u1_0.zip_code,u1_0.cart_id,u1_0.billing_address,u1_0.card_holder,u1_0.billing_city,u1_0.billing_country,u1_0.encrypted_card_number,u1_0.encrypted_cvv,u1_0.expiry_date,u1_0.id,u1_0.billing_zip_code,u1_0.is_admin,u1_0.password_hash,u1_0.end_time,u1_0.reason,u1_0.start_time,u1_0.user_email,u1_0.username from users u1_0 where u1_0.email=?
2025-06-29T13:51:55.965+03:00 DEBUG 15320 --- [marketplace] [main] org.hibernate.SQL                        : select sr1_0.user_email,sr1_0.store_name,sr1_0.role from user_store_roles sr1_0 where sr1_0.user_email=?
2025-06-29T13:51:55.967+03:00 DEBUG 15320 --- [marketplace] [main] org.hibernate.SQL                        : select ph1_0.user_email,ph1_0.transaction_id from purchase_history ph1_0 where ph1_0.user_email=?
2025-06-29T13:51:55.967+03:00 DEBUG 15320 --- [marketplace] [main] org.hibernate.SQL                        : select ab1_0.user_email,ab1_0.bid_id,ab1_0.product_id,ab1_0.store_name from user_active_bids ab1_0 where ab1_0.user_email=?
2025-06-29T13:51:56.048+03:00  INFO 15320 --- [marketplace] [main] com.SEGroup.Service.LoggerWrapper        : User logged in successfully: u2@example.com
2025-06-29T13:51:56.049+03:00  INFO 15320 --- [marketplace] [main] com.SEGroup.UI.InitFileRunner            : [InitRunner] ✓ Successfully logged in: u2@example.com (token stored)
2025-06-29T13:51:56.049+03:00  INFO 15320 --- [marketplace] [main] com.SEGroup.UI.InitFileRunner            : [InitRunner] Step 8/15: Executing useCase: open-shop
2025-06-29T13:51:56.049+03:00  INFO 15320 --- [marketplace] [main] com.SEGroup.UI.InitFileRunner            : [InitRunner] Opening shop 'Bamba-Shop' for owner: u2@example.com
2025-06-29T13:51:56.053+03:00 DEBUG 15320 --- [marketplace] [main] org.hibernate.SQL                        : select u1_0.email,u1_0.street_address,u1_0.city,u1_0.country,u1_0.zip_code,u1_0.cart_id,u1_0.billing_address,u1_0.card_holder,u1_0.billing_city,u1_0.billing_country,u1_0.encrypted_card_number,u1_0.encrypted_cvv,u1_0.expiry_date,u1_0.id,u1_0.billing_zip_code,u1_0.is_admin,u1_0.password_hash,u1_0.end_time,u1_0.reason,u1_0.start_time,u1_0.user_email,u1_0.username from users u1_0 where u1_0.email=?
2025-06-29T13:51:56.054+03:00 DEBUG 15320 --- [marketplace] [main] org.hibernate.SQL                        : select sr1_0.user_email,sr1_0.store_name,sr1_0.role from user_store_roles sr1_0 where sr1_0.user_email=?
2025-06-29T13:51:56.054+03:00 DEBUG 15320 --- [marketplace] [main] org.hibernate.SQL                        : select ph1_0.user_email,ph1_0.transaction_id from purchase_history ph1_0 where ph1_0.user_email=?
2025-06-29T13:51:56.055+03:00 DEBUG 15320 --- [marketplace] [main] org.hibernate.SQL                        : select ab1_0.user_email,ab1_0.bid_id,ab1_0.product_id,ab1_0.store_name from user_active_bids ab1_0 where ab1_0.user_email=?
2025-06-29T13:51:56.056+03:00 DEBUG 15320 --- [marketplace] [main] org.hibernate.SQL                        : select u1_0.email,ab1_0.user_email,ab1_0.bid_id,ab1_0.product_id,ab1_0.store_name,u1_0.street_address,u1_0.city,u1_0.country,u1_0.zip_code,c1_0.user_id,u1_0.billing_address,u1_0.card_holder,u1_0.billing_city,u1_0.billing_country,u1_0.encrypted_card_number,u1_0.encrypted_cvv,u1_0.expiry_date,u1_0.id,u1_0.billing_zip_code,u1_0.is_admin,u1_0.password_hash,sr1_0.user_email,sr1_0.store_name,sr1_0.role,u1_0.end_time,u1_0.reason,u1_0.start_time,u1_0.user_email,u1_0.username from users u1_0 left join user_active_bids ab1_0 on u1_0.email=ab1_0.user_email left join shopping_cart c1_0 on c1_0.user_id=u1_0.cart_id left join user_store_roles sr1_0 on u1_0.email=sr1_0.user_email where u1_0.email=?
2025-06-29T13:51:56.056+03:00 DEBUG 15320 --- [marketplace] [main] org.hibernate.SQL                        : select ph1_0.user_email,ph1_0.transaction_id from purchase_history ph1_0 where ph1_0.user_email=?
2025-06-29T13:51:56.057+03:00  INFO 15320 --- [marketplace] [main] com.SEGroup.Service.LoggerWrapper        : Creating store: Bamba-Shop
2025-06-29T13:51:56.060+03:00 DEBUG 15320 --- [marketplace] [main] org.hibernate.SQL                        : select count(*) from stores s1_0 where s1_0.name=?
2025-06-29T13:51:56.063+03:00 DEBUG 15320 --- [marketplace] [main] org.hibernate.SQL                        : select s1_0.name,s1_0.balance,s1_0.description,s1_0.email,s1_0.in_store_product_id,s1_0.is_active,m1_0.store_name,m1_0.manager_email,m1_0.appointed_by,p1_0.manager_email,p1_0.permission,oa1_0.store_name,oa1_0.email,oa1_0.appointed_by,s1_0.discount_percentage,s1_0.duration_in_days,r1_0.store_name,r1_0.user_id,r1_0.review,r1_0.score from stores s1_0 left join store_managers m1_0 on s1_0.name=m1_0.store_name left join manager_permissions p1_0 on m1_0.manager_email=p1_0.manager_email left join store_owners oa1_0 on s1_0.name=oa1_0.store_name left join store_ratings r1_0 on s1_0.name=r1_0.store_name where s1_0.name=?
2025-06-29T13:51:56.065+03:00 DEBUG 15320 --- [marketplace] [main] org.hibernate.SQL                        : insert into stores (balance,description,email,in_store_product_id,is_active,discount_percentage,duration_in_days,name) values (?,?,?,?,?,?,?,?)
2025-06-29T13:51:56.066+03:00  INFO 15320 --- [marketplace] [main] com.SEGroup.UI.InitFileRunner            : [InitRunner] ✓ Successfully created store: Bamba-Shop
2025-06-29T13:51:56.066+03:00  INFO 15320 --- [marketplace] [main] com.SEGroup.UI.InitFileRunner            : [InitRunner] open-shop patch present – skipped
2025-06-29T13:51:56.066+03:00  INFO 15320 --- [marketplace] [main] com.SEGroup.UI.InitFileRunner            : [InitRunner] Step 9/15: Executing useCase: add-product-to-catalog
2025-06-29T13:51:56.067+03:00  INFO 15320 --- [marketplace] [main] com.SEGroup.UI.InitFileRunner            : [InitRunner] Adding product to catalog: Bamba 80 g Classic (ID: SNACK-001)
2025-06-29T13:51:56.067+03:00  INFO 15320 --- [marketplace] [main] com.SEGroup.Service.LoggerWrapper        : Adding product to catalog: SNACK-001
2025-06-29T13:51:56.067+03:00  INFO 15320 --- [marketplace] [main] com.SEGroup.UI.InitFileRunner            : [InitRunner] ✓ Successfully added to catalog: SNACK-001 -> SNACK-001
2025-06-29T13:51:56.067+03:00  INFO 15320 --- [marketplace] [main] com.SEGroup.UI.InitFileRunner            : [InitRunner] Step 10/15: Executing useCase: add-product-to-store
2025-06-29T13:51:56.067+03:00  INFO 15320 --- [marketplace] [main] com.SEGroup.UI.InitFileRunner            : [InitRunner] Adding product 'Bamba 80 g Classic' (catalog: SNACK-001) to store 'Bamba-Shop' by owner 'u2@example.com'
2025-06-29T13:51:56.071+03:00 DEBUG 15320 --- [marketplace] [main] org.hibernate.SQL                        : select u1_0.email,u1_0.street_address,u1_0.city,u1_0.country,u1_0.zip_code,u1_0.cart_id,u1_0.billing_address,u1_0.card_holder,u1_0.billing_city,u1_0.billing_country,u1_0.encrypted_card_number,u1_0.encrypted_cvv,u1_0.expiry_date,u1_0.id,u1_0.billing_zip_code,u1_0.is_admin,u1_0.password_hash,u1_0.end_time,u1_0.reason,u1_0.start_time,u1_0.user_email,u1_0.username from users u1_0 where u1_0.email=?
2025-06-29T13:51:56.072+03:00 DEBUG 15320 --- [marketplace] [main] org.hibernate.SQL                        : select sr1_0.user_email,sr1_0.store_name,sr1_0.role from user_store_roles sr1_0 where sr1_0.user_email=?
2025-06-29T13:51:56.072+03:00 DEBUG 15320 --- [marketplace] [main] org.hibernate.SQL                        : select ph1_0.user_email,ph1_0.transaction_id from purchase_history ph1_0 where ph1_0.user_email=?
2025-06-29T13:51:56.073+03:00 DEBUG 15320 --- [marketplace] [main] org.hibernate.SQL                        : select ab1_0.user_email,ab1_0.bid_id,ab1_0.product_id,ab1_0.store_name from user_active_bids ab1_0 where ab1_0.user_email=?
2025-06-29T13:51:56.074+03:00 DEBUG 15320 --- [marketplace] [main] org.hibernate.SQL                        : select u1_0.email,ab1_0.user_email,ab1_0.bid_id,ab1_0.product_id,ab1_0.store_name,u1_0.street_address,u1_0.city,u1_0.country,u1_0.zip_code,c1_0.user_id,u1_0.billing_address,u1_0.card_holder,u1_0.billing_city,u1_0.billing_country,u1_0.encrypted_card_number,u1_0.encrypted_cvv,u1_0.expiry_date,u1_0.id,u1_0.billing_zip_code,u1_0.is_admin,u1_0.password_hash,sr1_0.user_email,sr1_0.store_name,sr1_0.role,u1_0.end_time,u1_0.reason,u1_0.start_time,u1_0.user_email,u1_0.username from users u1_0 left join user_active_bids ab1_0 on u1_0.email=ab1_0.user_email left join shopping_cart c1_0 on c1_0.user_id=u1_0.cart_id left join user_store_roles sr1_0 on u1_0.email=sr1_0.user_email where u1_0.email=?
2025-06-29T13:51:56.075+03:00 DEBUG 15320 --- [marketplace] [main] org.hibernate.SQL                        : select ph1_0.user_email,ph1_0.transaction_id from purchase_history ph1_0 where ph1_0.user_email=?
2025-06-29T13:51:56.083+03:00 DEBUG 15320 --- [marketplace] [main] org.hibernate.SQL                        : select u1_0.email,u1_0.street_address,u1_0.city,u1_0.country,u1_0.zip_code,u1_0.cart_id,u1_0.billing_address,u1_0.card_holder,u1_0.billing_city,u1_0.billing_country,u1_0.encrypted_card_number,u1_0.encrypted_cvv,u1_0.expiry_date,u1_0.id,u1_0.billing_zip_code,u1_0.is_admin,u1_0.password_hash,u1_0.end_time,u1_0.reason,u1_0.start_time,u1_0.user_email,u1_0.username from users u1_0 where u1_0.email=?
2025-06-29T13:51:56.084+03:00 DEBUG 15320 --- [marketplace] [main] org.hibernate.SQL                        : select sr1_0.user_email,sr1_0.store_name,sr1_0.role from user_store_roles sr1_0 where sr1_0.user_email=?
2025-06-29T13:51:56.085+03:00 DEBUG 15320 --- [marketplace] [main] org.hibernate.SQL                        : select ph1_0.user_email,ph1_0.transaction_id from purchase_history ph1_0 where ph1_0.user_email=?
2025-06-29T13:51:56.085+03:00 DEBUG 15320 --- [marketplace] [main] org.hibernate.SQL                        : select ab1_0.user_email,ab1_0.bid_id,ab1_0.product_id,ab1_0.store_name from user_active_bids ab1_0 where ab1_0.user_email=?
2025-06-29T13:51:56.087+03:00 DEBUG 15320 --- [marketplace] [main] org.hibernate.SQL                        : select s1_0.name,s1_0.balance,s1_0.description,s1_0.email,s1_0.in_store_product_id,s1_0.is_active,s1_0.discount_percentage,s1_0.duration_in_days from stores s1_0 where s1_0.name=?
2025-06-29T13:51:56.088+03:00 DEBUG 15320 --- [marketplace] [main] org.hibernate.SQL                        : select ritr1_0.store_name,ritr1_0.review_id,ritr1_0.id,ritr1_0.rating,ritr1_0.review_text,ritr1_0.reviewer_id,ritr1_0.reviewer_name,ritr1_0.store_comment from review ritr1_0 where ritr1_0.store_name=?
2025-06-29T13:51:56.089+03:00 DEBUG 15320 --- [marketplace] [main] org.hibernate.SQL                        : select r1_0.store_name,r1_0.user_id,r1_0.review,r1_0.score from store_ratings r1_0 where r1_0.store_name=?
2025-06-29T13:51:56.089+03:00 DEBUG 15320 --- [marketplace] [main] org.hibernate.SQL                        : select p1_0.store_name,p1_0.product_key,p1_0.product_id,a1_0.id,a1_0.end_time,a1_0.ended,hb1_0.id,hb1_0.amount,hb1_0.bidder_email,hb1_0.state,a1_0.starting_price,p1_0.minimum_quantity,p1_0.catalog_id,p1_0.description,p1_0.image_url,p1_0.name,p1_0.price,p1_0.quantity,r1_0.product_id,r1_0.user_id,r1_0.review,r1_0.score from shopping_product p1_0 left join auctions a1_0 on a1_0.id=p1_0.auction_id left join bids hb1_0 on hb1_0.id=a1_0.highest_bid_id left join product_ratings r1_0 on p1_0.product_id=r1_0.product_id where p1_0.store_name=?
2025-06-29T13:51:56.090+03:00 DEBUG 15320 --- [marketplace] [main] org.hibernate.SQL                        : select oa1_0.store_name,oa1_0.email,oa1_0.appointed_by from store_owners oa1_0 where oa1_0.store_name=?
2025-06-29T13:51:56.090+03:00 DEBUG 15320 --- [marketplace] [main] org.hibernate.SQL                        : select m1_0.store_name,m1_0.manager_email,m1_0.appointed_by,p1_0.manager_email,p1_0.permission from store_managers m1_0 left join manager_permissions p1_0 on m1_0.manager_email=p1_0.manager_email where m1_0.store_name=?
2025-06-29T13:51:56.091+03:00 DEBUG 15320 --- [marketplace] [main] org.hibernate.SQL                        : select s1_0.name,s1_0.balance,s1_0.description,s1_0.email,s1_0.in_store_product_id,s1_0.is_active,m1_0.store_name,m1_0.manager_email,m1_0.appointed_by,p1_0.manager_email,p1_0.permission,oa1_0.store_name,oa1_0.email,oa1_0.appointed_by,s1_0.discount_percentage,s1_0.duration_in_days,r1_0.store_name,r1_0.user_id,r1_0.review,r1_0.score from stores s1_0 left join store_managers m1_0 on s1_0.name=m1_0.store_name left join manager_permissions p1_0 on m1_0.manager_email=p1_0.manager_email left join store_owners oa1_0 on s1_0.name=oa1_0.store_name left join store_ratings r1_0 on s1_0.name=r1_0.store_name where s1_0.name=?
2025-06-29T13:51:56.093+03:00 DEBUG 15320 --- [marketplace] [main] org.hibernate.SQL                        : select ritr1_0.store_name,ritr1_0.review_id,ritr1_0.id,ritr1_0.rating,ritr1_0.review_text,ritr1_0.reviewer_id,ritr1_0.reviewer_name,ritr1_0.store_comment from review ritr1_0 where ritr1_0.store_name=?
2025-06-29T13:51:56.093+03:00 DEBUG 15320 --- [marketplace] [main] org.hibernate.SQL                        : select p1_0.store_name,p1_0.product_key,p1_0.product_id,a1_0.id,a1_0.end_time,a1_0.ended,hb1_0.id,hb1_0.amount,hb1_0.bidder_email,hb1_0.state,a1_0.starting_price,p1_0.minimum_quantity,p1_0.catalog_id,p1_0.description,p1_0.image_url,p1_0.name,p1_0.price,p1_0.quantity,r1_0.product_id,r1_0.user_id,r1_0.review,r1_0.score from shopping_product p1_0 left join auctions a1_0 on a1_0.id=p1_0.auction_id left join bids hb1_0 on hb1_0.id=a1_0.highest_bid_id left join product_ratings r1_0 on p1_0.product_id=r1_0.product_id where p1_0.store_name=?
2025-06-29T13:51:56.094+03:00 DEBUG 15320 --- [marketplace] [main] org.hibernate.SQL                        : select sp1_0.product_id,a1_0.id,a1_0.end_time,a1_0.ended,hb1_0.id,hb1_0.amount,hb1_0.bidder_email,hb1_0.state,a1_0.starting_price,sp1_0.minimum_quantity,sp1_0.catalog_id,sp1_0.description,sp1_0.image_url,sp1_0.name,sp1_0.price,sp1_0.quantity,r1_0.product_id,r1_0.user_id,r1_0.review,r1_0.score,sp1_0.store_name from shopping_product sp1_0 left join auctions a1_0 on a1_0.id=sp1_0.auction_id left join bids hb1_0 on hb1_0.id=a1_0.highest_bid_id left join product_ratings r1_0 on sp1_0.product_id=r1_0.product_id where sp1_0.product_id=?
2025-06-29T13:51:56.096+03:00 DEBUG 15320 --- [marketplace] [main] org.hibernate.SQL                        : insert into shopping_product (auction_id,minimum_quantity,catalog_id,description,image_url,name,price,quantity,store_name,product_id) values (?,?,?,?,?,?,?,?,?,?)
2025-06-29T13:51:56.096+03:00 DEBUG 15320 --- [marketplace] [main] org.hibernate.SQL                        : update stores set balance=?,description=?,email=?,in_store_product_id=?,is_active=?,discount_percentage=?,duration_in_days=? where name=?
2025-06-29T13:51:56.097+03:00 DEBUG 15320 --- [marketplace] [main] org.hibernate.SQL                        : update shopping_product set store_name=?,product_key=? where product_id=?
2025-06-29T13:51:56.098+03:00 DEBUG 15320 --- [marketplace] [main] org.hibernate.SQL                        : insert into product_categories (product_id,category) values (?,?)
2025-06-29T13:51:56.098+03:00 DEBUG 15320 --- [marketplace] [main] org.hibernate.SQL                        : insert into product_categories (product_id,category) values (?,?)
2025-06-29T13:51:56.099+03:00  INFO 15320 --- [marketplace] [main] com.SEGroup.Service.LoggerWrapper        : Added product to store: Bamba-Shop, Product ID: 0_Bamba-Shop
2025-06-29T13:51:56.099+03:00  INFO 15320 --- [marketplace] [main] com.SEGroup.UI.InitFileRunner            : [InitRunner] ✓ Successfully added product to store: Bamba 80 g Classic (product ID: 0_Bamba-Shop)
2025-06-29T13:51:56.099+03:00  INFO 15320 --- [marketplace] [main] com.SEGroup.UI.InitFileRunner            : [InitRunner] Step 11/15: Executing useCase: appoint-owner
2025-06-29T13:51:56.099+03:00  INFO 15320 --- [marketplace] [main] com.SEGroup.UI.InitFileRunner            : [InitRunner] Appointing 'u3@example.com' as owner of store 'Bamba-Shop' by current owner 'u2@example.com'
2025-06-29T13:51:56.103+03:00 DEBUG 15320 --- [marketplace] [main] org.hibernate.SQL                        : select u1_0.email,u1_0.street_address,u1_0.city,u1_0.country,u1_0.zip_code,u1_0.cart_id,u1_0.billing_address,u1_0.card_holder,u1_0.billing_city,u1_0.billing_country,u1_0.encrypted_card_number,u1_0.encrypted_cvv,u1_0.expiry_date,u1_0.id,u1_0.billing_zip_code,u1_0.is_admin,u1_0.password_hash,u1_0.end_time,u1_0.reason,u1_0.start_time,u1_0.user_email,u1_0.username from users u1_0 where u1_0.email=?
2025-06-29T13:51:56.104+03:00 DEBUG 15320 --- [marketplace] [main] org.hibernate.SQL                        : select sr1_0.user_email,sr1_0.store_name,sr1_0.role from user_store_roles sr1_0 where sr1_0.user_email=?
2025-06-29T13:51:56.105+03:00 DEBUG 15320 --- [marketplace] [main] org.hibernate.SQL                        : select ph1_0.user_email,ph1_0.transaction_id from purchase_history ph1_0 where ph1_0.user_email=?
2025-06-29T13:51:56.105+03:00 DEBUG 15320 --- [marketplace] [main] org.hibernate.SQL                        : select ab1_0.user_email,ab1_0.bid_id,ab1_0.product_id,ab1_0.store_name from user_active_bids ab1_0 where ab1_0.user_email=?
2025-06-29T13:51:56.106+03:00 DEBUG 15320 --- [marketplace] [main] org.hibernate.SQL                        : select u1_0.email,ab1_0.user_email,ab1_0.bid_id,ab1_0.product_id,ab1_0.store_name,u1_0.street_address,u1_0.city,u1_0.country,u1_0.zip_code,c1_0.user_id,u1_0.billing_address,u1_0.card_holder,u1_0.billing_city,u1_0.billing_country,u1_0.encrypted_card_number,u1_0.encrypted_cvv,u1_0.expiry_date,u1_0.id,u1_0.billing_zip_code,u1_0.is_admin,u1_0.password_hash,sr1_0.user_email,sr1_0.store_name,sr1_0.role,u1_0.end_time,u1_0.reason,u1_0.start_time,u1_0.user_email,u1_0.username from users u1_0 left join user_active_bids ab1_0 on u1_0.email=ab1_0.user_email left join shopping_cart c1_0 on c1_0.user_id=u1_0.cart_id left join user_store_roles sr1_0 on u1_0.email=sr1_0.user_email where u1_0.email=?
2025-06-29T13:51:56.108+03:00 DEBUG 15320 --- [marketplace] [main] org.hibernate.SQL                        : select ph1_0.user_email,ph1_0.transaction_id from purchase_history ph1_0 where ph1_0.user_email=?
2025-06-29T13:51:56.118+03:00 DEBUG 15320 --- [marketplace] [main] org.hibernate.SQL                        : select u1_0.email,u1_0.street_address,u1_0.city,u1_0.country,u1_0.zip_code,u1_0.cart_id,u1_0.billing_address,u1_0.card_holder,u1_0.billing_city,u1_0.billing_country,u1_0.encrypted_card_number,u1_0.encrypted_cvv,u1_0.expiry_date,u1_0.id,u1_0.billing_zip_code,u1_0.is_admin,u1_0.password_hash,u1_0.end_time,u1_0.reason,u1_0.start_time,u1_0.user_email,u1_0.username from users u1_0 where u1_0.email=?
2025-06-29T13:51:56.119+03:00 DEBUG 15320 --- [marketplace] [main] org.hibernate.SQL                        : select sr1_0.user_email,sr1_0.store_name,sr1_0.role from user_store_roles sr1_0 where sr1_0.user_email=?
2025-06-29T13:51:56.119+03:00 DEBUG 15320 --- [marketplace] [main] org.hibernate.SQL                        : select ph1_0.user_email,ph1_0.transaction_id from purchase_history ph1_0 where ph1_0.user_email=?
2025-06-29T13:51:56.119+03:00 DEBUG 15320 --- [marketplace] [main] org.hibernate.SQL                        : select ab1_0.user_email,ab1_0.bid_id,ab1_0.product_id,ab1_0.store_name from user_active_bids ab1_0 where ab1_0.user_email=?
2025-06-29T13:51:56.121+03:00 DEBUG 15320 --- [marketplace] [main] org.hibernate.SQL                        : select s1_0.name,s1_0.balance,s1_0.description,s1_0.email,s1_0.in_store_product_id,s1_0.is_active,s1_0.discount_percentage,s1_0.duration_in_days from stores s1_0 where s1_0.name=?
2025-06-29T13:51:56.123+03:00 DEBUG 15320 --- [marketplace] [main] org.hibernate.SQL                        : select ritr1_0.store_name,ritr1_0.review_id,ritr1_0.id,ritr1_0.rating,ritr1_0.review_text,ritr1_0.reviewer_id,ritr1_0.reviewer_name,ritr1_0.store_comment from review ritr1_0 where ritr1_0.store_name=?
2025-06-29T13:51:56.123+03:00 DEBUG 15320 --- [marketplace] [main] org.hibernate.SQL                        : select r1_0.store_name,r1_0.user_id,r1_0.review,r1_0.score from store_ratings r1_0 where r1_0.store_name=?
2025-06-29T13:51:56.124+03:00 DEBUG 15320 --- [marketplace] [main] org.hibernate.SQL                        : select p1_0.store_name,p1_0.product_key,p1_0.product_id,a1_0.id,a1_0.end_time,a1_0.ended,hb1_0.id,hb1_0.amount,hb1_0.bidder_email,hb1_0.state,a1_0.starting_price,p1_0.minimum_quantity,p1_0.catalog_id,p1_0.description,p1_0.image_url,p1_0.name,p1_0.price,p1_0.quantity,r1_0.product_id,r1_0.user_id,r1_0.review,r1_0.score from shopping_product p1_0 left join auctions a1_0 on a1_0.id=p1_0.auction_id left join bids hb1_0 on hb1_0.id=a1_0.highest_bid_id left join product_ratings r1_0 on p1_0.product_id=r1_0.product_id where p1_0.store_name=?
2025-06-29T13:51:56.124+03:00 DEBUG 15320 --- [marketplace] [main] org.hibernate.SQL                        : select c1_0.product_id,c1_0.category from product_categories c1_0 where c1_0.product_id=?
2025-06-29T13:51:56.125+03:00 DEBUG 15320 --- [marketplace] [main] org.hibernate.SQL                        : select b1_0.product_id,b1_0.id,b1_0.amount,b1_0.bidder_email,b1_0.state from bids b1_0 where b1_0.product_id=?
2025-06-29T13:51:56.126+03:00 DEBUG 15320 --- [marketplace] [main] org.hibernate.SQL                        : select oa1_0.store_name,oa1_0.email,oa1_0.appointed_by from store_owners oa1_0 where oa1_0.store_name=?
2025-06-29T13:51:56.126+03:00 DEBUG 15320 --- [marketplace] [main] org.hibernate.SQL                        : select m1_0.store_name,m1_0.manager_email,m1_0.appointed_by,p1_0.manager_email,p1_0.permission from store_managers m1_0 left join manager_permissions p1_0 on m1_0.manager_email=p1_0.manager_email where m1_0.store_name=?
2025-06-29T13:51:56.128+03:00 DEBUG 15320 --- [marketplace] [main] org.hibernate.SQL                        : select s1_0.name,s1_0.balance,s1_0.description,s1_0.email,s1_0.in_store_product_id,s1_0.is_active,m1_0.store_name,m1_0.manager_email,m1_0.appointed_by,p1_0.manager_email,p1_0.permission,oa1_0.store_name,oa1_0.email,oa1_0.appointed_by,s1_0.discount_percentage,s1_0.duration_in_days,r1_0.store_name,r1_0.user_id,r1_0.review,r1_0.score from stores s1_0 left join store_managers m1_0 on s1_0.name=m1_0.store_name left join manager_permissions p1_0 on m1_0.manager_email=p1_0.manager_email left join store_owners oa1_0 on s1_0.name=oa1_0.store_name left join store_ratings r1_0 on s1_0.name=r1_0.store_name where s1_0.name=?
2025-06-29T13:51:56.130+03:00 DEBUG 15320 --- [marketplace] [main] org.hibernate.SQL                        : select ritr1_0.store_name,ritr1_0.review_id,ritr1_0.id,ritr1_0.rating,ritr1_0.review_text,ritr1_0.reviewer_id,ritr1_0.reviewer_name,ritr1_0.store_comment from review ritr1_0 where ritr1_0.store_name=?
2025-06-29T13:51:56.130+03:00 DEBUG 15320 --- [marketplace] [main] org.hibernate.SQL                        : select p1_0.store_name,p1_0.product_key,p1_0.product_id,a1_0.id,a1_0.end_time,a1_0.ended,hb1_0.id,hb1_0.amount,hb1_0.bidder_email,hb1_0.state,a1_0.starting_price,p1_0.minimum_quantity,p1_0.catalog_id,p1_0.description,p1_0.image_url,p1_0.name,p1_0.price,p1_0.quantity,r1_0.product_id,r1_0.user_id,r1_0.review,r1_0.score from shopping_product p1_0 left join auctions a1_0 on a1_0.id=p1_0.auction_id left join bids hb1_0 on hb1_0.id=a1_0.highest_bid_id left join product_ratings r1_0 on p1_0.product_id=r1_0.product_id where p1_0.store_name=?
2025-06-29T13:51:56.131+03:00 DEBUG 15320 --- [marketplace] [main] org.hibernate.SQL                        : select c1_0.product_id,c1_0.category from product_categories c1_0 where c1_0.product_id=?
2025-06-29T13:51:56.131+03:00 DEBUG 15320 --- [marketplace] [main] org.hibernate.SQL                        : select b1_0.product_id,b1_0.id,b1_0.amount,b1_0.bidder_email,b1_0.state from bids b1_0 where b1_0.product_id=?
2025-06-29T13:51:56.132+03:00 DEBUG 15320 --- [marketplace] [main] org.hibernate.SQL                        : insert into store_owners (store_name,email,appointed_by) values (?,?,?)
2025-06-29T13:51:56.134+03:00 DEBUG 15320 --- [marketplace] [main] org.hibernate.SQL                        : select u1_0.email,u1_0.street_address,u1_0.city,u1_0.country,u1_0.zip_code,u1_0.cart_id,u1_0.billing_address,u1_0.card_holder,u1_0.billing_city,u1_0.billing_country,u1_0.encrypted_card_number,u1_0.encrypted_cvv,u1_0.expiry_date,u1_0.id,u1_0.billing_zip_code,u1_0.is_admin,u1_0.password_hash,u1_0.end_time,u1_0.reason,u1_0.start_time,u1_0.user_email,u1_0.username from users u1_0 where u1_0.email=?
2025-06-29T13:51:56.136+03:00 DEBUG 15320 --- [marketplace] [main] org.hibernate.SQL                        : select sr1_0.user_email,sr1_0.store_name,sr1_0.role from user_store_roles sr1_0 where sr1_0.user_email=?
2025-06-29T13:51:56.137+03:00 DEBUG 15320 --- [marketplace] [main] org.hibernate.SQL                        : select ph1_0.user_email,ph1_0.transaction_id from purchase_history ph1_0 where ph1_0.user_email=?
2025-06-29T13:51:56.138+03:00 DEBUG 15320 --- [marketplace] [main] org.hibernate.SQL                        : select ab1_0.user_email,ab1_0.bid_id,ab1_0.product_id,ab1_0.store_name from user_active_bids ab1_0 where ab1_0.user_email=?
2025-06-29T13:51:56.140+03:00 DEBUG 15320 --- [marketplace] [main] org.hibernate.SQL                        : select u1_0.email,ab1_0.user_email,ab1_0.bid_id,ab1_0.product_id,ab1_0.store_name,u1_0.street_address,u1_0.city,u1_0.country,u1_0.zip_code,c1_0.user_id,u1_0.billing_address,u1_0.card_holder,u1_0.billing_city,u1_0.billing_country,u1_0.encrypted_card_number,u1_0.encrypted_cvv,u1_0.expiry_date,u1_0.id,u1_0.billing_zip_code,u1_0.is_admin,u1_0.password_hash,sr1_0.user_email,sr1_0.store_name,sr1_0.role,u1_0.end_time,u1_0.reason,u1_0.start_time,u1_0.user_email,u1_0.username from users u1_0 left join user_active_bids ab1_0 on u1_0.email=ab1_0.user_email left join shopping_cart c1_0 on c1_0.user_id=u1_0.cart_id left join user_store_roles sr1_0 on u1_0.email=sr1_0.user_email where u1_0.email=?
2025-06-29T13:51:56.141+03:00 DEBUG 15320 --- [marketplace] [main] org.hibernate.SQL                        : select ph1_0.user_email,ph1_0.transaction_id from purchase_history ph1_0 where ph1_0.user_email=?
2025-06-29T13:51:56.149+03:00 DEBUG 15320 --- [marketplace] [main] org.hibernate.SQL                        : insert into user_store_roles (user_email,store_name,role) values (?,?,?)
2025-06-29T13:51:56.150+03:00  INFO 15320 --- [marketplace] [main] com.SEGroup.Service.LoggerWrapper        : Appointed new owner for store: Bamba-Shop, New Owner: u3@example.com
2025-06-29T13:51:56.151+03:00  INFO 15320 --- [marketplace] [main] com.SEGroup.UI.InitFileRunner            : [InitRunner] ✓ Successfully appointed 'u3@example.com' as owner of 'Bamba-Shop'
2025-06-29T13:51:56.151+03:00  INFO 15320 --- [marketplace] [main] com.SEGroup.UI.InitFileRunner            : [InitRunner] Step 12/15: Executing useCase: appoint-manager
2025-06-29T13:51:56.151+03:00  INFO 15320 --- [marketplace] [main] com.SEGroup.UI.InitFileRunner            : [InitRunner] Appointing 'u4@example.com' as manager of store 'Bamba-Shop' with permissions: [VIEW_ONLY, MANAGE_PRODUCTS] by owner 'u2@example.com'
2025-06-29T13:51:56.159+03:00 DEBUG 15320 --- [marketplace] [main] org.hibernate.SQL                        : select u1_0.email,u1_0.street_address,u1_0.city,u1_0.country,u1_0.zip_code,u1_0.cart_id,u1_0.billing_address,u1_0.card_holder,u1_0.billing_city,u1_0.billing_country,u1_0.encrypted_card_number,u1_0.encrypted_cvv,u1_0.expiry_date,u1_0.id,u1_0.billing_zip_code,u1_0.is_admin,u1_0.password_hash,u1_0.end_time,u1_0.reason,u1_0.start_time,u1_0.user_email,u1_0.username from users u1_0 where u1_0.email=?
2025-06-29T13:51:56.160+03:00 DEBUG 15320 --- [marketplace] [main] org.hibernate.SQL                        : select sr1_0.user_email,sr1_0.store_name,sr1_0.role from user_store_roles sr1_0 where sr1_0.user_email=?
2025-06-29T13:51:56.161+03:00 DEBUG 15320 --- [marketplace] [main] org.hibernate.SQL                        : select ph1_0.user_email,ph1_0.transaction_id from purchase_history ph1_0 where ph1_0.user_email=?
2025-06-29T13:51:56.161+03:00 DEBUG 15320 --- [marketplace] [main] org.hibernate.SQL                        : select ab1_0.user_email,ab1_0.bid_id,ab1_0.product_id,ab1_0.store_name from user_active_bids ab1_0 where ab1_0.user_email=?
2025-06-29T13:51:56.163+03:00 DEBUG 15320 --- [marketplace] [main] org.hibernate.SQL                        : select u1_0.email,ab1_0.user_email,ab1_0.bid_id,ab1_0.product_id,ab1_0.store_name,u1_0.street_address,u1_0.city,u1_0.country,u1_0.zip_code,c1_0.user_id,u1_0.billing_address,u1_0.card_holder,u1_0.billing_city,u1_0.billing_country,u1_0.encrypted_card_number,u1_0.encrypted_cvv,u1_0.expiry_date,u1_0.id,u1_0.billing_zip_code,u1_0.is_admin,u1_0.password_hash,sr1_0.user_email,sr1_0.store_name,sr1_0.role,u1_0.end_time,u1_0.reason,u1_0.start_time,u1_0.user_email,u1_0.username from users u1_0 left join user_active_bids ab1_0 on u1_0.email=ab1_0.user_email left join shopping_cart c1_0 on c1_0.user_id=u1_0.cart_id left join user_store_roles sr1_0 on u1_0.email=sr1_0.user_email where u1_0.email=?
2025-06-29T13:51:56.163+03:00 DEBUG 15320 --- [marketplace] [main] org.hibernate.SQL                        : select ph1_0.user_email,ph1_0.transaction_id from purchase_history ph1_0 where ph1_0.user_email=?
2025-06-29T13:51:56.170+03:00 DEBUG 15320 --- [marketplace] [main] org.hibernate.SQL                        : select u1_0.email,u1_0.street_address,u1_0.city,u1_0.country,u1_0.zip_code,u1_0.cart_id,u1_0.billing_address,u1_0.card_holder,u1_0.billing_city,u1_0.billing_country,u1_0.encrypted_card_number,u1_0.encrypted_cvv,u1_0.expiry_date,u1_0.id,u1_0.billing_zip_code,u1_0.is_admin,u1_0.password_hash,u1_0.end_time,u1_0.reason,u1_0.start_time,u1_0.user_email,u1_0.username from users u1_0 where u1_0.email=?
2025-06-29T13:51:56.171+03:00 DEBUG 15320 --- [marketplace] [main] org.hibernate.SQL                        : select sr1_0.user_email,sr1_0.store_name,sr1_0.role from user_store_roles sr1_0 where sr1_0.user_email=?
2025-06-29T13:51:56.171+03:00 DEBUG 15320 --- [marketplace] [main] org.hibernate.SQL                        : select ph1_0.user_email,ph1_0.transaction_id from purchase_history ph1_0 where ph1_0.user_email=?
2025-06-29T13:51:56.171+03:00 DEBUG 15320 --- [marketplace] [main] org.hibernate.SQL                        : select ab1_0.user_email,ab1_0.bid_id,ab1_0.product_id,ab1_0.store_name from user_active_bids ab1_0 where ab1_0.user_email=?
2025-06-29T13:51:56.173+03:00 DEBUG 15320 --- [marketplace] [main] org.hibernate.SQL                        : select s1_0.name,s1_0.balance,s1_0.description,s1_0.email,s1_0.in_store_product_id,s1_0.is_active,s1_0.discount_percentage,s1_0.duration_in_days from stores s1_0 where s1_0.name=?
2025-06-29T13:51:56.175+03:00 DEBUG 15320 --- [marketplace] [main] org.hibernate.SQL                        : select ritr1_0.store_name,ritr1_0.review_id,ritr1_0.id,ritr1_0.rating,ritr1_0.review_text,ritr1_0.reviewer_id,ritr1_0.reviewer_name,ritr1_0.store_comment from review ritr1_0 where ritr1_0.store_name=?
2025-06-29T13:51:56.175+03:00 DEBUG 15320 --- [marketplace] [main] org.hibernate.SQL                        : select r1_0.store_name,r1_0.user_id,r1_0.review,r1_0.score from store_ratings r1_0 where r1_0.store_name=?
2025-06-29T13:51:56.176+03:00 DEBUG 15320 --- [marketplace] [main] org.hibernate.SQL                        : select p1_0.store_name,p1_0.product_key,p1_0.product_id,a1_0.id,a1_0.end_time,a1_0.ended,hb1_0.id,hb1_0.amount,hb1_0.bidder_email,hb1_0.state,a1_0.starting_price,p1_0.minimum_quantity,p1_0.catalog_id,p1_0.description,p1_0.image_url,p1_0.name,p1_0.price,p1_0.quantity,r1_0.product_id,r1_0.user_id,r1_0.review,r1_0.score from shopping_product p1_0 left join auctions a1_0 on a1_0.id=p1_0.auction_id left join bids hb1_0 on hb1_0.id=a1_0.highest_bid_id left join product_ratings r1_0 on p1_0.product_id=r1_0.product_id where p1_0.store_name=?
2025-06-29T13:51:56.179+03:00 DEBUG 15320 --- [marketplace] [main] org.hibernate.SQL                        : select c1_0.product_id,c1_0.category from product_categories c1_0 where c1_0.product_id=?
2025-06-29T13:51:56.181+03:00 DEBUG 15320 --- [marketplace] [main] org.hibernate.SQL                        : select b1_0.product_id,b1_0.id,b1_0.amount,b1_0.bidder_email,b1_0.state from bids b1_0 where b1_0.product_id=?
2025-06-29T13:51:56.182+03:00 DEBUG 15320 --- [marketplace] [main] org.hibernate.SQL                        : select oa1_0.store_name,oa1_0.email,oa1_0.appointed_by from store_owners oa1_0 where oa1_0.store_name=?
2025-06-29T13:51:56.183+03:00 DEBUG 15320 --- [marketplace] [main] org.hibernate.SQL                        : select m1_0.store_name,m1_0.manager_email,m1_0.appointed_by,p1_0.manager_email,p1_0.permission from store_managers m1_0 left join manager_permissions p1_0 on m1_0.manager_email=p1_0.manager_email where m1_0.store_name=?
2025-06-29T13:51:56.185+03:00 DEBUG 15320 --- [marketplace] [main] org.hibernate.SQL                        : select s1_0.name,s1_0.balance,s1_0.description,s1_0.email,s1_0.in_store_product_id,s1_0.is_active,m1_0.store_name,m1_0.manager_email,m1_0.appointed_by,p1_0.manager_email,p1_0.permission,oa1_0.store_name,oa1_0.email,oa1_0.appointed_by,s1_0.discount_percentage,s1_0.duration_in_days,r1_0.store_name,r1_0.user_id,r1_0.review,r1_0.score from stores s1_0 left join store_managers m1_0 on s1_0.name=m1_0.store_name left join manager_permissions p1_0 on m1_0.manager_email=p1_0.manager_email left join store_owners oa1_0 on s1_0.name=oa1_0.store_name left join store_ratings r1_0 on s1_0.name=r1_0.store_name where s1_0.name=?
2025-06-29T13:51:56.186+03:00 DEBUG 15320 --- [marketplace] [main] org.hibernate.SQL                        : select ritr1_0.store_name,ritr1_0.review_id,ritr1_0.id,ritr1_0.rating,ritr1_0.review_text,ritr1_0.reviewer_id,ritr1_0.reviewer_name,ritr1_0.store_comment from review ritr1_0 where ritr1_0.store_name=?
2025-06-29T13:51:56.187+03:00 DEBUG 15320 --- [marketplace] [main] org.hibernate.SQL                        : select p1_0.store_name,p1_0.product_key,p1_0.product_id,a1_0.id,a1_0.end_time,a1_0.ended,hb1_0.id,hb1_0.amount,hb1_0.bidder_email,hb1_0.state,a1_0.starting_price,p1_0.minimum_quantity,p1_0.catalog_id,p1_0.description,p1_0.image_url,p1_0.name,p1_0.price,p1_0.quantity,r1_0.product_id,r1_0.user_id,r1_0.review,r1_0.score from shopping_product p1_0 left join auctions a1_0 on a1_0.id=p1_0.auction_id left join bids hb1_0 on hb1_0.id=a1_0.highest_bid_id left join product_ratings r1_0 on p1_0.product_id=r1_0.product_id where p1_0.store_name=?
2025-06-29T13:51:56.187+03:00 DEBUG 15320 --- [marketplace] [main] org.hibernate.SQL                        : select c1_0.product_id,c1_0.category from product_categories c1_0 where c1_0.product_id=?
2025-06-29T13:51:56.188+03:00 DEBUG 15320 --- [marketplace] [main] org.hibernate.SQL                        : select b1_0.product_id,b1_0.id,b1_0.amount,b1_0.bidder_email,b1_0.state from bids b1_0 where b1_0.product_id=?
2025-06-29T13:51:56.188+03:00 DEBUG 15320 --- [marketplace] [main] org.hibernate.SQL                        : select md1_0.manager_email,md1_0.appointed_by,p1_0.manager_email,p1_0.permission from store_managers md1_0 left join manager_permissions p1_0 on md1_0.manager_email=p1_0.manager_email where md1_0.manager_email=?
2025-06-29T13:51:56.190+03:00 DEBUG 15320 --- [marketplace] [main] org.hibernate.SQL                        : insert into store_managers (appointed_by,manager_email) values (?,?)
2025-06-29T13:51:56.192+03:00 DEBUG 15320 --- [marketplace] [main] org.hibernate.SQL                        : update store_managers set store_name=? where manager_email=?
2025-06-29T13:51:56.193+03:00 DEBUG 15320 --- [marketplace] [main] org.hibernate.SQL                        : insert into manager_permissions (manager_email,permission) values (?,?)
2025-06-29T13:51:56.194+03:00 DEBUG 15320 --- [marketplace] [main] org.hibernate.SQL                        : insert into manager_permissions (manager_email,permission) values (?,?)
2025-06-29T13:51:56.197+03:00 DEBUG 15320 --- [marketplace] [main] org.hibernate.SQL                        : select u1_0.email,u1_0.street_address,u1_0.city,u1_0.country,u1_0.zip_code,u1_0.cart_id,u1_0.billing_address,u1_0.card_holder,u1_0.billing_city,u1_0.billing_country,u1_0.encrypted_card_number,u1_0.encrypted_cvv,u1_0.expiry_date,u1_0.id,u1_0.billing_zip_code,u1_0.is_admin,u1_0.password_hash,u1_0.end_time,u1_0.reason,u1_0.start_time,u1_0.user_email,u1_0.username from users u1_0 where u1_0.email=?
2025-06-29T13:51:56.198+03:00 DEBUG 15320 --- [marketplace] [main] org.hibernate.SQL                        : select sr1_0.user_email,sr1_0.store_name,sr1_0.role from user_store_roles sr1_0 where sr1_0.user_email=?
2025-06-29T13:51:56.198+03:00 DEBUG 15320 --- [marketplace] [main] org.hibernate.SQL                        : select ph1_0.user_email,ph1_0.transaction_id from purchase_history ph1_0 where ph1_0.user_email=?
2025-06-29T13:51:56.199+03:00 DEBUG 15320 --- [marketplace] [main] org.hibernate.SQL                        : select ab1_0.user_email,ab1_0.bid_id,ab1_0.product_id,ab1_0.store_name from user_active_bids ab1_0 where ab1_0.user_email=?
2025-06-29T13:51:56.200+03:00 DEBUG 15320 --- [marketplace] [main] org.hibernate.SQL                        : select u1_0.email,ab1_0.user_email,ab1_0.bid_id,ab1_0.product_id,ab1_0.store_name,u1_0.street_address,u1_0.city,u1_0.country,u1_0.zip_code,c1_0.user_id,u1_0.billing_address,u1_0.card_holder,u1_0.billing_city,u1_0.billing_country,u1_0.encrypted_card_number,u1_0.encrypted_cvv,u1_0.expiry_date,u1_0.id,u1_0.billing_zip_code,u1_0.is_admin,u1_0.password_hash,sr1_0.user_email,sr1_0.store_name,sr1_0.role,u1_0.end_time,u1_0.reason,u1_0.start_time,u1_0.user_email,u1_0.username from users u1_0 left join user_active_bids ab1_0 on u1_0.email=ab1_0.user_email left join shopping_cart c1_0 on c1_0.user_id=u1_0.cart_id left join user_store_roles sr1_0 on u1_0.email=sr1_0.user_email where u1_0.email=?
2025-06-29T13:51:56.201+03:00 DEBUG 15320 --- [marketplace] [main] org.hibernate.SQL                        : select ph1_0.user_email,ph1_0.transaction_id from purchase_history ph1_0 where ph1_0.user_email=?
2025-06-29T13:51:56.203+03:00 DEBUG 15320 --- [marketplace] [main] org.hibernate.SQL                        : insert into user_store_roles (user_email,store_name,role) values (?,?,?)
2025-06-29T13:51:56.213+03:00  WARN 15320 --- [marketplace] [main] o.h.engine.jdbc.spi.SqlExceptionHelper   : SQL Error: 22001, SQLState: 22001
2025-06-29T13:51:56.213+03:00 ERROR 15320 --- [marketplace] [main] o.h.engine.jdbc.spi.SqlExceptionHelper   : Value too long for column "ROLE BINARY VARYING(255)": "X'aced0005737200246a6176612e7574696c2e456e756d5365742453657269616c697a6174696f6e... (256)"; SQL statement:
insert into user_store_roles (user_email,store_name,role) values (?,?,?) [22001-232]
2025-06-29T13:51:56.239+03:00 ERROR 15320 --- [marketplace] [main] com.SEGroup.Service.LoggerWrapper        : updateUser

org.springframework.dao.DataIntegrityViolationException: could not execute statement [Value too long for column "ROLE BINARY VARYING(255)": "X'aced0005737200246a6176612e7574696c2e456e756d5365742453657269616c697a6174696f6e... (256)"; SQL statement:
insert into user_store_roles (user_email,store_name,role) values (?,?,?) [22001-232]] [insert into user_store_roles (user_email,store_name,role) values (?,?,?)]; SQL [insert into user_store_roles (user_email,store_name,role) values (?,?,?)]
	at org.springframework.orm.jpa.vendor.HibernateJpaDialect.convertHibernateAccessException(HibernateJpaDialect.java:293) ~[spring-orm-6.2.5.jar:6.2.5]
	at org.springframework.orm.jpa.vendor.HibernateJpaDialect.translateExceptionIfPossible(HibernateJpaDialect.java:241) ~[spring-orm-6.2.5.jar:6.2.5]
	at org.springframework.orm.jpa.JpaTransactionManager.doCommit(JpaTransactionManager.java:566) ~[spring-orm-6.2.5.jar:6.2.5]
	at org.springframework.transaction.support.AbstractPlatformTransactionManager.processCommit(AbstractPlatformTransactionManager.java:795) ~[spring-tx-6.2.5.jar:6.2.5]
	at org.springframework.transaction.support.AbstractPlatformTransactionManager.commit(AbstractPlatformTransactionManager.java:758) ~[spring-tx-6.2.5.jar:6.2.5]
	at org.springframework.transaction.interceptor.TransactionAspectSupport.commitTransactionAfterReturning(TransactionAspectSupport.java:698) ~[spring-tx-6.2.5.jar:6.2.5]
	at org.springframework.transaction.interceptor.TransactionAspectSupport.invokeWithinTransaction(TransactionAspectSupport.java:416) ~[spring-tx-6.2.5.jar:6.2.5]
	at org.springframework.transaction.interceptor.TransactionInterceptor.invoke(TransactionInterceptor.java:119) ~[spring-tx-6.2.5.jar:6.2.5]
	at org.springframework.aop.framework.ReflectiveMethodInvocation.proceed(ReflectiveMethodInvocation.java:184) ~[spring-aop-6.2.5.jar:6.2.5]
	at org.springframework.dao.support.PersistenceExceptionTranslationInterceptor.invoke(PersistenceExceptionTranslationInterceptor.java:138) ~[spring-tx-6.2.5.jar:6.2.5]
	at org.springframework.aop.framework.ReflectiveMethodInvocation.proceed(ReflectiveMethodInvocation.java:184) ~[spring-aop-6.2.5.jar:6.2.5]
	at org.springframework.data.jpa.repository.support.CrudMethodMetadataPostProcessor$CrudMethodMetadataPopulatingMethodInterceptor.invoke(CrudMethodMetadataPostProcessor.java:165) ~[spring-data-jpa-3.4.4.jar:3.4.4]
	at org.springframework.aop.framework.ReflectiveMethodInvocation.proceed(ReflectiveMethodInvocation.java:184) ~[spring-aop-6.2.5.jar:6.2.5]
	at org.springframework.aop.framework.JdkDynamicAopProxy.invoke(JdkDynamicAopProxy.java:223) ~[spring-aop-6.2.5.jar:6.2.5]
	at jdk.proxy2/jdk.proxy2.$Proxy175.save(Unknown Source) ~[na:na]
	at com.SEGroup.Infrastructure.Repositories.RepositoryData.DbUserData.lambda$updateUser$3(DbUserData.java:39) ~[classes/:na]
	at com.SEGroup.Infrastructure.Repositories.RepositoryData.DbSafeExecutor.safeExecute(DbSafeExecutor.java:10) ~[classes/:na]
	at com.SEGroup.Infrastructure.Repositories.RepositoryData.DbUserData.updateUser(DbUserData.java:38) ~[classes/:na]
	at com.SEGroup.Infrastructure.Repositories.UserRepository.appointManager(UserRepository.java:221) ~[classes/:na]
	at com.SEGroup.Service.StoreService.appointManager(StoreService.java:484) ~[classes/:na]
	at com.SEGroup.UI.InitFileRunner.replay(InitFileRunner.java:288) ~[classes/:na]
	at com.SEGroup.UI.InitFileRunner.replayFile(InitFileRunner.java:324) ~[classes/:na]
	at com.SEGroup.UI.ServiceLocator.applyBootstrapJson(ServiceLocator.java:94) ~[classes/:na]
	at com.SEGroup.UI.ServiceLocator.initialize(ServiceLocator.java:83) ~[classes/:na]
	at com.SEGroup.UI.UnifiedDataSeeder.onApplicationEvent(UnifiedDataSeeder.java:622) ~[classes/:na]
	at com.SEGroup.UI.UnifiedDataSeeder.onApplicationEvent(UnifiedDataSeeder.java:37) ~[classes/:na]
	at org.springframework.context.event.SimpleApplicationEventMulticaster.doInvokeListener(SimpleApplicationEventMulticaster.java:185) ~[spring-context-6.2.5.jar:6.2.5]
	at org.springframework.context.event.SimpleApplicationEventMulticaster.invokeListener(SimpleApplicationEventMulticaster.java:178) ~[spring-context-6.2.5.jar:6.2.5]
	at org.springframework.context.event.SimpleApplicationEventMulticaster.multicastEvent(SimpleApplicationEventMulticaster.java:156) ~[spring-context-6.2.5.jar:6.2.5]
	at org.springframework.context.support.AbstractApplicationContext.publishEvent(AbstractApplicationContext.java:454) ~[spring-context-6.2.5.jar:6.2.5]
	at org.springframework.context.support.AbstractApplicationContext.publishEvent(AbstractApplicationContext.java:387) ~[spring-context-6.2.5.jar:6.2.5]
	at org.springframework.boot.context.event.EventPublishingRunListener.ready(EventPublishingRunListener.java:109) ~[spring-boot-3.4.4.jar:3.4.4]
	at org.springframework.boot.SpringApplicationRunListeners.lambda$ready$6(SpringApplicationRunListeners.java:80) ~[spring-boot-3.4.4.jar:3.4.4]
	at java.base/java.lang.Iterable.forEach(Iterable.java:75) ~[na:na]
	at org.springframework.boot.SpringApplicationRunListeners.doWithListeners(SpringApplicationRunListeners.java:118) ~[spring-boot-3.4.4.jar:3.4.4]
	at org.springframework.boot.SpringApplicationRunListeners.doWithListeners(SpringApplicationRunListeners.java:112) ~[spring-boot-3.4.4.jar:3.4.4]
	at org.springframework.boot.SpringApplicationRunListeners.ready(SpringApplicationRunListeners.java:80) ~[spring-boot-3.4.4.jar:3.4.4]
	at org.springframework.boot.SpringApplication.run(SpringApplication.java:332) ~[spring-boot-3.4.4.jar:3.4.4]
	at org.springframework.boot.test.context.SpringBootContextLoader.lambda$loadContext$3(SpringBootContextLoader.java:144) ~[spring-boot-test-3.4.4.jar:3.4.4]
	at org.springframework.util.function.ThrowingSupplier.get(ThrowingSupplier.java:58) ~[spring-core-6.2.5.jar:6.2.5]
	at org.springframework.util.function.ThrowingSupplier.get(ThrowingSupplier.java:46) ~[spring-core-6.2.5.jar:6.2.5]
	at org.springframework.boot.SpringApplication.withHook(SpringApplication.java:1461) ~[spring-boot-3.4.4.jar:3.4.4]
	at org.springframework.boot.test.context.SpringBootContextLoader$ContextLoaderHook.run(SpringBootContextLoader.java:563) ~[spring-boot-test-3.4.4.jar:3.4.4]
	at org.springframework.boot.test.context.SpringBootContextLoader.loadContext(SpringBootContextLoader.java:144) ~[spring-boot-test-3.4.4.jar:3.4.4]
	at org.springframework.boot.test.context.SpringBootContextLoader.loadContext(SpringBootContextLoader.java:110) ~[spring-boot-test-3.4.4.jar:3.4.4]
	at org.springframework.test.context.cache.DefaultCacheAwareContextLoaderDelegate.loadContextInternal(DefaultCacheAwareContextLoaderDelegate.java:225) ~[spring-test-6.2.5.jar:6.2.5]
	at org.springframework.test.context.cache.DefaultCacheAwareContextLoaderDelegate.loadContext(DefaultCacheAwareContextLoaderDelegate.java:152) ~[spring-test-6.2.5.jar:6.2.5]
	at org.springframework.test.context.support.DefaultTestContext.getApplicationContext(DefaultTestContext.java:130) ~[spring-test-6.2.5.jar:6.2.5]
	at org.springframework.test.context.web.ServletTestExecutionListener.setUpRequestContextIfNecessary(ServletTestExecutionListener.java:200) ~[spring-test-6.2.5.jar:6.2.5]
	at org.springframework.test.context.web.ServletTestExecutionListener.prepareTestInstance(ServletTestExecutionListener.java:139) ~[spring-test-6.2.5.jar:6.2.5]
	at org.springframework.test.context.TestContextManager.prepareTestInstance(TestContextManager.java:260) ~[spring-test-6.2.5.jar:6.2.5]
	at org.springframework.test.context.junit.jupiter.SpringExtension.postProcessTestInstance(SpringExtension.java:160) ~[spring-test-6.2.5.jar:6.2.5]
	at org.junit.jupiter.engine.descriptor.ClassBasedTestDescriptor.lambda$invokeTestInstancePostProcessors$11(ClassBasedTestDescriptor.java:378) ~[junit-jupiter-engine-5.11.4.jar:5.11.4]
	at org.junit.jupiter.engine.descriptor.ClassBasedTestDescriptor.executeAndMaskThrowable(ClassBasedTestDescriptor.java:383) ~[junit-jupiter-engine-5.11.4.jar:5.11.4]
	at org.junit.jupiter.engine.descriptor.ClassBasedTestDescriptor.lambda$invokeTestInstancePostProcessors$12(ClassBasedTestDescriptor.java:378) ~[junit-jupiter-engine-5.11.4.jar:5.11.4]
	at java.base/java.util.stream.ForEachOps$ForEachOp$OfRef.accept(ForEachOps.java:184) ~[na:na]
	at java.base/java.util.stream.ReferencePipeline$3$1.accept(ReferencePipeline.java:215) ~[na:na]
	at java.base/java.util.stream.ReferencePipeline$2$1.accept(ReferencePipeline.java:197) ~[na:na]
	at java.base/java.util.stream.ReferencePipeline$3$1.accept(ReferencePipeline.java:215) ~[na:na]
	at java.base/java.util.ArrayList$ArrayListSpliterator.forEachRemaining(ArrayList.java:1709) ~[na:na]
	at java.base/java.util.stream.AbstractPipeline.copyInto(AbstractPipeline.java:570) ~[na:na]
	at java.base/java.util.stream.AbstractPipeline.wrapAndCopyInto(AbstractPipeline.java:560) ~[na:na]
	at java.base/java.util.stream.ForEachOps$ForEachOp.evaluateSequential(ForEachOps.java:151) ~[na:na]
	at java.base/java.util.stream.ForEachOps$ForEachOp$OfRef.evaluateSequential(ForEachOps.java:174) ~[na:na]
	at java.base/java.util.stream.AbstractPipeline.evaluate(AbstractPipeline.java:265) ~[na:na]
	at java.base/java.util.stream.ReferencePipeline.forEach(ReferencePipeline.java:636) ~[na:na]
	at org.junit.jupiter.engine.descriptor.ClassBasedTestDescriptor.invokeTestInstancePostProcessors(ClassBasedTestDescriptor.java:377) ~[junit-jupiter-engine-5.11.4.jar:5.11.4]
	at org.junit.jupiter.engine.descriptor.ClassBasedTestDescriptor.lambda$instantiateAndPostProcessTestInstance$7(ClassBasedTestDescriptor.java:290) ~[junit-jupiter-engine-5.11.4.jar:5.11.4]
	at org.junit.platform.engine.support.hierarchical.ThrowableCollector.execute(ThrowableCollector.java:73) ~[junit-platform-engine-1.11.4.jar:1.11.4]
	at org.junit.jupiter.engine.descriptor.ClassBasedTestDescriptor.instantiateAndPostProcessTestInstance(ClassBasedTestDescriptor.java:289) ~[junit-jupiter-engine-5.11.4.jar:5.11.4]
	at org.junit.jupiter.engine.descriptor.ClassBasedTestDescriptor.lambda$testInstancesProvider$5(ClassBasedTestDescriptor.java:279) ~[junit-jupiter-engine-5.11.4.jar:5.11.4]
	at java.base/java.util.Optional.orElseGet(Optional.java:364) ~[na:na]
	at org.junit.jupiter.engine.descriptor.ClassBasedTestDescriptor.lambda$testInstancesProvider$6(ClassBasedTestDescriptor.java:278) ~[junit-jupiter-engine-5.11.4.jar:5.11.4]
	at org.junit.jupiter.engine.execution.TestInstancesProvider.getTestInstances(TestInstancesProvider.java:31) ~[junit-jupiter-engine-5.11.4.jar:5.11.4]
	at org.junit.jupiter.engine.descriptor.ClassBasedTestDescriptor.lambda$before$3(ClassBasedTestDescriptor.java:204) ~[junit-jupiter-engine-5.11.4.jar:5.11.4]
	at org.junit.platform.engine.support.hierarchical.ThrowableCollector.execute(ThrowableCollector.java:73) ~[junit-platform-engine-1.11.4.jar:1.11.4]
	at org.junit.jupiter.engine.descriptor.ClassBasedTestDescriptor.before(ClassBasedTestDescriptor.java:203) ~[junit-jupiter-engine-5.11.4.jar:5.11.4]
	at org.junit.jupiter.engine.descriptor.ClassBasedTestDescriptor.before(ClassBasedTestDescriptor.java:85) ~[junit-jupiter-engine-5.11.4.jar:5.11.4]
	at org.junit.platform.engine.support.hierarchical.NodeTestTask.lambda$executeRecursively$6(NodeTestTask.java:153) ~[junit-platform-engine-1.11.4.jar:1.11.4]
	at org.junit.platform.engine.support.hierarchical.ThrowableCollector.execute(ThrowableCollector.java:73) ~[junit-platform-engine-1.11.4.jar:1.11.4]
	at org.junit.platform.engine.support.hierarchical.NodeTestTask.lambda$executeRecursively$8(NodeTestTask.java:146) ~[junit-platform-engine-1.11.4.jar:1.11.4]
	at org.junit.platform.engine.support.hierarchical.Node.around(Node.java:137) ~[junit-platform-engine-1.11.4.jar:1.11.4]
	at org.junit.platform.engine.support.hierarchical.NodeTestTask.lambda$executeRecursively$9(NodeTestTask.java:144) ~[junit-platform-engine-1.11.4.jar:1.11.4]
	at org.junit.platform.engine.support.hierarchical.ThrowableCollector.execute(ThrowableCollector.java:73) ~[junit-platform-engine-1.11.4.jar:1.11.4]
	at org.junit.platform.engine.support.hierarchical.NodeTestTask.executeRecursively(NodeTestTask.java:143) ~[junit-platform-engine-1.11.4.jar:1.11.4]
	at org.junit.platform.engine.support.hierarchical.NodeTestTask.execute(NodeTestTask.java:100) ~[junit-platform-engine-1.11.4.jar:1.11.4]
	at java.base/java.util.ArrayList.forEach(ArrayList.java:1597) ~[na:na]
	at org.junit.platform.engine.support.hierarchical.SameThreadHierarchicalTestExecutorService.invokeAll(SameThreadHierarchicalTestExecutorService.java:41) ~[junit-platform-engine-1.11.4.jar:1.11.4]
	at org.junit.platform.engine.support.hierarchical.NodeTestTask.lambda$executeRecursively$6(NodeTestTask.java:160) ~[junit-platform-engine-1.11.4.jar:1.11.4]
	at org.junit.platform.engine.support.hierarchical.ThrowableCollector.execute(ThrowableCollector.java:73) ~[junit-platform-engine-1.11.4.jar:1.11.4]
	at org.junit.platform.engine.support.hierarchical.NodeTestTask.lambda$executeRecursively$8(NodeTestTask.java:146) ~[junit-platform-engine-1.11.4.jar:1.11.4]
	at org.junit.platform.engine.support.hierarchical.Node.around(Node.java:137) ~[junit-platform-engine-1.11.4.jar:1.11.4]
	at org.junit.platform.engine.support.hierarchical.NodeTestTask.lambda$executeRecursively$9(NodeTestTask.java:144) ~[junit-platform-engine-1.11.4.jar:1.11.4]
	at org.junit.platform.engine.support.hierarchical.ThrowableCollector.execute(ThrowableCollector.java:73) ~[junit-platform-engine-1.11.4.jar:1.11.4]
	at org.junit.platform.engine.support.hierarchical.NodeTestTask.executeRecursively(NodeTestTask.java:143) ~[junit-platform-engine-1.11.4.jar:1.11.4]
	at org.junit.platform.engine.support.hierarchical.NodeTestTask.execute(NodeTestTask.java:100) ~[junit-platform-engine-1.11.4.jar:1.11.4]
	at org.junit.platform.engine.support.hierarchical.SameThreadHierarchicalTestExecutorService.submit(SameThreadHierarchicalTestExecutorService.java:35) ~[junit-platform-engine-1.11.4.jar:1.11.4]
	at org.junit.platform.engine.support.hierarchical.HierarchicalTestExecutor.execute(HierarchicalTestExecutor.java:57) ~[junit-platform-engine-1.11.4.jar:1.11.4]
	at org.junit.platform.engine.support.hierarchical.HierarchicalTestEngine.execute(HierarchicalTestEngine.java:54) ~[junit-platform-engine-1.11.4.jar:1.11.4]
	at org.junit.platform.launcher.core.EngineExecutionOrchestrator.execute(EngineExecutionOrchestrator.java:198) ~[junit-platform-launcher-1.11.4.jar:1.11.4]
	at org.junit.platform.launcher.core.EngineExecutionOrchestrator.execute(EngineExecutionOrchestrator.java:169) ~[junit-platform-launcher-1.11.4.jar:1.11.4]
	at org.junit.platform.launcher.core.EngineExecutionOrchestrator.execute(EngineExecutionOrchestrator.java:93) ~[junit-platform-launcher-1.11.4.jar:1.11.4]
	at org.junit.platform.launcher.core.EngineExecutionOrchestrator.lambda$execute$0(EngineExecutionOrchestrator.java:58) ~[junit-platform-launcher-1.11.4.jar:1.11.4]
	at org.junit.platform.launcher.core.EngineExecutionOrchestrator.withInterceptedStreams(EngineExecutionOrchestrator.java:141) ~[junit-platform-launcher-1.11.4.jar:1.11.4]
	at org.junit.platform.launcher.core.EngineExecutionOrchestrator.execute(EngineExecutionOrchestrator.java:57) ~[junit-platform-launcher-1.11.4.jar:1.11.4]
	at org.junit.platform.launcher.core.DefaultLauncher.execute(DefaultLauncher.java:103) ~[junit-platform-launcher-1.11.4.jar:1.11.4]
	at org.junit.platform.launcher.core.DefaultLauncher.execute(DefaultLauncher.java:85) ~[junit-platform-launcher-1.11.4.jar:1.11.4]
	at org.junit.platform.launcher.core.DelegatingLauncher.execute(DelegatingLauncher.java:47) ~[junit-platform-launcher-1.11.4.jar:1.11.4]
	at org.junit.platform.launcher.core.SessionPerRequestLauncher.execute(SessionPerRequestLauncher.java:63) ~[junit-platform-launcher-1.11.4.jar:1.11.4]
	at com.intellij.junit5.JUnit5IdeaTestRunner.startRunnerWithArgs(JUnit5IdeaTestRunner.java:57) ~[junit5-rt.jar:na]
	at com.intellij.rt.junit.IdeaTestRunner$Repeater$1.execute(IdeaTestRunner.java:38) ~[junit-rt.jar:na]
	at com.intellij.rt.execution.junit.TestsRepeater.repeat(TestsRepeater.java:11) ~[idea_rt.jar:na]
	at com.intellij.rt.junit.IdeaTestRunner$Repeater.startRunnerWithArgs(IdeaTestRunner.java:35) ~[junit-rt.jar:na]
	at com.intellij.rt.junit.JUnitStarter.prepareStreamsAndStart(JUnitStarter.java:232) ~[junit-rt.jar:na]
	at com.intellij.rt.junit.JUnitStarter.main(JUnitStarter.java:55) ~[junit-rt.jar:na]
Caused by: org.hibernate.exception.DataException: could not execute statement [Value too long for column "ROLE BINARY VARYING(255)": "X'aced0005737200246a6176612e7574696c2e456e756d5365742453657269616c697a6174696f6e... (256)"; SQL statement:
insert into user_store_roles (user_email,store_name,role) values (?,?,?) [22001-232]] [insert into user_store_roles (user_email,store_name,role) values (?,?,?)]
	at org.hibernate.exception.internal.SQLExceptionTypeDelegate.convert(SQLExceptionTypeDelegate.java:55) ~[hibernate-core-6.6.11.Final.jar:6.6.11.Final]
	at org.hibernate.exception.internal.StandardSQLExceptionConverter.convert(StandardSQLExceptionConverter.java:58) ~[hibernate-core-6.6.11.Final.jar:6.6.11.Final]
	at org.hibernate.engine.jdbc.spi.SqlExceptionHelper.convert(SqlExceptionHelper.java:108) ~[hibernate-core-6.6.11.Final.jar:6.6.11.Final]
	at org.hibernate.engine.jdbc.internal.ResultSetReturnImpl.executeUpdate(ResultSetReturnImpl.java:197) ~[hibernate-core-6.6.11.Final.jar:6.6.11.Final]
	at org.hibernate.engine.jdbc.mutation.internal.AbstractMutationExecutor.performNonBatchedMutation(AbstractMutationExecutor.java:134) ~[hibernate-core-6.6.11.Final.jar:6.6.11.Final]
	at org.hibernate.engine.jdbc.mutation.internal.MutationExecutorSingleNonBatched.performNonBatchedOperations(MutationExecutorSingleNonBatched.java:55) ~[hibernate-core-6.6.11.Final.jar:6.6.11.Final]
	at org.hibernate.engine.jdbc.mutation.internal.AbstractMutationExecutor.execute(AbstractMutationExecutor.java:55) ~[hibernate-core-6.6.11.Final.jar:6.6.11.Final]
	at org.hibernate.persister.collection.mutation.InsertRowsCoordinatorStandard.insertRows(InsertRowsCoordinatorStandard.java:117) ~[hibernate-core-6.6.11.Final.jar:6.6.11.Final]
	at org.hibernate.persister.collection.BasicCollectionPersister.insertRows(BasicCollectionPersister.java:122) ~[hibernate-core-6.6.11.Final.jar:6.6.11.Final]
	at org.hibernate.action.internal.CollectionUpdateAction.execute(CollectionUpdateAction.java:86) ~[hibernate-core-6.6.11.Final.jar:6.6.11.Final]
	at org.hibernate.engine.spi.ActionQueue.executeActions(ActionQueue.java:644) ~[hibernate-core-6.6.11.Final.jar:6.6.11.Final]
	at org.hibernate.engine.spi.ActionQueue.executeActions(ActionQueue.java:511) ~[hibernate-core-6.6.11.Final.jar:6.6.11.Final]
	at org.hibernate.event.internal.AbstractFlushingEventListener.performExecutions(AbstractFlushingEventListener.java:414) ~[hibernate-core-6.6.11.Final.jar:6.6.11.Final]
	at org.hibernate.event.internal.DefaultFlushEventListener.onFlush(DefaultFlushEventListener.java:41) ~[hibernate-core-6.6.11.Final.jar:6.6.11.Final]
	at org.hibernate.event.service.internal.EventListenerGroupImpl.fireEventOnEachListener(EventListenerGroupImpl.java:127) ~[hibernate-core-6.6.11.Final.jar:6.6.11.Final]
	at org.hibernate.internal.SessionImpl.doFlush(SessionImpl.java:1429) ~[hibernate-core-6.6.11.Final.jar:6.6.11.Final]
	at org.hibernate.internal.SessionImpl.managedFlush(SessionImpl.java:491) ~[hibernate-core-6.6.11.Final.jar:6.6.11.Final]
	at org.hibernate.internal.SessionImpl.flushBeforeTransactionCompletion(SessionImpl.java:2354) ~[hibernate-core-6.6.11.Final.jar:6.6.11.Final]
	at org.hibernate.internal.SessionImpl.beforeTransactionCompletion(SessionImpl.java:1978) ~[hibernate-core-6.6.11.Final.jar:6.6.11.Final]
	at org.hibernate.engine.jdbc.internal.JdbcCoordinatorImpl.beforeTransactionCompletion(JdbcCoordinatorImpl.java:439) ~[hibernate-core-6.6.11.Final.jar:6.6.11.Final]
	at org.hibernate.resource.transaction.backend.jdbc.internal.JdbcResourceLocalTransactionCoordinatorImpl.beforeCompletionCallback(JdbcResourceLocalTransactionCoordinatorImpl.java:169) ~[hibernate-core-6.6.11.Final.jar:6.6.11.Final]
	at org.hibernate.resource.transaction.backend.jdbc.internal.JdbcResourceLocalTransactionCoordinatorImpl$TransactionDriverControlImpl.commit(JdbcResourceLocalTransactionCoordinatorImpl.java:267) ~[hibernate-core-6.6.11.Final.jar:6.6.11.Final]
	at org.hibernate.engine.transaction.internal.TransactionImpl.commit(TransactionImpl.java:101) ~[hibernate-core-6.6.11.Final.jar:6.6.11.Final]
	at org.springframework.orm.jpa.JpaTransactionManager.doCommit(JpaTransactionManager.java:562) ~[spring-orm-6.2.5.jar:6.2.5]
	... 112 common frames omitted
Caused by: org.h2.jdbc.JdbcSQLDataException: Value too long for column "ROLE BINARY VARYING(255)": "X'aced0005737200246a6176612e7574696c2e456e756d5365742453657269616c697a6174696f6e... (256)"; SQL statement:
insert into user_store_roles (user_email,store_name,role) values (?,?,?) [22001-232]
	at org.h2.message.DbException.getJdbcSQLException(DbException.java:518) ~[h2-2.3.232.jar:2.3.232]
	at org.h2.message.DbException.getJdbcSQLException(DbException.java:489) ~[h2-2.3.232.jar:2.3.232]
	at org.h2.message.DbException.get(DbException.java:223) ~[h2-2.3.232.jar:2.3.232]
	at org.h2.message.DbException.getValueTooLongException(DbException.java:334) ~[h2-2.3.232.jar:2.3.232]
	at org.h2.value.Value.getValueTooLongException(Value.java:2612) ~[h2-2.3.232.jar:2.3.232]
	at org.h2.value.Value.convertToVarbinary(Value.java:1397) ~[h2-2.3.232.jar:2.3.232]
	at org.h2.value.Value.convertTo(Value.java:1151) ~[h2-2.3.232.jar:2.3.232]
	at org.h2.value.Value.convertForAssignTo(Value.java:1118) ~[h2-2.3.232.jar:2.3.232]
	at org.h2.table.Column.validateConvertUpdateSequence(Column.java:406) ~[h2-2.3.232.jar:2.3.232]
	at org.h2.table.Table.convertInsertRow(Table.java:963) ~[h2-2.3.232.jar:2.3.232]
	at org.h2.command.dml.Insert.insertRows(Insert.java:167) ~[h2-2.3.232.jar:2.3.232]
	at org.h2.command.dml.Insert.update(Insert.java:135) ~[h2-2.3.232.jar:2.3.232]
	at org.h2.command.dml.DataChangeStatement.update(DataChangeStatement.java:74) ~[h2-2.3.232.jar:2.3.232]
	at org.h2.command.CommandContainer.update(CommandContainer.java:139) ~[h2-2.3.232.jar:2.3.232]
	at org.h2.command.Command.executeUpdate(Command.java:304) ~[h2-2.3.232.jar:2.3.232]
	at org.h2.command.Command.executeUpdate(Command.java:248) ~[h2-2.3.232.jar:2.3.232]
	at org.h2.jdbc.JdbcPreparedStatement.executeUpdateInternal(JdbcPreparedStatement.java:213) ~[h2-2.3.232.jar:2.3.232]
	at org.h2.jdbc.JdbcPreparedStatement.executeUpdate(JdbcPreparedStatement.java:172) ~[h2-2.3.232.jar:2.3.232]
	at com.zaxxer.hikari.pool.ProxyPreparedStatement.executeUpdate(ProxyPreparedStatement.java:61) ~[HikariCP-5.1.0.jar:na]
	at com.zaxxer.hikari.pool.HikariProxyPreparedStatement.executeUpdate(HikariProxyPreparedStatement.java) ~[HikariCP-5.1.0.jar:na]
	at org.hibernate.engine.jdbc.internal.ResultSetReturnImpl.executeUpdate(ResultSetReturnImpl.java:194) ~[hibernate-core-6.6.11.Final.jar:6.6.11.Final]
	... 132 common frames omitted

2025-06-29T13:51:56.258+03:00 ERROR 15320 --- [marketplace] [main] com.SEGroup.Service.LoggerWrapper        : Error appointing manager: Database is currently unavailable. Unable to perform operation: updateUser. Please try again later.

java.lang.RuntimeException: Database is currently unavailable. Unable to perform operation: updateUser. Please try again later.
	at com.SEGroup.Infrastructure.Repositories.RepositoryData.DbSafeExecutor.safeExecute(DbSafeExecutor.java:14) ~[classes/:na]
	at com.SEGroup.Infrastructure.Repositories.RepositoryData.DbUserData.updateUser(DbUserData.java:38) ~[classes/:na]
	at com.SEGroup.Infrastructure.Repositories.UserRepository.appointManager(UserRepository.java:221) ~[classes/:na]
	at com.SEGroup.Service.StoreService.appointManager(StoreService.java:484) ~[classes/:na]
	at com.SEGroup.UI.InitFileRunner.replay(InitFileRunner.java:288) ~[classes/:na]
	at com.SEGroup.UI.InitFileRunner.replayFile(InitFileRunner.java:324) ~[classes/:na]
	at com.SEGroup.UI.ServiceLocator.applyBootstrapJson(ServiceLocator.java:94) ~[classes/:na]
	at com.SEGroup.UI.ServiceLocator.initialize(ServiceLocator.java:83) ~[classes/:na]
	at com.SEGroup.UI.UnifiedDataSeeder.onApplicationEvent(UnifiedDataSeeder.java:622) ~[classes/:na]
	at com.SEGroup.UI.UnifiedDataSeeder.onApplicationEvent(UnifiedDataSeeder.java:37) ~[classes/:na]
	at org.springframework.context.event.SimpleApplicationEventMulticaster.doInvokeListener(SimpleApplicationEventMulticaster.java:185) ~[spring-context-6.2.5.jar:6.2.5]
	at org.springframework.context.event.SimpleApplicationEventMulticaster.invokeListener(SimpleApplicationEventMulticaster.java:178) ~[spring-context-6.2.5.jar:6.2.5]
	at org.springframework.context.event.SimpleApplicationEventMulticaster.multicastEvent(SimpleApplicationEventMulticaster.java:156) ~[spring-context-6.2.5.jar:6.2.5]
	at org.springframework.context.support.AbstractApplicationContext.publishEvent(AbstractApplicationContext.java:454) ~[spring-context-6.2.5.jar:6.2.5]
	at org.springframework.context.support.AbstractApplicationContext.publishEvent(AbstractApplicationContext.java:387) ~[spring-context-6.2.5.jar:6.2.5]
	at org.springframework.boot.context.event.EventPublishingRunListener.ready(EventPublishingRunListener.java:109) ~[spring-boot-3.4.4.jar:3.4.4]
	at org.springframework.boot.SpringApplicationRunListeners.lambda$ready$6(SpringApplicationRunListeners.java:80) ~[spring-boot-3.4.4.jar:3.4.4]
	at java.base/java.lang.Iterable.forEach(Iterable.java:75) ~[na:na]
	at org.springframework.boot.SpringApplicationRunListeners.doWithListeners(SpringApplicationRunListeners.java:118) ~[spring-boot-3.4.4.jar:3.4.4]
	at org.springframework.boot.SpringApplicationRunListeners.doWithListeners(SpringApplicationRunListeners.java:112) ~[spring-boot-3.4.4.jar:3.4.4]
	at org.springframework.boot.SpringApplicationRunListeners.ready(SpringApplicationRunListeners.java:80) ~[spring-boot-3.4.4.jar:3.4.4]
	at org.springframework.boot.SpringApplication.run(SpringApplication.java:332) ~[spring-boot-3.4.4.jar:3.4.4]
	at org.springframework.boot.test.context.SpringBootContextLoader.lambda$loadContext$3(SpringBootContextLoader.java:144) ~[spring-boot-test-3.4.4.jar:3.4.4]
	at org.springframework.util.function.ThrowingSupplier.get(ThrowingSupplier.java:58) ~[spring-core-6.2.5.jar:6.2.5]
	at org.springframework.util.function.ThrowingSupplier.get(ThrowingSupplier.java:46) ~[spring-core-6.2.5.jar:6.2.5]
	at org.springframework.boot.SpringApplication.withHook(SpringApplication.java:1461) ~[spring-boot-3.4.4.jar:3.4.4]
	at org.springframework.boot.test.context.SpringBootContextLoader$ContextLoaderHook.run(SpringBootContextLoader.java:563) ~[spring-boot-test-3.4.4.jar:3.4.4]
	at org.springframework.boot.test.context.SpringBootContextLoader.loadContext(SpringBootContextLoader.java:144) ~[spring-boot-test-3.4.4.jar:3.4.4]
	at org.springframework.boot.test.context.SpringBootContextLoader.loadContext(SpringBootContextLoader.java:110) ~[spring-boot-test-3.4.4.jar:3.4.4]
	at org.springframework.test.context.cache.DefaultCacheAwareContextLoaderDelegate.loadContextInternal(DefaultCacheAwareContextLoaderDelegate.java:225) ~[spring-test-6.2.5.jar:6.2.5]
	at org.springframework.test.context.cache.DefaultCacheAwareContextLoaderDelegate.loadContext(DefaultCacheAwareContextLoaderDelegate.java:152) ~[spring-test-6.2.5.jar:6.2.5]
	at org.springframework.test.context.support.DefaultTestContext.getApplicationContext(DefaultTestContext.java:130) ~[spring-test-6.2.5.jar:6.2.5]
	at org.springframework.test.context.web.ServletTestExecutionListener.setUpRequestContextIfNecessary(ServletTestExecutionListener.java:200) ~[spring-test-6.2.5.jar:6.2.5]
	at org.springframework.test.context.web.ServletTestExecutionListener.prepareTestInstance(ServletTestExecutionListener.java:139) ~[spring-test-6.2.5.jar:6.2.5]
	at org.springframework.test.context.TestContextManager.prepareTestInstance(TestContextManager.java:260) ~[spring-test-6.2.5.jar:6.2.5]
	at org.springframework.test.context.junit.jupiter.SpringExtension.postProcessTestInstance(SpringExtension.java:160) ~[spring-test-6.2.5.jar:6.2.5]
	at org.junit.jupiter.engine.descriptor.ClassBasedTestDescriptor.lambda$invokeTestInstancePostProcessors$11(ClassBasedTestDescriptor.java:378) ~[junit-jupiter-engine-5.11.4.jar:5.11.4]
	at org.junit.jupiter.engine.descriptor.ClassBasedTestDescriptor.executeAndMaskThrowable(ClassBasedTestDescriptor.java:383) ~[junit-jupiter-engine-5.11.4.jar:5.11.4]
	at org.junit.jupiter.engine.descriptor.ClassBasedTestDescriptor.lambda$invokeTestInstancePostProcessors$12(ClassBasedTestDescriptor.java:378) ~[junit-jupiter-engine-5.11.4.jar:5.11.4]
	at java.base/java.util.stream.ForEachOps$ForEachOp$OfRef.accept(ForEachOps.java:184) ~[na:na]
	at java.base/java.util.stream.ReferencePipeline$3$1.accept(ReferencePipeline.java:215) ~[na:na]
	at java.base/java.util.stream.ReferencePipeline$2$1.accept(ReferencePipeline.java:197) ~[na:na]
	at java.base/java.util.stream.ReferencePipeline$3$1.accept(ReferencePipeline.java:215) ~[na:na]
	at java.base/java.util.ArrayList$ArrayListSpliterator.forEachRemaining(ArrayList.java:1709) ~[na:na]
	at java.base/java.util.stream.AbstractPipeline.copyInto(AbstractPipeline.java:570) ~[na:na]
	at java.base/java.util.stream.AbstractPipeline.wrapAndCopyInto(AbstractPipeline.java:560) ~[na:na]
	at java.base/java.util.stream.ForEachOps$ForEachOp.evaluateSequential(ForEachOps.java:151) ~[na:na]
	at java.base/java.util.stream.ForEachOps$ForEachOp$OfRef.evaluateSequential(ForEachOps.java:174) ~[na:na]
	at java.base/java.util.stream.AbstractPipeline.evaluate(AbstractPipeline.java:265) ~[na:na]
	at java.base/java.util.stream.ReferencePipeline.forEach(ReferencePipeline.java:636) ~[na:na]
	at org.junit.jupiter.engine.descriptor.ClassBasedTestDescriptor.invokeTestInstancePostProcessors(ClassBasedTestDescriptor.java:377) ~[junit-jupiter-engine-5.11.4.jar:5.11.4]
	at org.junit.jupiter.engine.descriptor.ClassBasedTestDescriptor.lambda$instantiateAndPostProcessTestInstance$7(ClassBasedTestDescriptor.java:290) ~[junit-jupiter-engine-5.11.4.jar:5.11.4]
	at org.junit.platform.engine.support.hierarchical.ThrowableCollector.execute(ThrowableCollector.java:73) ~[junit-platform-engine-1.11.4.jar:1.11.4]
	at org.junit.jupiter.engine.descriptor.ClassBasedTestDescriptor.instantiateAndPostProcessTestInstance(ClassBasedTestDescriptor.java:289) ~[junit-jupiter-engine-5.11.4.jar:5.11.4]
	at org.junit.jupiter.engine.descriptor.ClassBasedTestDescriptor.lambda$testInstancesProvider$5(ClassBasedTestDescriptor.java:279) ~[junit-jupiter-engine-5.11.4.jar:5.11.4]
	at java.base/java.util.Optional.orElseGet(Optional.java:364) ~[na:na]
	at org.junit.jupiter.engine.descriptor.ClassBasedTestDescriptor.lambda$testInstancesProvider$6(ClassBasedTestDescriptor.java:278) ~[junit-jupiter-engine-5.11.4.jar:5.11.4]
	at org.junit.jupiter.engine.execution.TestInstancesProvider.getTestInstances(TestInstancesProvider.java:31) ~[junit-jupiter-engine-5.11.4.jar:5.11.4]
	at org.junit.jupiter.engine.descriptor.ClassBasedTestDescriptor.lambda$before$3(ClassBasedTestDescriptor.java:204) ~[junit-jupiter-engine-5.11.4.jar:5.11.4]
	at org.junit.platform.engine.support.hierarchical.ThrowableCollector.execute(ThrowableCollector.java:73) ~[junit-platform-engine-1.11.4.jar:1.11.4]
	at org.junit.jupiter.engine.descriptor.ClassBasedTestDescriptor.before(ClassBasedTestDescriptor.java:203) ~[junit-jupiter-engine-5.11.4.jar:5.11.4]
	at org.junit.jupiter.engine.descriptor.ClassBasedTestDescriptor.before(ClassBasedTestDescriptor.java:85) ~[junit-jupiter-engine-5.11.4.jar:5.11.4]
	at org.junit.platform.engine.support.hierarchical.NodeTestTask.lambda$executeRecursively$6(NodeTestTask.java:153) ~[junit-platform-engine-1.11.4.jar:1.11.4]
	at org.junit.platform.engine.support.hierarchical.ThrowableCollector.execute(ThrowableCollector.java:73) ~[junit-platform-engine-1.11.4.jar:1.11.4]
	at org.junit.platform.engine.support.hierarchical.NodeTestTask.lambda$executeRecursively$8(NodeTestTask.java:146) ~[junit-platform-engine-1.11.4.jar:1.11.4]
	at org.junit.platform.engine.support.hierarchical.Node.around(Node.java:137) ~[junit-platform-engine-1.11.4.jar:1.11.4]
	at org.junit.platform.engine.support.hierarchical.NodeTestTask.lambda$executeRecursively$9(NodeTestTask.java:144) ~[junit-platform-engine-1.11.4.jar:1.11.4]
	at org.junit.platform.engine.support.hierarchical.ThrowableCollector.execute(ThrowableCollector.java:73) ~[junit-platform-engine-1.11.4.jar:1.11.4]
	at org.junit.platform.engine.support.hierarchical.NodeTestTask.executeRecursively(NodeTestTask.java:143) ~[junit-platform-engine-1.11.4.jar:1.11.4]
	at org.junit.platform.engine.support.hierarchical.NodeTestTask.execute(NodeTestTask.java:100) ~[junit-platform-engine-1.11.4.jar:1.11.4]
	at java.base/java.util.ArrayList.forEach(ArrayList.java:1597) ~[na:na]
	at org.junit.platform.engine.support.hierarchical.SameThreadHierarchicalTestExecutorService.invokeAll(SameThreadHierarchicalTestExecutorService.java:41) ~[junit-platform-engine-1.11.4.jar:1.11.4]
	at org.junit.platform.engine.support.hierarchical.NodeTestTask.lambda$executeRecursively$6(NodeTestTask.java:160) ~[junit-platform-engine-1.11.4.jar:1.11.4]
	at org.junit.platform.engine.support.hierarchical.ThrowableCollector.execute(ThrowableCollector.java:73) ~[junit-platform-engine-1.11.4.jar:1.11.4]
	at org.junit.platform.engine.support.hierarchical.NodeTestTask.lambda$executeRecursively$8(NodeTestTask.java:146) ~[junit-platform-engine-1.11.4.jar:1.11.4]
	at org.junit.platform.engine.support.hierarchical.Node.around(Node.java:137) ~[junit-platform-engine-1.11.4.jar:1.11.4]
	at org.junit.platform.engine.support.hierarchical.NodeTestTask.lambda$executeRecursively$9(NodeTestTask.java:144) ~[junit-platform-engine-1.11.4.jar:1.11.4]
	at org.junit.platform.engine.support.hierarchical.ThrowableCollector.execute(ThrowableCollector.java:73) ~[junit-platform-engine-1.11.4.jar:1.11.4]
	at org.junit.platform.engine.support.hierarchical.NodeTestTask.executeRecursively(NodeTestTask.java:143) ~[junit-platform-engine-1.11.4.jar:1.11.4]
	at org.junit.platform.engine.support.hierarchical.NodeTestTask.execute(NodeTestTask.java:100) ~[junit-platform-engine-1.11.4.jar:1.11.4]
	at org.junit.platform.engine.support.hierarchical.SameThreadHierarchicalTestExecutorService.submit(SameThreadHierarchicalTestExecutorService.java:35) ~[junit-platform-engine-1.11.4.jar:1.11.4]
	at org.junit.platform.engine.support.hierarchical.HierarchicalTestExecutor.execute(HierarchicalTestExecutor.java:57) ~[junit-platform-engine-1.11.4.jar:1.11.4]
	at org.junit.platform.engine.support.hierarchical.HierarchicalTestEngine.execute(HierarchicalTestEngine.java:54) ~[junit-platform-engine-1.11.4.jar:1.11.4]
	at org.junit.platform.launcher.core.EngineExecutionOrchestrator.execute(EngineExecutionOrchestrator.java:198) ~[junit-platform-launcher-1.11.4.jar:1.11.4]
	at org.junit.platform.launcher.core.EngineExecutionOrchestrator.execute(EngineExecutionOrchestrator.java:169) ~[junit-platform-launcher-1.11.4.jar:1.11.4]
	at org.junit.platform.launcher.core.EngineExecutionOrchestrator.execute(EngineExecutionOrchestrator.java:93) ~[junit-platform-launcher-1.11.4.jar:1.11.4]
	at org.junit.platform.launcher.core.EngineExecutionOrchestrator.lambda$execute$0(EngineExecutionOrchestrator.java:58) ~[junit-platform-launcher-1.11.4.jar:1.11.4]
	at org.junit.platform.launcher.core.EngineExecutionOrchestrator.withInterceptedStreams(EngineExecutionOrchestrator.java:141) ~[junit-platform-launcher-1.11.4.jar:1.11.4]
	at org.junit.platform.launcher.core.EngineExecutionOrchestrator.execute(EngineExecutionOrchestrator.java:57) ~[junit-platform-launcher-1.11.4.jar:1.11.4]
	at org.junit.platform.launcher.core.DefaultLauncher.execute(DefaultLauncher.java:103) ~[junit-platform-launcher-1.11.4.jar:1.11.4]
	at org.junit.platform.launcher.core.DefaultLauncher.execute(DefaultLauncher.java:85) ~[junit-platform-launcher-1.11.4.jar:1.11.4]
	at org.junit.platform.launcher.core.DelegatingLauncher.execute(DelegatingLauncher.java:47) ~[junit-platform-launcher-1.11.4.jar:1.11.4]
	at org.junit.platform.launcher.core.SessionPerRequestLauncher.execute(SessionPerRequestLauncher.java:63) ~[junit-platform-launcher-1.11.4.jar:1.11.4]
	at com.intellij.junit5.JUnit5IdeaTestRunner.startRunnerWithArgs(JUnit5IdeaTestRunner.java:57) ~[junit5-rt.jar:na]
	at com.intellij.rt.junit.IdeaTestRunner$Repeater$1.execute(IdeaTestRunner.java:38) ~[junit-rt.jar:na]
	at com.intellij.rt.execution.junit.TestsRepeater.repeat(TestsRepeater.java:11) ~[idea_rt.jar:na]
	at com.intellij.rt.junit.IdeaTestRunner$Repeater.startRunnerWithArgs(IdeaTestRunner.java:35) ~[junit-rt.jar:na]
	at com.intellij.rt.junit.JUnitStarter.prepareStreamsAndStart(JUnitStarter.java:232) ~[junit-rt.jar:na]
	at com.intellij.rt.junit.JUnitStarter.main(JUnitStarter.java:55) ~[junit-rt.jar:na]

2025-06-29T13:51:56.260+03:00 ERROR 15320 --- [marketplace] [main] com.SEGroup.UI.InitFileRunner            : [InitRunner] ❌ Failed to appoint 'u4@example.com' as manager: Database is currently unavailable. Unable to perform operation: updateUser. Please try again later.
2025-06-29T13:51:56.261+03:00 ERROR 15320 --- [marketplace] [main] com.SEGroup.UI.InitFileRunner            : [InitRunner] ❌ Step 12/15 failed (useCase: appoint-manager): Bootstrap step 'appoint-manager' failed: Database is currently unavailable. Unable to perform operation: updateUser. Please try again later.
2025-06-29T13:51:56.261+03:00 ERROR 15320 --- [marketplace] [main] com.SEGroup.UI.InitFileRunner            : [InitRunner] Current tokens available: [u2@example.com]
2025-06-29T13:51:56.261+03:00 ERROR 15320 --- [marketplace] [main] com.SEGroup.UI.InitFileRunner            : [InitRunner] ❌ bootstrap replay failed: Bootstrap step 'appoint-manager' failed: Database is currently unavailable. Unable to perform operation: updateUser. Please try again later.

java.lang.IllegalStateException: Bootstrap step 'appoint-manager' failed: Database is currently unavailable. Unable to perform operation: updateUser. Please try again later.
	at com.SEGroup.UI.InitFileRunner.failIfNeeded(InitFileRunner.java:362) ~[classes/:na]
	at com.SEGroup.UI.InitFileRunner.replay(InitFileRunner.java:294) ~[classes/:na]
	at com.SEGroup.UI.InitFileRunner.replayFile(InitFileRunner.java:324) ~[classes/:na]
	at com.SEGroup.UI.ServiceLocator.applyBootstrapJson(ServiceLocator.java:94) ~[classes/:na]
	at com.SEGroup.UI.ServiceLocator.initialize(ServiceLocator.java:83) ~[classes/:na]
	at com.SEGroup.UI.UnifiedDataSeeder.onApplicationEvent(UnifiedDataSeeder.java:622) ~[classes/:na]
	at com.SEGroup.UI.UnifiedDataSeeder.onApplicationEvent(UnifiedDataSeeder.java:37) ~[classes/:na]
	at org.springframework.context.event.SimpleApplicationEventMulticaster.doInvokeListener(SimpleApplicationEventMulticaster.java:185) ~[spring-context-6.2.5.jar:6.2.5]
	at org.springframework.context.event.SimpleApplicationEventMulticaster.invokeListener(SimpleApplicationEventMulticaster.java:178) ~[spring-context-6.2.5.jar:6.2.5]
	at org.springframework.context.event.SimpleApplicationEventMulticaster.multicastEvent(SimpleApplicationEventMulticaster.java:156) ~[spring-context-6.2.5.jar:6.2.5]
	at org.springframework.context.support.AbstractApplicationContext.publishEvent(AbstractApplicationContext.java:454) ~[spring-context-6.2.5.jar:6.2.5]
	at org.springframework.context.support.AbstractApplicationContext.publishEvent(AbstractApplicationContext.java:387) ~[spring-context-6.2.5.jar:6.2.5]
	at org.springframework.boot.context.event.EventPublishingRunListener.ready(EventPublishingRunListener.java:109) ~[spring-boot-3.4.4.jar:3.4.4]
	at org.springframework.boot.SpringApplicationRunListeners.lambda$ready$6(SpringApplicationRunListeners.java:80) ~[spring-boot-3.4.4.jar:3.4.4]
	at java.base/java.lang.Iterable.forEach(Iterable.java:75) ~[na:na]
	at org.springframework.boot.SpringApplicationRunListeners.doWithListeners(SpringApplicationRunListeners.java:118) ~[spring-boot-3.4.4.jar:3.4.4]
	at org.springframework.boot.SpringApplicationRunListeners.doWithListeners(SpringApplicationRunListeners.java:112) ~[spring-boot-3.4.4.jar:3.4.4]
	at org.springframework.boot.SpringApplicationRunListeners.ready(SpringApplicationRunListeners.java:80) ~[spring-boot-3.4.4.jar:3.4.4]
	at org.springframework.boot.SpringApplication.run(SpringApplication.java:332) ~[spring-boot-3.4.4.jar:3.4.4]
	at org.springframework.boot.test.context.SpringBootContextLoader.lambda$loadContext$3(SpringBootContextLoader.java:144) ~[spring-boot-test-3.4.4.jar:3.4.4]
	at org.springframework.util.function.ThrowingSupplier.get(ThrowingSupplier.java:58) ~[spring-core-6.2.5.jar:6.2.5]
	at org.springframework.util.function.ThrowingSupplier.get(ThrowingSupplier.java:46) ~[spring-core-6.2.5.jar:6.2.5]
	at org.springframework.boot.SpringApplication.withHook(SpringApplication.java:1461) ~[spring-boot-3.4.4.jar:3.4.4]
	at org.springframework.boot.test.context.SpringBootContextLoader$ContextLoaderHook.run(SpringBootContextLoader.java:563) ~[spring-boot-test-3.4.4.jar:3.4.4]
	at org.springframework.boot.test.context.SpringBootContextLoader.loadContext(SpringBootContextLoader.java:144) ~[spring-boot-test-3.4.4.jar:3.4.4]
	at org.springframework.boot.test.context.SpringBootContextLoader.loadContext(SpringBootContextLoader.java:110) ~[spring-boot-test-3.4.4.jar:3.4.4]
	at org.springframework.test.context.cache.DefaultCacheAwareContextLoaderDelegate.loadContextInternal(DefaultCacheAwareContextLoaderDelegate.java:225) ~[spring-test-6.2.5.jar:6.2.5]
	at org.springframework.test.context.cache.DefaultCacheAwareContextLoaderDelegate.loadContext(DefaultCacheAwareContextLoaderDelegate.java:152) ~[spring-test-6.2.5.jar:6.2.5]
	at org.springframework.test.context.support.DefaultTestContext.getApplicationContext(DefaultTestContext.java:130) ~[spring-test-6.2.5.jar:6.2.5]
	at org.springframework.test.context.web.ServletTestExecutionListener.setUpRequestContextIfNecessary(ServletTestExecutionListener.java:200) ~[spring-test-6.2.5.jar:6.2.5]
	at org.springframework.test.context.web.ServletTestExecutionListener.prepareTestInstance(ServletTestExecutionListener.java:139) ~[spring-test-6.2.5.jar:6.2.5]
	at org.springframework.test.context.TestContextManager.prepareTestInstance(TestContextManager.java:260) ~[spring-test-6.2.5.jar:6.2.5]
	at org.springframework.test.context.junit.jupiter.SpringExtension.postProcessTestInstance(SpringExtension.java:160) ~[spring-test-6.2.5.jar:6.2.5]
	at org.junit.jupiter.engine.descriptor.ClassBasedTestDescriptor.lambda$invokeTestInstancePostProcessors$11(ClassBasedTestDescriptor.java:378) ~[junit-jupiter-engine-5.11.4.jar:5.11.4]
	at org.junit.jupiter.engine.descriptor.ClassBasedTestDescriptor.executeAndMaskThrowable(ClassBasedTestDescriptor.java:383) ~[junit-jupiter-engine-5.11.4.jar:5.11.4]
	at org.junit.jupiter.engine.descriptor.ClassBasedTestDescriptor.lambda$invokeTestInstancePostProcessors$12(ClassBasedTestDescriptor.java:378) ~[junit-jupiter-engine-5.11.4.jar:5.11.4]
	at java.base/java.util.stream.ForEachOps$ForEachOp$OfRef.accept(ForEachOps.java:184) ~[na:na]
	at java.base/java.util.stream.ReferencePipeline$3$1.accept(ReferencePipeline.java:215) ~[na:na]
	at java.base/java.util.stream.ReferencePipeline$2$1.accept(ReferencePipeline.java:197) ~[na:na]
	at java.base/java.util.stream.ReferencePipeline$3$1.accept(ReferencePipeline.java:215) ~[na:na]
	at java.base/java.util.ArrayList$ArrayListSpliterator.forEachRemaining(ArrayList.java:1709) ~[na:na]
	at java.base/java.util.stream.AbstractPipeline.copyInto(AbstractPipeline.java:570) ~[na:na]
	at java.base/java.util.stream.AbstractPipeline.wrapAndCopyInto(AbstractPipeline.java:560) ~[na:na]
	at java.base/java.util.stream.ForEachOps$ForEachOp.evaluateSequential(ForEachOps.java:151) ~[na:na]
	at java.base/java.util.stream.ForEachOps$ForEachOp$OfRef.evaluateSequential(ForEachOps.java:174) ~[na:na]
	at java.base/java.util.stream.AbstractPipeline.evaluate(AbstractPipeline.java:265) ~[na:na]
	at java.base/java.util.stream.ReferencePipeline.forEach(ReferencePipeline.java:636) ~[na:na]
	at org.junit.jupiter.engine.descriptor.ClassBasedTestDescriptor.invokeTestInstancePostProcessors(ClassBasedTestDescriptor.java:377) ~[junit-jupiter-engine-5.11.4.jar:5.11.4]
	at org.junit.jupiter.engine.descriptor.ClassBasedTestDescriptor.lambda$instantiateAndPostProcessTestInstance$7(ClassBasedTestDescriptor.java:290) ~[junit-jupiter-engine-5.11.4.jar:5.11.4]
	at org.junit.platform.engine.support.hierarchical.ThrowableCollector.execute(ThrowableCollector.java:73) ~[junit-platform-engine-1.11.4.jar:1.11.4]
	at org.junit.jupiter.engine.descriptor.ClassBasedTestDescriptor.instantiateAndPostProcessTestInstance(ClassBasedTestDescriptor.java:289) ~[junit-jupiter-engine-5.11.4.jar:5.11.4]
	at org.junit.jupiter.engine.descriptor.ClassBasedTestDescriptor.lambda$testInstancesProvider$5(ClassBasedTestDescriptor.java:279) ~[junit-jupiter-engine-5.11.4.jar:5.11.4]
	at java.base/java.util.Optional.orElseGet(Optional.java:364) ~[na:na]
	at org.junit.jupiter.engine.descriptor.ClassBasedTestDescriptor.lambda$testInstancesProvider$6(ClassBasedTestDescriptor.java:278) ~[junit-jupiter-engine-5.11.4.jar:5.11.4]
	at org.junit.jupiter.engine.execution.TestInstancesProvider.getTestInstances(TestInstancesProvider.java:31) ~[junit-jupiter-engine-5.11.4.jar:5.11.4]
	at org.junit.jupiter.engine.descriptor.ClassBasedTestDescriptor.lambda$before$3(ClassBasedTestDescriptor.java:204) ~[junit-jupiter-engine-5.11.4.jar:5.11.4]
	at org.junit.platform.engine.support.hierarchical.ThrowableCollector.execute(ThrowableCollector.java:73) ~[junit-platform-engine-1.11.4.jar:1.11.4]
	at org.junit.jupiter.engine.descriptor.ClassBasedTestDescriptor.before(ClassBasedTestDescriptor.java:203) ~[junit-jupiter-engine-5.11.4.jar:5.11.4]
	at org.junit.jupiter.engine.descriptor.ClassBasedTestDescriptor.before(ClassBasedTestDescriptor.java:85) ~[junit-jupiter-engine-5.11.4.jar:5.11.4]
	at org.junit.platform.engine.support.hierarchical.NodeTestTask.lambda$executeRecursively$6(NodeTestTask.java:153) ~[junit-platform-engine-1.11.4.jar:1.11.4]
	at org.junit.platform.engine.support.hierarchical.ThrowableCollector.execute(ThrowableCollector.java:73) ~[junit-platform-engine-1.11.4.jar:1.11.4]
	at org.junit.platform.engine.support.hierarchical.NodeTestTask.lambda$executeRecursively$8(NodeTestTask.java:146) ~[junit-platform-engine-1.11.4.jar:1.11.4]
	at org.junit.platform.engine.support.hierarchical.Node.around(Node.java:137) ~[junit-platform-engine-1.11.4.jar:1.11.4]
	at org.junit.platform.engine.support.hierarchical.NodeTestTask.lambda$executeRecursively$9(NodeTestTask.java:144) ~[junit-platform-engine-1.11.4.jar:1.11.4]
	at org.junit.platform.engine.support.hierarchical.ThrowableCollector.execute(ThrowableCollector.java:73) ~[junit-platform-engine-1.11.4.jar:1.11.4]
	at org.junit.platform.engine.support.hierarchical.NodeTestTask.executeRecursively(NodeTestTask.java:143) ~[junit-platform-engine-1.11.4.jar:1.11.4]
	at org.junit.platform.engine.support.hierarchical.NodeTestTask.execute(NodeTestTask.java:100) ~[junit-platform-engine-1.11.4.jar:1.11.4]
	at java.base/java.util.ArrayList.forEach(ArrayList.java:1597) ~[na:na]
	at org.junit.platform.engine.support.hierarchical.SameThreadHierarchicalTestExecutorService.invokeAll(SameThreadHierarchicalTestExecutorService.java:41) ~[junit-platform-engine-1.11.4.jar:1.11.4]
	at org.junit.platform.engine.support.hierarchical.NodeTestTask.lambda$executeRecursively$6(NodeTestTask.java:160) ~[junit-platform-engine-1.11.4.jar:1.11.4]
	at org.junit.platform.engine.support.hierarchical.ThrowableCollector.execute(ThrowableCollector.java:73) ~[junit-platform-engine-1.11.4.jar:1.11.4]
	at org.junit.platform.engine.support.hierarchical.NodeTestTask.lambda$executeRecursively$8(NodeTestTask.java:146) ~[junit-platform-engine-1.11.4.jar:1.11.4]
	at org.junit.platform.engine.support.hierarchical.Node.around(Node.java:137) ~[junit-platform-engine-1.11.4.jar:1.11.4]
	at org.junit.platform.engine.support.hierarchical.NodeTestTask.lambda$executeRecursively$9(NodeTestTask.java:144) ~[junit-platform-engine-1.11.4.jar:1.11.4]
	at org.junit.platform.engine.support.hierarchical.ThrowableCollector.execute(ThrowableCollector.java:73) ~[junit-platform-engine-1.11.4.jar:1.11.4]
	at org.junit.platform.engine.support.hierarchical.NodeTestTask.executeRecursively(NodeTestTask.java:143) ~[junit-platform-engine-1.11.4.jar:1.11.4]
	at org.junit.platform.engine.support.hierarchical.NodeTestTask.execute(NodeTestTask.java:100) ~[junit-platform-engine-1.11.4.jar:1.11.4]
	at org.junit.platform.engine.support.hierarchical.SameThreadHierarchicalTestExecutorService.submit(SameThreadHierarchicalTestExecutorService.java:35) ~[junit-platform-engine-1.11.4.jar:1.11.4]
	at org.junit.platform.engine.support.hierarchical.HierarchicalTestExecutor.execute(HierarchicalTestExecutor.java:57) ~[junit-platform-engine-1.11.4.jar:1.11.4]
	at org.junit.platform.engine.support.hierarchical.HierarchicalTestEngine.execute(HierarchicalTestEngine.java:54) ~[junit-platform-engine-1.11.4.jar:1.11.4]
	at org.junit.platform.launcher.core.EngineExecutionOrchestrator.execute(EngineExecutionOrchestrator.java:198) ~[junit-platform-launcher-1.11.4.jar:1.11.4]
	at org.junit.platform.launcher.core.EngineExecutionOrchestrator.execute(EngineExecutionOrchestrator.java:169) ~[junit-platform-launcher-1.11.4.jar:1.11.4]
	at org.junit.platform.launcher.core.EngineExecutionOrchestrator.execute(EngineExecutionOrchestrator.java:93) ~[junit-platform-launcher-1.11.4.jar:1.11.4]
	at org.junit.platform.launcher.core.EngineExecutionOrchestrator.lambda$execute$0(EngineExecutionOrchestrator.java:58) ~[junit-platform-launcher-1.11.4.jar:1.11.4]
	at org.junit.platform.launcher.core.EngineExecutionOrchestrator.withInterceptedStreams(EngineExecutionOrchestrator.java:141) ~[junit-platform-launcher-1.11.4.jar:1.11.4]
	at org.junit.platform.launcher.core.EngineExecutionOrchestrator.execute(EngineExecutionOrchestrator.java:57) ~[junit-platform-launcher-1.11.4.jar:1.11.4]
	at org.junit.platform.launcher.core.DefaultLauncher.execute(DefaultLauncher.java:103) ~[junit-platform-launcher-1.11.4.jar:1.11.4]
	at org.junit.platform.launcher.core.DefaultLauncher.execute(DefaultLauncher.java:85) ~[junit-platform-launcher-1.11.4.jar:1.11.4]
	at org.junit.platform.launcher.core.DelegatingLauncher.execute(DelegatingLauncher.java:47) ~[junit-platform-launcher-1.11.4.jar:1.11.4]
	at org.junit.platform.launcher.core.SessionPerRequestLauncher.execute(SessionPerRequestLauncher.java:63) ~[junit-platform-launcher-1.11.4.jar:1.11.4]
	at com.intellij.junit5.JUnit5IdeaTestRunner.startRunnerWithArgs(JUnit5IdeaTestRunner.java:57) ~[junit5-rt.jar:na]
	at com.intellij.rt.junit.IdeaTestRunner$Repeater$1.execute(IdeaTestRunner.java:38) ~[junit-rt.jar:na]
	at com.intellij.rt.execution.junit.TestsRepeater.repeat(TestsRepeater.java:11) ~[idea_rt.jar:na]
	at com.intellij.rt.junit.IdeaTestRunner$Repeater.startRunnerWithArgs(IdeaTestRunner.java:35) ~[junit-rt.jar:na]
	at com.intellij.rt.junit.JUnitStarter.prepareStreamsAndStart(JUnitStarter.java:232) ~[junit-rt.jar:na]
	at com.intellij.rt.junit.JUnitStarter.main(JUnitStarter.java:55) ~[junit-rt.jar:na]

2025-06-29T13:51:56.266+03:00 ERROR 15320 --- [marketplace] [main] com.SEGroup.Service.LoggerWrapper        : Bootstrap replay failed

java.lang.RuntimeException: Bootstrap replay failed
	at com.SEGroup.UI.InitFileRunner.replayFile(InitFileRunner.java:328) ~[classes/:na]
	at com.SEGroup.UI.ServiceLocator.applyBootstrapJson(ServiceLocator.java:94) ~[classes/:na]
	at com.SEGroup.UI.ServiceLocator.initialize(ServiceLocator.java:83) ~[classes/:na]
	at com.SEGroup.UI.UnifiedDataSeeder.onApplicationEvent(UnifiedDataSeeder.java:622) ~[classes/:na]
	at com.SEGroup.UI.UnifiedDataSeeder.onApplicationEvent(UnifiedDataSeeder.java:37) ~[classes/:na]
	at org.springframework.context.event.SimpleApplicationEventMulticaster.doInvokeListener(SimpleApplicationEventMulticaster.java:185) ~[spring-context-6.2.5.jar:6.2.5]
	at org.springframework.context.event.SimpleApplicationEventMulticaster.invokeListener(SimpleApplicationEventMulticaster.java:178) ~[spring-context-6.2.5.jar:6.2.5]
	at org.springframework.context.event.SimpleApplicationEventMulticaster.multicastEvent(SimpleApplicationEventMulticaster.java:156) ~[spring-context-6.2.5.jar:6.2.5]
	at org.springframework.context.support.AbstractApplicationContext.publishEvent(AbstractApplicationContext.java:454) ~[spring-context-6.2.5.jar:6.2.5]
	at org.springframework.context.support.AbstractApplicationContext.publishEvent(AbstractApplicationContext.java:387) ~[spring-context-6.2.5.jar:6.2.5]
	at org.springframework.boot.context.event.EventPublishingRunListener.ready(EventPublishingRunListener.java:109) ~[spring-boot-3.4.4.jar:3.4.4]
	at org.springframework.boot.SpringApplicationRunListeners.lambda$ready$6(SpringApplicationRunListeners.java:80) ~[spring-boot-3.4.4.jar:3.4.4]
	at java.base/java.lang.Iterable.forEach(Iterable.java:75) ~[na:na]
	at org.springframework.boot.SpringApplicationRunListeners.doWithListeners(SpringApplicationRunListeners.java:118) ~[spring-boot-3.4.4.jar:3.4.4]
	at org.springframework.boot.SpringApplicationRunListeners.doWithListeners(SpringApplicationRunListeners.java:112) ~[spring-boot-3.4.4.jar:3.4.4]
	at org.springframework.boot.SpringApplicationRunListeners.ready(SpringApplicationRunListeners.java:80) ~[spring-boot-3.4.4.jar:3.4.4]
	at org.springframework.boot.SpringApplication.run(SpringApplication.java:332) ~[spring-boot-3.4.4.jar:3.4.4]
	at org.springframework.boot.test.context.SpringBootContextLoader.lambda$loadContext$3(SpringBootContextLoader.java:144) ~[spring-boot-test-3.4.4.jar:3.4.4]
	at org.springframework.util.function.ThrowingSupplier.get(ThrowingSupplier.java:58) ~[spring-core-6.2.5.jar:6.2.5]
	at org.springframework.util.function.ThrowingSupplier.get(ThrowingSupplier.java:46) ~[spring-core-6.2.5.jar:6.2.5]
	at org.springframework.boot.SpringApplication.withHook(SpringApplication.java:1461) ~[spring-boot-3.4.4.jar:3.4.4]
	at org.springframework.boot.test.context.SpringBootContextLoader$ContextLoaderHook.run(SpringBootContextLoader.java:563) ~[spring-boot-test-3.4.4.jar:3.4.4]
	at org.springframework.boot.test.context.SpringBootContextLoader.loadContext(SpringBootContextLoader.java:144) ~[spring-boot-test-3.4.4.jar:3.4.4]
	at org.springframework.boot.test.context.SpringBootContextLoader.loadContext(SpringBootContextLoader.java:110) ~[spring-boot-test-3.4.4.jar:3.4.4]
	at org.springframework.test.context.cache.DefaultCacheAwareContextLoaderDelegate.loadContextInternal(DefaultCacheAwareContextLoaderDelegate.java:225) ~[spring-test-6.2.5.jar:6.2.5]
	at org.springframework.test.context.cache.DefaultCacheAwareContextLoaderDelegate.loadContext(DefaultCacheAwareContextLoaderDelegate.java:152) ~[spring-test-6.2.5.jar:6.2.5]
	at org.springframework.test.context.support.DefaultTestContext.getApplicationContext(DefaultTestContext.java:130) ~[spring-test-6.2.5.jar:6.2.5]
	at org.springframework.test.context.web.ServletTestExecutionListener.setUpRequestContextIfNecessary(ServletTestExecutionListener.java:200) ~[spring-test-6.2.5.jar:6.2.5]
	at org.springframework.test.context.web.ServletTestExecutionListener.prepareTestInstance(ServletTestExecutionListener.java:139) ~[spring-test-6.2.5.jar:6.2.5]
	at org.springframework.test.context.TestContextManager.prepareTestInstance(TestContextManager.java:260) ~[spring-test-6.2.5.jar:6.2.5]
	at org.springframework.test.context.junit.jupiter.SpringExtension.postProcessTestInstance(SpringExtension.java:160) ~[spring-test-6.2.5.jar:6.2.5]
	at org.junit.jupiter.engine.descriptor.ClassBasedTestDescriptor.lambda$invokeTestInstancePostProcessors$11(ClassBasedTestDescriptor.java:378) ~[junit-jupiter-engine-5.11.4.jar:5.11.4]
	at org.junit.jupiter.engine.descriptor.ClassBasedTestDescriptor.executeAndMaskThrowable(ClassBasedTestDescriptor.java:383) ~[junit-jupiter-engine-5.11.4.jar:5.11.4]
	at org.junit.jupiter.engine.descriptor.ClassBasedTestDescriptor.lambda$invokeTestInstancePostProcessors$12(ClassBasedTestDescriptor.java:378) ~[junit-jupiter-engine-5.11.4.jar:5.11.4]
	at java.base/java.util.stream.ForEachOps$ForEachOp$OfRef.accept(ForEachOps.java:184) ~[na:na]
	at java.base/java.util.stream.ReferencePipeline$3$1.accept(ReferencePipeline.java:215) ~[na:na]
	at java.base/java.util.stream.ReferencePipeline$2$1.accept(ReferencePipeline.java:197) ~[na:na]
	at java.base/java.util.stream.ReferencePipeline$3$1.accept(ReferencePipeline.java:215) ~[na:na]
	at java.base/java.util.ArrayList$ArrayListSpliterator.forEachRemaining(ArrayList.java:1709) ~[na:na]
	at java.base/java.util.stream.AbstractPipeline.copyInto(AbstractPipeline.java:570) ~[na:na]
	at java.base/java.util.stream.AbstractPipeline.wrapAndCopyInto(AbstractPipeline.java:560) ~[na:na]
	at java.base/java.util.stream.ForEachOps$ForEachOp.evaluateSequential(ForEachOps.java:151) ~[na:na]
	at java.base/java.util.stream.ForEachOps$ForEachOp$OfRef.evaluateSequential(ForEachOps.java:174) ~[na:na]
	at java.base/java.util.stream.AbstractPipeline.evaluate(AbstractPipeline.java:265) ~[na:na]
	at java.base/java.util.stream.ReferencePipeline.forEach(ReferencePipeline.java:636) ~[na:na]
	at org.junit.jupiter.engine.descriptor.ClassBasedTestDescriptor.invokeTestInstancePostProcessors(ClassBasedTestDescriptor.java:377) ~[junit-jupiter-engine-5.11.4.jar:5.11.4]
	at org.junit.jupiter.engine.descriptor.ClassBasedTestDescriptor.lambda$instantiateAndPostProcessTestInstance$7(ClassBasedTestDescriptor.java:290) ~[junit-jupiter-engine-5.11.4.jar:5.11.4]
	at org.junit.platform.engine.support.hierarchical.ThrowableCollector.execute(ThrowableCollector.java:73) ~[junit-platform-engine-1.11.4.jar:1.11.4]
	at org.junit.jupiter.engine.descriptor.ClassBasedTestDescriptor.instantiateAndPostProcessTestInstance(ClassBasedTestDescriptor.java:289) ~[junit-jupiter-engine-5.11.4.jar:5.11.4]
	at org.junit.jupiter.engine.descriptor.ClassBasedTestDescriptor.lambda$testInstancesProvider$5(ClassBasedTestDescriptor.java:279) ~[junit-jupiter-engine-5.11.4.jar:5.11.4]
	at java.base/java.util.Optional.orElseGet(Optional.java:364) ~[na:na]
	at org.junit.jupiter.engine.descriptor.ClassBasedTestDescriptor.lambda$testInstancesProvider$6(ClassBasedTestDescriptor.java:278) ~[junit-jupiter-engine-5.11.4.jar:5.11.4]
	at org.junit.jupiter.engine.execution.TestInstancesProvider.getTestInstances(TestInstancesProvider.java:31) ~[junit-jupiter-engine-5.11.4.jar:5.11.4]
	at org.junit.jupiter.engine.descriptor.ClassBasedTestDescriptor.lambda$before$3(ClassBasedTestDescriptor.java:204) ~[junit-jupiter-engine-5.11.4.jar:5.11.4]
	at org.junit.platform.engine.support.hierarchical.ThrowableCollector.execute(ThrowableCollector.java:73) ~[junit-platform-engine-1.11.4.jar:1.11.4]
	at org.junit.jupiter.engine.descriptor.ClassBasedTestDescriptor.before(ClassBasedTestDescriptor.java:203) ~[junit-jupiter-engine-5.11.4.jar:5.11.4]
	at org.junit.jupiter.engine.descriptor.ClassBasedTestDescriptor.before(ClassBasedTestDescriptor.java:85) ~[junit-jupiter-engine-5.11.4.jar:5.11.4]
	at org.junit.platform.engine.support.hierarchical.NodeTestTask.lambda$executeRecursively$6(NodeTestTask.java:153) ~[junit-platform-engine-1.11.4.jar:1.11.4]
	at org.junit.platform.engine.support.hierarchical.ThrowableCollector.execute(ThrowableCollector.java:73) ~[junit-platform-engine-1.11.4.jar:1.11.4]
	at org.junit.platform.engine.support.hierarchical.NodeTestTask.lambda$executeRecursively$8(NodeTestTask.java:146) ~[junit-platform-engine-1.11.4.jar:1.11.4]
	at org.junit.platform.engine.support.hierarchical.Node.around(Node.java:137) ~[junit-platform-engine-1.11.4.jar:1.11.4]
	at org.junit.platform.engine.support.hierarchical.NodeTestTask.lambda$executeRecursively$9(NodeTestTask.java:144) ~[junit-platform-engine-1.11.4.jar:1.11.4]
	at org.junit.platform.engine.support.hierarchical.ThrowableCollector.execute(ThrowableCollector.java:73) ~[junit-platform-engine-1.11.4.jar:1.11.4]
	at org.junit.platform.engine.support.hierarchical.NodeTestTask.executeRecursively(NodeTestTask.java:143) ~[junit-platform-engine-1.11.4.jar:1.11.4]
	at org.junit.platform.engine.support.hierarchical.NodeTestTask.execute(NodeTestTask.java:100) ~[junit-platform-engine-1.11.4.jar:1.11.4]
	at java.base/java.util.ArrayList.forEach(ArrayList.java:1597) ~[na:na]
	at org.junit.platform.engine.support.hierarchical.SameThreadHierarchicalTestExecutorService.invokeAll(SameThreadHierarchicalTestExecutorService.java:41) ~[junit-platform-engine-1.11.4.jar:1.11.4]
	at org.junit.platform.engine.support.hierarchical.NodeTestTask.lambda$executeRecursively$6(NodeTestTask.java:160) ~[junit-platform-engine-1.11.4.jar:1.11.4]
	at org.junit.platform.engine.support.hierarchical.ThrowableCollector.execute(ThrowableCollector.java:73) ~[junit-platform-engine-1.11.4.jar:1.11.4]
	at org.junit.platform.engine.support.hierarchical.NodeTestTask.lambda$executeRecursively$8(NodeTestTask.java:146) ~[junit-platform-engine-1.11.4.jar:1.11.4]
	at org.junit.platform.engine.support.hierarchical.Node.around(Node.java:137) ~[junit-platform-engine-1.11.4.jar:1.11.4]
	at org.junit.platform.engine.support.hierarchical.NodeTestTask.lambda$executeRecursively$9(NodeTestTask.java:144) ~[junit-platform-engine-1.11.4.jar:1.11.4]
	at org.junit.platform.engine.support.hierarchical.ThrowableCollector.execute(ThrowableCollector.java:73) ~[junit-platform-engine-1.11.4.jar:1.11.4]
	at org.junit.platform.engine.support.hierarchical.NodeTestTask.executeRecursively(NodeTestTask.java:143) ~[junit-platform-engine-1.11.4.jar:1.11.4]
	at org.junit.platform.engine.support.hierarchical.NodeTestTask.execute(NodeTestTask.java:100) ~[junit-platform-engine-1.11.4.jar:1.11.4]
	at org.junit.platform.engine.support.hierarchical.SameThreadHierarchicalTestExecutorService.submit(SameThreadHierarchicalTestExecutorService.java:35) ~[junit-platform-engine-1.11.4.jar:1.11.4]
	at org.junit.platform.engine.support.hierarchical.HierarchicalTestExecutor.execute(HierarchicalTestExecutor.java:57) ~[junit-platform-engine-1.11.4.jar:1.11.4]
	at org.junit.platform.engine.support.hierarchical.HierarchicalTestEngine.execute(HierarchicalTestEngine.java:54) ~[junit-platform-engine-1.11.4.jar:1.11.4]
	at org.junit.platform.launcher.core.EngineExecutionOrchestrator.execute(EngineExecutionOrchestrator.java:198) ~[junit-platform-launcher-1.11.4.jar:1.11.4]
	at org.junit.platform.launcher.core.EngineExecutionOrchestrator.execute(EngineExecutionOrchestrator.java:169) ~[junit-platform-launcher-1.11.4.jar:1.11.4]
	at org.junit.platform.launcher.core.EngineExecutionOrchestrator.execute(EngineExecutionOrchestrator.java:93) ~[junit-platform-launcher-1.11.4.jar:1.11.4]
	at org.junit.platform.launcher.core.EngineExecutionOrchestrator.lambda$execute$0(EngineExecutionOrchestrator.java:58) ~[junit-platform-launcher-1.11.4.jar:1.11.4]
	at org.junit.platform.launcher.core.EngineExecutionOrchestrator.withInterceptedStreams(EngineExecutionOrchestrator.java:141) ~[junit-platform-launcher-1.11.4.jar:1.11.4]
	at org.junit.platform.launcher.core.EngineExecutionOrchestrator.execute(EngineExecutionOrchestrator.java:57) ~[junit-platform-launcher-1.11.4.jar:1.11.4]
	at org.junit.platform.launcher.core.DefaultLauncher.execute(DefaultLauncher.java:103) ~[junit-platform-launcher-1.11.4.jar:1.11.4]
	at org.junit.platform.launcher.core.DefaultLauncher.execute(DefaultLauncher.java:85) ~[junit-platform-launcher-1.11.4.jar:1.11.4]
	at org.junit.platform.launcher.core.DelegatingLauncher.execute(DelegatingLauncher.java:47) ~[junit-platform-launcher-1.11.4.jar:1.11.4]
	at org.junit.platform.launcher.core.SessionPerRequestLauncher.execute(SessionPerRequestLauncher.java:63) ~[junit-platform-launcher-1.11.4.jar:1.11.4]
	at com.intellij.junit5.JUnit5IdeaTestRunner.startRunnerWithArgs(JUnit5IdeaTestRunner.java:57) ~[junit5-rt.jar:na]
	at com.intellij.rt.junit.IdeaTestRunner$Repeater$1.execute(IdeaTestRunner.java:38) ~[junit-rt.jar:na]
	at com.intellij.rt.execution.junit.TestsRepeater.repeat(TestsRepeater.java:11) ~[idea_rt.jar:na]
	at com.intellij.rt.junit.IdeaTestRunner$Repeater.startRunnerWithArgs(IdeaTestRunner.java:35) ~[junit-rt.jar:na]
	at com.intellij.rt.junit.JUnitStarter.prepareStreamsAndStart(JUnitStarter.java:232) ~[junit-rt.jar:na]
	at com.intellij.rt.junit.JUnitStarter.main(JUnitStarter.java:55) ~[junit-rt.jar:na]
Caused by: java.lang.IllegalStateException: Bootstrap step 'appoint-manager' failed: Database is currently unavailable. Unable to perform operation: updateUser. Please try again later.
	at com.SEGroup.UI.InitFileRunner.failIfNeeded(InitFileRunner.java:362) ~[classes/:na]
	at com.SEGroup.UI.InitFileRunner.replay(InitFileRunner.java:294) ~[classes/:na]
	at com.SEGroup.UI.InitFileRunner.replayFile(InitFileRunner.java:324) ~[classes/:na]
	... 93 common frames omitted

2025-06-29T13:51:56.741+03:00  INFO 15320 --- [marketplace] [SpringApplicationShutdownHook] j.LocalContainerEntityManagerFactoryBean : Closing JPA EntityManagerFactory for persistence unit 'default'
2025-06-29T13:51:56.748+03:00  INFO 15320 --- [marketplace] [SpringApplicationShutdownHook] com.zaxxer.hikari.HikariDataSource       : HikariPool-1 - Shutdown initiated...
2025-06-29T13:51:56.757+03:00  INFO 15320 --- [marketplace] [SpringApplicationShutdownHook] com.zaxxer.hikari.HikariDataSource       : HikariPool-1 - Shutdown completed.
